solid ASCII
  facet normal 0.000000e+00 -0.000000e+00 1.000000e+00
    outer loop
      vertex   -3.900000e+01 -3.750000e+00 -1.200000e+01
      vertex   -3.900000e+01 3.750000e+00 -1.200000e+01
      vertex   -4.300000e+01 -3.750000e+00 -1.200000e+01
    endloop
  endfacet
  facet normal 0.000000e+00 0.000000e+00 1.000000e+00
    outer loop
      vertex   -4.300000e+01 -3.750000e+00 -1.200000e+01
      vertex   -3.900000e+01 3.750000e+00 -1.200000e+01
      vertex   -4.300000e+01 3.750000e+00 -1.200000e+01
    endloop
  endfacet
  facet normal 0.000000e+00 1.000000e+00 -4.440892e-16
    outer loop
      vertex   -3.900000e+01 3.750000e+00 -1.200000e+01
      vertex   -3.900000e+01 3.750000e+00 -2.000000e+01
      vertex   -4.300000e+01 3.750000e+00 -1.200000e+01
    endloop
  endfacet
  facet normal 0.000000e+00 1.000000e+00 -4.440892e-16
    outer loop
      vertex   -4.300000e+01 3.750000e+00 -1.200000e+01
      vertex   -3.900000e+01 3.750000e+00 -2.000000e+01
      vertex   -4.300000e+01 3.750000e+00 -2.000000e+01
    endloop
  endfacet
  facet normal -0.000000e+00 -1.000000e+00 -5.551115e-17
    outer loop
      vertex   -3.900000e+01 -3.750000e+00 -2.000000e+01
      vertex   -3.900000e+01 -3.750000e+00 -1.200000e+01
      vertex   -4.300000e+01 -3.750000e+00 -2.000000e+01
    endloop
  endfacet
  facet normal 0.000000e+00 -1.000000e+00 -5.551115e-17
    outer loop
      vertex   -4.300000e+01 -3.750000e+00 -2.000000e+01
      vertex   -3.900000e+01 -3.750000e+00 -1.200000e+01
      vertex   -4.300000e+01 -3.750000e+00 -1.200000e+01
    endloop
  endfacet
  facet normal -1.000000e+00 0.000000e+00 0.000000e+00
    outer loop
      vertex   -4.300000e+01 -3.750000e+00 -2.000000e+01
      vertex   -4.300000e+01 -3.750000e+00 -1.200000e+01
      vertex   -4.300000e+01 3.750000e+00 -2.000000e+01
    endloop
  endfacet
  facet normal -1.000000e+00 0.000000e+00 0.000000e+00
    outer loop
      vertex   -4.300000e+01 3.750000e+00 -2.000000e+01
      vertex   -4.300000e+01 -3.750000e+00 -1.200000e+01
      vertex   -4.300000e+01 3.750000e+00 -1.200000e+01
    endloop
  endfacet
  facet normal -1.967779e-01 -9.804481e-01 0.000000e+00
    outer loop
      vertex   9.444507e-01 1.370757e+01 -6.000000e+00
      vertex   9.444507e-01 1.370757e+01 0.000000e+00
      vertex   5.431047e-01 1.378812e+01 -6.000000e+00
    endloop
  endfacet
  facet normal -1.967779e-01 -9.804481e-01 -2.548786e-17
    outer loop
      vertex   5.431047e-01 1.378812e+01 -6.000000e+00
      vertex   9.444507e-01 1.370757e+01 0.000000e+00
      vertex   5.431047e-01 1.378812e+01 0.000000e+00
    endloop
  endfacet
  facet normal -2.763203e-01 -9.610656e-01 -3.579067e-17
    outer loop
      vertex   5.431047e-01 1.378812e+01 -6.000000e+00
      vertex   5.431047e-01 1.378812e+01 0.000000e+00
      vertex   1.496929e-01 1.390123e+01 -6.000000e+00
    endloop
  endfacet
  facet normal -2.763203e-01 -9.610656e-01 0.000000e+00
    outer loop
      vertex   1.496929e-01 1.390123e+01 -6.000000e+00
      vertex   5.431047e-01 1.378812e+01 0.000000e+00
      vertex   1.496929e-01 1.390123e+01 0.000000e+00
    endloop
  endfacet
  facet normal -3.540107e-01 -9.352414e-01 0.000000e+00
    outer loop
      vertex   1.496929e-01 1.390123e+01 -6.000000e+00
      vertex   1.496929e-01 1.390123e+01 0.000000e+00
      vertex   -2.331478e-01 1.404614e+01 -6.000000e+00
    endloop
  endfacet
  facet normal -3.540107e-01 -9.352414e-01 0.000000e+00
    outer loop
      vertex   -2.331478e-01 1.404614e+01 -6.000000e+00
      vertex   1.496929e-01 1.390123e+01 0.000000e+00
      vertex   -2.331478e-01 1.404614e+01 0.000000e+00
    endloop
  endfacet
  facet normal -4.293283e-01 -9.031485e-01 0.000000e+00
    outer loop
      vertex   -2.331478e-01 1.404614e+01 -6.000000e+00
      vertex   -2.331478e-01 1.404614e+01 0.000000e+00
      vertex   -6.028513e-01 1.422189e+01 -6.000000e+00
    endloop
  endfacet
  facet normal -4.293283e-01 -9.031485e-01 -1.588834e-17
    outer loop
      vertex   -6.028513e-01 1.422189e+01 -6.000000e+00
      vertex   -2.331478e-01 1.404614e+01 0.000000e+00
      vertex   -6.028513e-01 1.422189e+01 0.000000e+00
    endloop
  endfacet
  facet normal -5.017682e-01 -8.650021e-01 -1.856915e-17
    outer loop
      vertex   -6.028513e-01 1.422189e+01 -6.000000e+00
      vertex   -6.028513e-01 1.422189e+01 0.000000e+00
      vertex   -9.569396e-01 1.442729e+01 -6.000000e+00
    endloop
  endfacet
  facet normal -5.017682e-01 -8.650021e-01 0.000000e+00
    outer loop
      vertex   -9.569396e-01 1.442729e+01 -6.000000e+00
      vertex   -6.028513e-01 1.422189e+01 0.000000e+00
      vertex   -9.569396e-01 1.442729e+01 0.000000e+00
    endloop
  endfacet
  facet normal -5.708449e-01 -8.210579e-01 0.000000e+00
    outer loop
      vertex   -9.569396e-01 1.442729e+01 -6.000000e+00
      vertex   -9.569396e-01 1.442729e+01 0.000000e+00
      vertex   -1.293039e+00 1.466096e+01 -6.000000e+00
    endloop
  endfacet
  facet normal -5.708449e-01 -8.210579e-01 0.000000e+00
    outer loop
      vertex   -1.293039e+00 1.466096e+01 -6.000000e+00
      vertex   -9.569396e-01 1.442729e+01 0.000000e+00
      vertex   -1.293039e+00 1.466096e+01 0.000000e+00
    endloop
  endfacet
  facet normal -6.360954e-01 -7.716105e-01 0.000000e+00
    outer loop
      vertex   -1.293039e+00 1.466096e+01 -6.000000e+00
      vertex   -1.293039e+00 1.466096e+01 0.000000e+00
      vertex   -1.608898e+00 1.492135e+01 -6.000000e+00
    endloop
  endfacet
  facet normal -6.360954e-01 -7.716105e-01 0.000000e+00
    outer loop
      vertex   -1.608898e+00 1.492135e+01 -6.000000e+00
      vertex   -1.293039e+00 1.466096e+01 0.000000e+00
      vertex   -1.608898e+00 1.492135e+01 0.000000e+00
    endloop
  endfacet
  facet normal -6.970823e-01 -7.169911e-01 0.000000e+00
    outer loop
      vertex   -1.608898e+00 1.492135e+01 -6.000000e+00
      vertex   -1.608898e+00 1.492135e+01 0.000000e+00
      vertex   -1.902398e+00 1.520670e+01 -6.000000e+00
    endloop
  endfacet
  facet normal -6.970823e-01 -7.169911e-01 0.000000e+00
    outer loop
      vertex   -1.902398e+00 1.520670e+01 -6.000000e+00
      vertex   -1.608898e+00 1.492135e+01 0.000000e+00
      vertex   -1.902398e+00 1.520670e+01 0.000000e+00
    endloop
  endfacet
  facet normal -7.533970e-01 -6.575660e-01 0.000000e+00
    outer loop
      vertex   -1.902398e+00 1.520670e+01 -6.000000e+00
      vertex   -1.902398e+00 1.520670e+01 0.000000e+00
      vertex   -2.171572e+00 1.551510e+01 -6.000000e+00
    endloop
  endfacet
  facet normal -7.533970e-01 -6.575660e-01 0.000000e+00
    outer loop
      vertex   -2.171572e+00 1.551510e+01 -6.000000e+00
      vertex   -1.902398e+00 1.520670e+01 0.000000e+00
      vertex   -2.171572e+00 1.551510e+01 0.000000e+00
    endloop
  endfacet
  facet normal -8.046618e-01 -5.937334e-01 0.000000e+00
    outer loop
      vertex   -2.171572e+00 1.551510e+01 -6.000000e+00
      vertex   -2.171572e+00 1.551510e+01 0.000000e+00
      vertex   -2.414617e+00 1.584449e+01 -6.000000e+00
    endloop
  endfacet
  facet normal -8.046618e-01 -5.937334e-01 0.000000e+00
    outer loop
      vertex   -2.414617e+00 1.584449e+01 -6.000000e+00
      vertex   -2.171572e+00 1.551510e+01 0.000000e+00
      vertex   -2.414617e+00 1.584449e+01 0.000000e+00
    endloop
  endfacet
  facet normal -8.505333e-01 -5.259212e-01 0.000000e+00
    outer loop
      vertex   -2.414617e+00 1.584449e+01 -6.000000e+00
      vertex   -2.414617e+00 1.584449e+01 0.000000e+00
      vertex   -2.629902e+00 1.619266e+01 -6.000000e+00
    endloop
  endfacet
  facet normal -8.505333e-01 -5.259212e-01 0.000000e+00
    outer loop
      vertex   -2.629902e+00 1.619266e+01 -6.000000e+00
      vertex   -2.414617e+00 1.584449e+01 0.000000e+00
      vertex   -2.629902e+00 1.619266e+01 0.000000e+00
    endloop
  endfacet
  facet normal -8.907039e-01 -4.545839e-01 0.000000e+00
    outer loop
      vertex   -2.629902e+00 1.619266e+01 -6.000000e+00
      vertex   -2.629902e+00 1.619266e+01 0.000000e+00
      vertex   -2.815986e+00 1.655726e+01 -6.000000e+00
    endloop
  endfacet
  facet normal -8.907039e-01 -4.545839e-01 0.000000e+00
    outer loop
      vertex   -2.815986e+00 1.655726e+01 -6.000000e+00
      vertex   -2.629902e+00 1.619266e+01 0.000000e+00
      vertex   -2.815986e+00 1.655726e+01 0.000000e+00
    endloop
  endfacet
  facet normal -9.249044e-01 -3.801997e-01 0.000000e+00
    outer loop
      vertex   -2.815986e+00 1.655726e+01 -6.000000e+00
      vertex   -2.815986e+00 1.655726e+01 0.000000e+00
      vertex   -2.971621e+00 1.693587e+01 -6.000000e+00
    endloop
  endfacet
  facet normal -9.249044e-01 -3.801997e-01 0.000000e+00
    outer loop
      vertex   -2.971621e+00 1.693587e+01 -6.000000e+00
      vertex   -2.815986e+00 1.655726e+01 0.000000e+00
      vertex   -2.971621e+00 1.693587e+01 0.000000e+00
    endloop
  endfacet
  facet normal -9.396926e-01 -3.420201e-01 -0.000000e+00
    outer loop
      vertex   -2.971621e+00 1.693587e+01 0.000000e+00
      vertex   -5.325024e+00 2.340180e+01 0.000000e+00
      vertex   -2.971621e+00 1.693587e+01 -6.000000e+00
    endloop
  endfacet
  facet normal -9.396926e-01 -3.420201e-01 -1.767305e-17
    outer loop
      vertex   -2.971621e+00 1.693587e+01 -6.000000e+00
      vertex   -5.325024e+00 2.340180e+01 0.000000e+00
      vertex   -5.325024e+00 2.340180e+01 -6.000000e+00
    endloop
  endfacet
  facet normal 9.531827e-01 3.023949e-01 -0.000000e+00
    outer loop
      vertex   -9.478102e+00 1.726946e+01 -6.000000e+00
      vertex   -9.478102e+00 1.726946e+01 0.000000e+00
      vertex   -9.351551e+00 1.687056e+01 -6.000000e+00
    endloop
  endfacet
  facet normal 9.531827e-01 3.023949e-01 -0.000000e+00
    outer loop
      vertex   -9.351551e+00 1.687056e+01 -6.000000e+00
      vertex   -9.478102e+00 1.726946e+01 0.000000e+00
      vertex   -9.351551e+00 1.687056e+01 0.000000e+00
    endloop
  endfacet
  facet normal 9.751319e-01 2.216252e-01 -0.000000e+00
    outer loop
      vertex   -9.351551e+00 1.687056e+01 -6.000000e+00
      vertex   -9.351551e+00 1.687056e+01 0.000000e+00
      vertex   -9.258802e+00 1.646247e+01 -6.000000e+00
    endloop
  endfacet
  facet normal 9.751319e-01 2.216252e-01 -0.000000e+00
    outer loop
      vertex   -9.258802e+00 1.646247e+01 -6.000000e+00
      vertex   -9.351551e+00 1.687056e+01 0.000000e+00
      vertex   -9.258802e+00 1.646247e+01 0.000000e+00
    endloop
  endfacet
  facet normal 9.902498e-01 1.393029e-01 -0.000000e+00
    outer loop
      vertex   -9.258802e+00 1.646247e+01 -6.000000e+00
      vertex   -9.258802e+00 1.646247e+01 0.000000e+00
      vertex   -9.200505e+00 1.604805e+01 -6.000000e+00
    endloop
  endfacet
  facet normal 9.902498e-01 1.393029e-01 -0.000000e+00
    outer loop
      vertex   -9.200505e+00 1.604805e+01 -6.000000e+00
      vertex   -9.258802e+00 1.646247e+01 0.000000e+00
      vertex   -9.200505e+00 1.604805e+01 0.000000e+00
    endloop
  endfacet
  facet normal 9.984305e-01 5.600469e-02 -0.000000e+00
    outer loop
      vertex   -9.200505e+00 1.604805e+01 -6.000000e+00
      vertex   -9.200505e+00 1.604805e+01 0.000000e+00
      vertex   -9.177067e+00 1.563022e+01 -6.000000e+00
    endloop
  endfacet
  facet normal 9.984305e-01 5.600469e-02 -0.000000e+00
    outer loop
      vertex   -9.177067e+00 1.563022e+01 -6.000000e+00
      vertex   -9.200505e+00 1.604805e+01 0.000000e+00
      vertex   -9.177067e+00 1.563022e+01 0.000000e+00
    endloop
  endfacet
  facet normal 9.996167e-01 -2.768584e-02 0.000000e+00
    outer loop
      vertex   -9.177067e+00 1.563022e+01 -6.000000e+00
      vertex   -9.177067e+00 1.563022e+01 0.000000e+00
      vertex   -9.188654e+00 1.521188e+01 -6.000000e+00
    endloop
  endfacet
  facet normal 9.996167e-01 -2.768584e-02 0.000000e+00
    outer loop
      vertex   -9.188654e+00 1.521188e+01 -6.000000e+00
      vertex   -9.177067e+00 1.563022e+01 0.000000e+00
      vertex   -9.188654e+00 1.521188e+01 0.000000e+00
    endloop
  endfacet
  facet normal 9.938000e-01 -1.111824e-01 0.000000e+00
    outer loop
      vertex   -9.188654e+00 1.521188e+01 -6.000000e+00
      vertex   -9.188654e+00 1.521188e+01 0.000000e+00
      vertex   -9.235183e+00 1.479598e+01 -6.000000e+00
    endloop
  endfacet
  facet normal 9.938000e-01 -1.111824e-01 0.000000e+00
    outer loop
      vertex   -9.235183e+00 1.479598e+01 -6.000000e+00
      vertex   -9.188654e+00 1.521188e+01 0.000000e+00
      vertex   -9.235183e+00 1.479598e+01 0.000000e+00
    endloop
  endfacet
  facet normal 9.810213e-01 -1.939001e-01 0.000000e+00
    outer loop
      vertex   -9.235183e+00 1.479598e+01 -6.000000e+00
      vertex   -9.235183e+00 1.479598e+01 0.000000e+00
      vertex   -9.316329e+00 1.438543e+01 -6.000000e+00
    endloop
  endfacet
  facet normal 9.810213e-01 -1.939001e-01 0.000000e+00
    outer loop
      vertex   -9.316329e+00 1.438543e+01 -6.000000e+00
      vertex   -9.235183e+00 1.479598e+01 0.000000e+00
      vertex   -9.316329e+00 1.438543e+01 0.000000e+00
    endloop
  endfacet
  facet normal 9.613700e-01 -2.752594e-01 0.000000e+00
    outer loop
      vertex   -9.316329e+00 1.438543e+01 -6.000000e+00
      vertex   -9.316329e+00 1.438543e+01 0.000000e+00
      vertex   -9.431524e+00 1.398310e+01 -6.000000e+00
    endloop
  endfacet
  facet normal 9.613700e-01 -2.752594e-01 0.000000e+00
    outer loop
      vertex   -9.431524e+00 1.398310e+01 -6.000000e+00
      vertex   -9.316329e+00 1.438543e+01 0.000000e+00
      vertex   -9.431524e+00 1.398310e+01 0.000000e+00
    endloop
  endfacet
  facet normal 9.349838e-01 -3.546904e-01 0.000000e+00
    outer loop
      vertex   -9.431524e+00 1.398310e+01 -6.000000e+00
      vertex   -9.431524e+00 1.398310e+01 0.000000e+00
      vertex   -9.579960e+00 1.359182e+01 -6.000000e+00
    endloop
  endfacet
  facet normal 9.349838e-01 -3.546904e-01 0.000000e+00
    outer loop
      vertex   -9.579960e+00 1.359182e+01 -6.000000e+00
      vertex   -9.431524e+00 1.398310e+01 0.000000e+00
      vertex   -9.579960e+00 1.359182e+01 0.000000e+00
    endloop
  endfacet
  facet normal 9.020476e-01 -4.316366e-01 0.000000e+00
    outer loop
      vertex   -9.579960e+00 1.359182e+01 -6.000000e+00
      vertex   -9.579960e+00 1.359182e+01 0.000000e+00
      vertex   -9.760597e+00 1.321431e+01 -6.000000e+00
    endloop
  endfacet
  facet normal 9.020476e-01 -4.316366e-01 0.000000e+00
    outer loop
      vertex   -9.760597e+00 1.321431e+01 -6.000000e+00
      vertex   -9.579960e+00 1.359182e+01 0.000000e+00
      vertex   -9.760597e+00 1.321431e+01 0.000000e+00
    endloop
  endfacet
  facet normal 8.627921e-01 -5.055590e-01 0.000000e+00
    outer loop
      vertex   -9.760597e+00 1.321431e+01 -6.000000e+00
      vertex   -9.760597e+00 1.321431e+01 0.000000e+00
      vertex   -9.972171e+00 1.285324e+01 -6.000000e+00
    endloop
  endfacet
  facet normal 8.627921e-01 -5.055590e-01 0.000000e+00
    outer loop
      vertex   -9.972171e+00 1.285324e+01 -6.000000e+00
      vertex   -9.760597e+00 1.321431e+01 0.000000e+00
      vertex   -9.972171e+00 1.285324e+01 0.000000e+00
    endloop
  endfacet
  facet normal 8.174922e-01 -5.759396e-01 0.000000e+00
    outer loop
      vertex   -9.972171e+00 1.285324e+01 -6.000000e+00
      vertex   -9.972171e+00 1.285324e+01 0.000000e+00
      vertex   -1.021320e+01 1.251112e+01 -6.000000e+00
    endloop
  endfacet
  facet normal 8.174922e-01 -5.759396e-01 0.000000e+00
    outer loop
      vertex   -1.021320e+01 1.251112e+01 -6.000000e+00
      vertex   -9.972171e+00 1.285324e+01 0.000000e+00
      vertex   -1.021320e+01 1.251112e+01 0.000000e+00
    endloop
  endfacet
  facet normal 7.664655e-01 -6.422855e-01 0.000000e+00
    outer loop
      vertex   -1.021320e+01 1.251112e+01 -6.000000e+00
      vertex   -1.021320e+01 1.251112e+01 0.000000e+00
      vertex   -1.048199e+01 1.219036e+01 -6.000000e+00
    endloop
  endfacet
  facet normal 7.664655e-01 -6.422855e-01 -2.269194e-16
    outer loop
      vertex   -1.048199e+01 1.219036e+01 -6.000000e+00
      vertex   -1.021320e+01 1.251112e+01 0.000000e+00
      vertex   -1.048199e+01 1.219036e+01 0.000000e+00
    endloop
  endfacet
  facet normal 7.100692e-01 -7.041319e-01 -2.102227e-16
    outer loop
      vertex   -1.048199e+01 1.219036e+01 -6.000000e+00
      vertex   -1.048199e+01 1.219036e+01 0.000000e+00
      vertex   -1.077667e+01 1.189320e+01 -6.000000e+00
    endloop
  endfacet
  facet normal 7.100692e-01 -7.041319e-01 2.084649e-16
    outer loop
      vertex   -1.077667e+01 1.189320e+01 -6.000000e+00
      vertex   -1.048199e+01 1.219036e+01 0.000000e+00
      vertex   -1.077667e+01 1.189320e+01 0.000000e+00
    endloop
  endfacet
  facet normal 6.486985e-01 -7.610455e-01 2.253147e-16
    outer loop
      vertex   -1.077667e+01 1.189320e+01 -6.000000e+00
      vertex   -1.077667e+01 1.189320e+01 0.000000e+00
      vertex   -1.109516e+01 1.162173e+01 -6.000000e+00
    endloop
  endfacet
  facet normal 6.486985e-01 -7.610455e-01 -1.920533e-16
    outer loop
      vertex   -1.109516e+01 1.162173e+01 -6.000000e+00
      vertex   -1.077667e+01 1.189320e+01 0.000000e+00
      vertex   -1.109516e+01 1.162173e+01 0.000000e+00
    endloop
  endfacet
  facet normal 5.827834e-01 -8.126275e-01 -1.725386e-16
    outer loop
      vertex   -1.109516e+01 1.162173e+01 -6.000000e+00
      vertex   -1.109516e+01 1.162173e+01 0.000000e+00
      vertex   -1.143524e+01 1.137783e+01 -6.000000e+00
    endloop
  endfacet
  facet normal 5.827834e-01 -8.126275e-01 -3.450771e-16
    outer loop
      vertex   -1.143524e+01 1.137783e+01 -6.000000e+00
      vertex   -1.109516e+01 1.162173e+01 0.000000e+00
      vertex   -1.143524e+01 1.137783e+01 0.000000e+00
    endloop
  endfacet
  facet normal 5.127856e-01 -8.585167e-01 -3.036301e-16
    outer loop
      vertex   -1.143524e+01 1.137783e+01 -6.000000e+00
      vertex   -1.143524e+01 1.137783e+01 0.000000e+00
      vertex   -1.179453e+01 1.116324e+01 -6.000000e+00
    endloop
  endfacet
  facet normal 5.127856e-01 -8.585167e-01 0.000000e+00
    outer loop
      vertex   -1.179453e+01 1.116324e+01 -6.000000e+00
      vertex   -1.143524e+01 1.137783e+01 0.000000e+00
      vertex   -1.179453e+01 1.116324e+01 0.000000e+00
    endloop
  endfacet
  facet normal 4.391955e-01 -8.983915e-01 0.000000e+00
    outer loop
      vertex   -1.179453e+01 1.116324e+01 -6.000000e+00
      vertex   -1.179453e+01 1.116324e+01 0.000000e+00
      vertex   -1.217050e+01 1.097943e+01 -6.000000e+00
    endloop
  endfacet
  facet normal 4.391955e-01 -8.983915e-01 -2.659773e-16
    outer loop
      vertex   -1.217050e+01 1.097943e+01 -6.000000e+00
      vertex   -1.179453e+01 1.116324e+01 0.000000e+00
      vertex   -1.217050e+01 1.097943e+01 0.000000e+00
    endloop
  endfacet
  facet normal 3.625285e-01 -9.319727e-01 -2.759193e-16
    outer loop
      vertex   -1.217050e+01 1.097943e+01 -6.000000e+00
      vertex   -1.217050e+01 1.097943e+01 0.000000e+00
      vertex   -1.256052e+01 1.082772e+01 -6.000000e+00
    endloop
  endfacet
  facet normal 3.625285e-01 -9.319727e-01 -4.905794e-16
    outer loop
      vertex   -1.256052e+01 1.082772e+01 -6.000000e+00
      vertex   -1.217050e+01 1.097943e+01 0.000000e+00
      vertex   -1.256052e+01 1.082772e+01 0.000000e+00
    endloop
  endfacet
  facet normal 2.833219e-01 -9.590249e-01 -4.516887e-16
    outer loop
      vertex   -1.256052e+01 1.082772e+01 -6.000000e+00
      vertex   -1.256052e+01 1.082772e+01 0.000000e+00
      vertex   -1.296187e+01 1.070915e+01 -6.000000e+00
    endloop
  endfacet
  facet normal 2.833219e-01 -9.590249e-01 1.161681e-16
    outer loop
      vertex   -1.296187e+01 1.070915e+01 -6.000000e+00
      vertex   -1.256052e+01 1.082772e+01 0.000000e+00
      vertex   -1.296187e+01 1.070915e+01 0.000000e+00
    endloop
  endfacet
  facet normal 2.021305e-01 -9.793586e-01 1.702631e-16
    outer loop
      vertex   -1.296187e+01 1.070915e+01 -6.000000e+00
      vertex   -1.296187e+01 1.070915e+01 0.000000e+00
      vertex   -1.337173e+01 1.062456e+01 -6.000000e+00
    endloop
  endfacet
  facet normal 2.021305e-01 -9.793586e-01 -3.497910e-16
    outer loop
      vertex   -1.337173e+01 1.062456e+01 -6.000000e+00
      vertex   -1.296187e+01 1.070915e+01 0.000000e+00
      vertex   -1.337173e+01 1.062456e+01 0.000000e+00
    endloop
  endfacet
  facet normal 1.195230e-01 -9.928314e-01 -3.293231e-16
    outer loop
      vertex   -1.337173e+01 1.062456e+01 -6.000000e+00
      vertex   -1.337173e+01 1.062456e+01 0.000000e+00
      vertex   -1.378722e+01 1.057454e+01 -6.000000e+00
    endloop
  endfacet
  facet normal 1.195230e-01 -9.928314e-01 -1.061577e-16
    outer loop
      vertex   -1.378722e+01 1.057454e+01 -6.000000e+00
      vertex   -1.337173e+01 1.062456e+01 0.000000e+00
      vertex   -1.378722e+01 1.057454e+01 0.000000e+00
    endloop
  endfacet
  facet normal 3.607819e-02 -9.993490e-01 -3.204387e-17
    outer loop
      vertex   -1.378722e+01 1.057454e+01 -6.000000e+00
      vertex   -1.378722e+01 1.057454e+01 0.000000e+00
      vertex   -1.420544e+01 1.055944e+01 -6.000000e+00
    endloop
  endfacet
  facet normal 3.607819e-02 -9.993490e-01 -2.136258e-17
    outer loop
      vertex   -1.420544e+01 1.055944e+01 -6.000000e+00
      vertex   -1.378722e+01 1.057454e+01 0.000000e+00
      vertex   -1.420544e+01 1.055944e+01 0.000000e+00
    endloop
  endfacet
  facet normal -4.761935e-02 -9.988656e-01 2.819632e-17
    outer loop
      vertex   -1.420544e+01 1.055944e+01 -6.000000e+00
      vertex   -1.420544e+01 1.055944e+01 0.000000e+00
      vertex   -1.462346e+01 1.057937e+01 -6.000000e+00
    endloop
  endfacet
  facet normal -4.761935e-02 -9.988656e-01 4.229448e-17
    outer loop
      vertex   -1.462346e+01 1.057937e+01 -6.000000e+00
      vertex   -1.420544e+01 1.055944e+01 0.000000e+00
      vertex   -1.462346e+01 1.057937e+01 0.000000e+00
    endloop
  endfacet
  facet normal -1.309833e-01 -9.913846e-01 1.163365e-16
    outer loop
      vertex   -1.462346e+01 1.057937e+01 -6.000000e+00
      vertex   -1.462346e+01 1.057937e+01 0.000000e+00
      vertex   -1.503835e+01 1.063418e+01 -6.000000e+00
    endloop
  endfacet
  facet normal -1.309833e-01 -9.913846e-01 3.322876e-16
    outer loop
      vertex   -1.503835e+01 1.063418e+01 -6.000000e+00
      vertex   -1.462346e+01 1.057937e+01 0.000000e+00
      vertex   -1.503835e+01 1.063418e+01 0.000000e+00
    endloop
  endfacet
  facet normal -2.134296e-01 -9.769584e-01 3.524257e-16
    outer loop
      vertex   -1.503835e+01 1.063418e+01 -6.000000e+00
      vertex   -1.503835e+01 1.063418e+01 0.000000e+00
      vertex   -1.544720e+01 1.072350e+01 -6.000000e+00
    endloop
  endfacet
  facet normal -2.134296e-01 -9.769584e-01 1.263757e-16
    outer loop
      vertex   -1.544720e+01 1.072350e+01 -6.000000e+00
      vertex   -1.503835e+01 1.063418e+01 0.000000e+00
      vertex   -1.544720e+01 1.072350e+01 0.000000e+00
    endloop
  endfacet
  facet normal -2.943808e-01 -9.556882e-01 1.743084e-16
    outer loop
      vertex   -1.544720e+01 1.072350e+01 -6.000000e+00
      vertex   -1.544720e+01 1.072350e+01 0.000000e+00
      vertex   -1.584715e+01 1.084670e+01 -6.000000e+00
    endloop
  endfacet
  facet normal -2.943808e-01 -9.556882e-01 1.743084e-16
    outer loop
      vertex   -1.584715e+01 1.084670e+01 -6.000000e+00
      vertex   -1.544720e+01 1.072350e+01 0.000000e+00
      vertex   -1.584715e+01 1.084670e+01 0.000000e+00
    endloop
  endfacet
  facet normal 9.396926e-01 3.420201e-01 -0.000000e+00
    outer loop
      vertex   -9.478102e+00 1.726946e+01 -6.000000e+00
      vertex   -1.118003e+01 2.194546e+01 -6.000000e+00
      vertex   -9.478102e+00 1.726946e+01 0.000000e+00
    endloop
  endfacet
  facet normal 9.396926e-01 3.420201e-01 1.170879e-17
    outer loop
      vertex   -9.478102e+00 1.726946e+01 0.000000e+00
      vertex   -1.118003e+01 2.194546e+01 -6.000000e+00
      vertex   -1.118003e+01 2.194546e+01 0.000000e+00
    endloop
  endfacet
  facet normal 0.000000e+00 0.000000e+00 1.000000e+00
    outer loop
      vertex   -1.544720e+01 1.072350e+01 0.000000e+00
      vertex   -1.726721e+01 1.807881e+01 0.000000e+00
      vertex   -1.584715e+01 1.084670e+01 0.000000e+00
    endloop
  endfacet
  facet normal 0.000000e+00 0.000000e+00 1.000000e+00
    outer loop
      vertex   -1.584715e+01 1.084670e+01 0.000000e+00
      vertex   -1.726721e+01 1.807881e+01 0.000000e+00
      vertex   -1.786578e+01 1.748754e+01 0.000000e+00
    endloop
  endfacet
  facet normal 0.000000e+00 0.000000e+00 1.000000e+00
    outer loop
      vertex   -1.584715e+01 1.084670e+01 0.000000e+00
      vertex   -1.786578e+01 1.748754e+01 0.000000e+00
      vertex   -1.844410e+01 1.687647e+01 0.000000e+00
    endloop
  endfacet
  facet normal -0.000000e+00 -0.000000e+00 1.000000e+00
    outer loop
      vertex   -1.544720e+01 1.072350e+01 0.000000e+00
      vertex   -1.503835e+01 1.063418e+01 0.000000e+00
      vertex   -1.726721e+01 1.807881e+01 0.000000e+00
    endloop
  endfacet
  facet normal 0.000000e+00 0.000000e+00 1.000000e+00
    outer loop
      vertex   -1.726721e+01 1.807881e+01 0.000000e+00
      vertex   -1.503835e+01 1.063418e+01 0.000000e+00
      vertex   -1.462346e+01 1.057937e+01 0.000000e+00
    endloop
  endfacet
  facet normal 0.000000e+00 0.000000e+00 1.000000e+00
    outer loop
      vertex   -1.726721e+01 1.807881e+01 0.000000e+00
      vertex   -1.462346e+01 1.057937e+01 0.000000e+00
      vertex   -1.420544e+01 1.055944e+01 0.000000e+00
    endloop
  endfacet
  facet normal 0.000000e+00 -0.000000e+00 1.000000e+00
    outer loop
      vertex   -1.420544e+01 1.055944e+01 0.000000e+00
      vertex   -1.378722e+01 1.057454e+01 0.000000e+00
      vertex   -1.726721e+01 1.807881e+01 0.000000e+00
    endloop
  endfacet
  facet normal 0.000000e+00 0.000000e+00 1.000000e+00
    outer loop
      vertex   -1.726721e+01 1.807881e+01 0.000000e+00
      vertex   -1.378722e+01 1.057454e+01 0.000000e+00
      vertex   -1.337173e+01 1.062456e+01 0.000000e+00
    endloop
  endfacet
  facet normal 0.000000e+00 0.000000e+00 1.000000e+00
    outer loop
      vertex   -1.726721e+01 1.807881e+01 0.000000e+00
      vertex   -1.337173e+01 1.062456e+01 0.000000e+00
      vertex   -1.296187e+01 1.070915e+01 0.000000e+00
    endloop
  endfacet
  facet normal 0.000000e+00 -0.000000e+00 1.000000e+00
    outer loop
      vertex   -1.296187e+01 1.070915e+01 0.000000e+00
      vertex   -1.256052e+01 1.082772e+01 0.000000e+00
      vertex   -1.726721e+01 1.807881e+01 0.000000e+00
    endloop
  endfacet
  facet normal 0.000000e+00 0.000000e+00 1.000000e+00
    outer loop
      vertex   -1.726721e+01 1.807881e+01 0.000000e+00
      vertex   -1.256052e+01 1.082772e+01 0.000000e+00
      vertex   -1.217050e+01 1.097943e+01 0.000000e+00
    endloop
  endfacet
  facet normal 0.000000e+00 0.000000e+00 1.000000e+00
    outer loop
      vertex   -1.726721e+01 1.807881e+01 0.000000e+00
      vertex   -1.217050e+01 1.097943e+01 0.000000e+00
      vertex   -1.179453e+01 1.116324e+01 0.000000e+00
    endloop
  endfacet
  facet normal 0.000000e+00 -0.000000e+00 1.000000e+00
    outer loop
      vertex   -1.179453e+01 1.116324e+01 0.000000e+00
      vertex   -1.143524e+01 1.137783e+01 0.000000e+00
      vertex   -1.726721e+01 1.807881e+01 0.000000e+00
    endloop
  endfacet
  facet normal 0.000000e+00 0.000000e+00 1.000000e+00
    outer loop
      vertex   -1.726721e+01 1.807881e+01 0.000000e+00
      vertex   -1.143524e+01 1.137783e+01 0.000000e+00
      vertex   -1.109516e+01 1.162173e+01 0.000000e+00
    endloop
  endfacet
  facet normal 0.000000e+00 0.000000e+00 1.000000e+00
    outer loop
      vertex   -1.726721e+01 1.807881e+01 0.000000e+00
      vertex   -1.109516e+01 1.162173e+01 0.000000e+00
      vertex   -1.077667e+01 1.189320e+01 0.000000e+00
    endloop
  endfacet
  facet normal 0.000000e+00 -0.000000e+00 1.000000e+00
    outer loop
      vertex   -1.077667e+01 1.189320e+01 0.000000e+00
      vertex   -1.048199e+01 1.219036e+01 0.000000e+00
      vertex   -1.726721e+01 1.807881e+01 0.000000e+00
    endloop
  endfacet
  facet normal 0.000000e+00 0.000000e+00 1.000000e+00
    outer loop
      vertex   -1.726721e+01 1.807881e+01 0.000000e+00
      vertex   -1.048199e+01 1.219036e+01 0.000000e+00
      vertex   -1.021320e+01 1.251112e+01 0.000000e+00
    endloop
  endfacet
  facet normal 0.000000e+00 0.000000e+00 1.000000e+00
    outer loop
      vertex   -1.726721e+01 1.807881e+01 0.000000e+00
      vertex   -1.021320e+01 1.251112e+01 0.000000e+00
      vertex   -9.972171e+00 1.285324e+01 0.000000e+00
    endloop
  endfacet
  facet normal 0.000000e+00 -0.000000e+00 1.000000e+00
    outer loop
      vertex   -9.972171e+00 1.285324e+01 0.000000e+00
      vertex   -9.760597e+00 1.321431e+01 0.000000e+00
      vertex   -1.726721e+01 1.807881e+01 0.000000e+00
    endloop
  endfacet
  facet normal 0.000000e+00 0.000000e+00 1.000000e+00
    outer loop
      vertex   -1.726721e+01 1.807881e+01 0.000000e+00
      vertex   -9.760597e+00 1.321431e+01 0.000000e+00
      vertex   -9.579960e+00 1.359182e+01 0.000000e+00
    endloop
  endfacet
  facet normal 0.000000e+00 0.000000e+00 1.000000e+00
    outer loop
      vertex   -1.726721e+01 1.807881e+01 0.000000e+00
      vertex   -9.579960e+00 1.359182e+01 0.000000e+00
      vertex   -9.431524e+00 1.398310e+01 0.000000e+00
    endloop
  endfacet
  facet normal 0.000000e+00 -0.000000e+00 1.000000e+00
    outer loop
      vertex   -9.431524e+00 1.398310e+01 0.000000e+00
      vertex   -9.316329e+00 1.438543e+01 0.000000e+00
      vertex   -1.726721e+01 1.807881e+01 0.000000e+00
    endloop
  endfacet
  facet normal 0.000000e+00 0.000000e+00 1.000000e+00
    outer loop
      vertex   -1.726721e+01 1.807881e+01 0.000000e+00
      vertex   -9.316329e+00 1.438543e+01 0.000000e+00
      vertex   -9.235183e+00 1.479598e+01 0.000000e+00
    endloop
  endfacet
  facet normal -0.000000e+00 0.000000e+00 1.000000e+00
    outer loop
      vertex   -1.726721e+01 1.807881e+01 0.000000e+00
      vertex   -9.235183e+00 1.479598e+01 0.000000e+00
      vertex   -1.664910e+01 1.864960e+01 0.000000e+00
    endloop
  endfacet
  facet normal 0.000000e+00 0.000000e+00 1.000000e+00
    outer loop
      vertex   -1.664910e+01 1.864960e+01 0.000000e+00
      vertex   -9.235183e+00 1.479598e+01 0.000000e+00
      vertex   -9.188654e+00 1.521188e+01 0.000000e+00
    endloop
  endfacet
  facet normal 0.000000e+00 0.000000e+00 1.000000e+00
    outer loop
      vertex   -1.664910e+01 1.864960e+01 0.000000e+00
      vertex   -9.188654e+00 1.521188e+01 0.000000e+00
      vertex   -9.177067e+00 1.563022e+01 0.000000e+00
    endloop
  endfacet
  facet normal 0.000000e+00 0.000000e+00 1.000000e+00
    outer loop
      vertex   -9.177067e+00 1.563022e+01 0.000000e+00
      vertex   -9.200505e+00 1.604805e+01 0.000000e+00
      vertex   -1.664910e+01 1.864960e+01 0.000000e+00
    endloop
  endfacet
  facet normal 0.000000e+00 0.000000e+00 1.000000e+00
    outer loop
      vertex   -1.664910e+01 1.864960e+01 0.000000e+00
      vertex   -9.200505e+00 1.604805e+01 0.000000e+00
      vertex   -9.258802e+00 1.646247e+01 0.000000e+00
    endloop
  endfacet
  facet normal 0.000000e+00 0.000000e+00 1.000000e+00
    outer loop
      vertex   -1.664910e+01 1.864960e+01 0.000000e+00
      vertex   -9.258802e+00 1.646247e+01 0.000000e+00
      vertex   -9.351551e+00 1.687056e+01 0.000000e+00
    endloop
  endfacet
  facet normal 0.000000e+00 0.000000e+00 1.000000e+00
    outer loop
      vertex   -9.351551e+00 1.687056e+01 0.000000e+00
      vertex   -9.478102e+00 1.726946e+01 0.000000e+00
      vertex   -1.664910e+01 1.864960e+01 0.000000e+00
    endloop
  endfacet
  facet normal -0.000000e+00 0.000000e+00 1.000000e+00
    outer loop
      vertex   -1.664910e+01 1.864960e+01 0.000000e+00
      vertex   -9.478102e+00 1.726946e+01 0.000000e+00
      vertex   -1.118003e+01 2.194546e+01 0.000000e+00
    endloop
  endfacet
  facet normal 0.000000e+00 -0.000000e+00 1.000000e+00
    outer loop
      vertex   -1.664910e+01 1.864960e+01 0.000000e+00
      vertex   -1.118003e+01 2.194546e+01 0.000000e+00
      vertex   -1.710739e+01 1.963162e+01 0.000000e+00
    endloop
  endfacet
  facet normal 0.000000e+00 -0.000000e+00 1.000000e+00
    outer loop
      vertex   -1.710739e+01 1.963162e+01 0.000000e+00
      vertex   -1.118003e+01 2.194546e+01 0.000000e+00
      vertex   -1.719334e+01 1.978077e+01 0.000000e+00
    endloop
  endfacet
  facet normal 0.000000e+00 -0.000000e+00 1.000000e+00
    outer loop
      vertex   -1.719334e+01 1.978077e+01 0.000000e+00
      vertex   -1.118003e+01 2.194546e+01 0.000000e+00
      vertex   -1.730360e+01 1.991296e+01 0.000000e+00
    endloop
  endfacet
  facet normal 0.000000e+00 -0.000000e+00 1.000000e+00
    outer loop
      vertex   -1.730360e+01 1.991296e+01 0.000000e+00
      vertex   -1.118003e+01 2.194546e+01 0.000000e+00
      vertex   -1.743489e+01 2.002428e+01 0.000000e+00
    endloop
  endfacet
  facet normal 0.000000e+00 -0.000000e+00 1.000000e+00
    outer loop
      vertex   -1.743489e+01 2.002428e+01 0.000000e+00
      vertex   -1.118003e+01 2.194546e+01 0.000000e+00
      vertex   -1.758333e+01 2.011144e+01 0.000000e+00
    endloop
  endfacet
  facet normal 0.000000e+00 -0.000000e+00 1.000000e+00
    outer loop
      vertex   -1.758333e+01 2.011144e+01 0.000000e+00
      vertex   -1.118003e+01 2.194546e+01 0.000000e+00
      vertex   -1.774452e+01 2.017185e+01 0.000000e+00
    endloop
  endfacet
  facet normal 0.000000e+00 -0.000000e+00 1.000000e+00
    outer loop
      vertex   -1.774452e+01 2.017185e+01 0.000000e+00
      vertex   -1.118003e+01 2.194546e+01 0.000000e+00
      vertex   -1.791368e+01 2.020373e+01 0.000000e+00
    endloop
  endfacet
  facet normal 0.000000e+00 -0.000000e+00 1.000000e+00
    outer loop
      vertex   -1.791368e+01 2.020373e+01 0.000000e+00
      vertex   -1.118003e+01 2.194546e+01 0.000000e+00
      vertex   -1.808581e+01 2.020611e+01 0.000000e+00
    endloop
  endfacet
  facet normal 0.000000e+00 -0.000000e+00 1.000000e+00
    outer loop
      vertex   -1.808581e+01 2.020611e+01 0.000000e+00
      vertex   -1.118003e+01 2.194546e+01 0.000000e+00
      vertex   -1.825579e+01 2.017895e+01 0.000000e+00
    endloop
  endfacet
  facet normal 0.000000e+00 0.000000e+00 1.000000e+00
    outer loop
      vertex   -1.844410e+01 1.687647e+01 0.000000e+00
      vertex   -1.900154e+01 1.624628e+01 0.000000e+00
      vertex   -1.584715e+01 1.084670e+01 0.000000e+00
    endloop
  endfacet
  facet normal 0.000000e+00 0.000000e+00 1.000000e+00
    outer loop
      vertex   -1.584715e+01 1.084670e+01 0.000000e+00
      vertex   -1.900154e+01 1.624628e+01 0.000000e+00
      vertex   -1.953745e+01 1.559769e+01 0.000000e+00
    endloop
  endfacet
  facet normal 0.000000e+00 0.000000e+00 1.000000e+00
    outer loop
      vertex   -1.584715e+01 1.084670e+01 0.000000e+00
      vertex   -1.953745e+01 1.559769e+01 0.000000e+00
      vertex   -2.005124e+01 1.493144e+01 0.000000e+00
    endloop
  endfacet
  facet normal 0.000000e+00 0.000000e+00 1.000000e+00
    outer loop
      vertex   -2.005124e+01 1.493144e+01 0.000000e+00
      vertex   -2.054232e+01 1.424827e+01 0.000000e+00
      vertex   -1.584715e+01 1.084670e+01 0.000000e+00
    endloop
  endfacet
  facet normal 0.000000e+00 0.000000e+00 1.000000e+00
    outer loop
      vertex   -1.584715e+01 1.084670e+01 0.000000e+00
      vertex   -2.054232e+01 1.424827e+01 0.000000e+00
      vertex   -2.101013e+01 1.354897e+01 0.000000e+00
    endloop
  endfacet
  facet normal 0.000000e+00 0.000000e+00 1.000000e+00
    outer loop
      vertex   -1.584715e+01 1.084670e+01 0.000000e+00
      vertex   -2.101013e+01 1.354897e+01 0.000000e+00
      vertex   -2.145414e+01 1.283432e+01 0.000000e+00
    endloop
  endfacet
  facet normal -3.341179e-01 -9.425313e-01 1.978375e-16
    outer loop
      vertex   -1.584715e+01 1.084670e+01 0.000000e+00
      vertex   -2.145414e+01 1.283432e+01 0.000000e+00
      vertex   -1.584715e+01 1.084670e+01 -6.000000e+00
    endloop
  endfacet
  facet normal -3.341179e-01 -9.425313e-01 -5.334311e-17
    outer loop
      vertex   -1.584715e+01 1.084670e+01 -6.000000e+00
      vertex   -2.145414e+01 1.283432e+01 0.000000e+00
      vertex   -2.468149e+01 1.397838e+01 -6.000000e+00
    endloop
  endfacet
  facet normal -3.341179e-01 -9.425313e-01 0.000000e+00
    outer loop
      vertex   -2.468149e+01 1.397838e+01 -6.000000e+00
      vertex   -2.145414e+01 1.283432e+01 0.000000e+00
      vertex   -2.468149e+01 1.397838e+01 8.500000e+00
    endloop
  endfacet
  facet normal -3.341179e-01 -9.425313e-01 2.839407e-19
    outer loop
      vertex   -2.468149e+01 1.397838e+01 8.500000e+00
      vertex   -2.145414e+01 1.283432e+01 0.000000e+00
      vertex   -2.145414e+01 1.283432e+01 8.500000e+00
    endloop
  endfacet
  facet normal 3.724203e-01 9.280642e-01 -0.000000e+00
    outer loop
      vertex   -1.545895e+01 4.343250e+00 -6.000000e+00
      vertex   -1.545895e+01 4.343250e+00 0.000000e+00
      vertex   -1.507905e+01 4.190800e+00 -6.000000e+00
    endloop
  endfacet
  facet normal 3.724203e-01 9.280642e-01 1.102586e-16
    outer loop
      vertex   -1.507905e+01 4.190800e+00 -6.000000e+00
      vertex   -1.545895e+01 4.343250e+00 0.000000e+00
      vertex   -1.507905e+01 4.190800e+00 0.000000e+00
    endloop
  endfacet
  facet normal 4.470891e-01 8.944894e-01 1.323650e-16
    outer loop
      vertex   -1.507905e+01 4.190800e+00 -6.000000e+00
      vertex   -1.507905e+01 4.190800e+00 0.000000e+00
      vertex   -1.471289e+01 4.007784e+00 -6.000000e+00
    endloop
  endfacet
  facet normal 4.470891e-01 8.944894e-01 -0.000000e+00
    outer loop
      vertex   -1.471289e+01 4.007784e+00 -6.000000e+00
      vertex   -1.507905e+01 4.190800e+00 0.000000e+00
      vertex   -1.471289e+01 4.007784e+00 0.000000e+00
    endloop
  endfacet
  facet normal 5.187611e-01 8.549192e-01 -0.000000e+00
    outer loop
      vertex   -1.471289e+01 4.007784e+00 -6.000000e+00
      vertex   -1.471289e+01 4.007784e+00 0.000000e+00
      vertex   -1.436293e+01 3.795429e+00 -6.000000e+00
    endloop
  endfacet
  facet normal 5.187611e-01 8.549192e-01 -6.327673e-17
    outer loop
      vertex   -1.436293e+01 3.795429e+00 -6.000000e+00
      vertex   -1.471289e+01 4.007784e+00 0.000000e+00
      vertex   -1.436293e+01 3.795429e+00 0.000000e+00
    endloop
  endfacet
  facet normal 5.869561e-01 8.096188e-01 -5.992383e-17
    outer loop
      vertex   -1.436293e+01 3.795429e+00 -6.000000e+00
      vertex   -1.436293e+01 3.795429e+00 0.000000e+00
      vertex   -1.403151e+01 3.555159e+00 -6.000000e+00
    endloop
  endfacet
  facet normal 5.869561e-01 8.096188e-01 -5.992383e-17
    outer loop
      vertex   -1.403151e+01 3.555159e+00 -6.000000e+00
      vertex   -1.436293e+01 3.795429e+00 0.000000e+00
      vertex   -1.403151e+01 3.555159e+00 0.000000e+00
    endloop
  endfacet
  facet normal 6.512169e-01 7.588917e-01 -5.616927e-17
    outer loop
      vertex   -1.403151e+01 3.555159e+00 -6.000000e+00
      vertex   -1.403151e+01 3.555159e+00 0.000000e+00
      vertex   -1.372086e+01 3.288584e+00 -6.000000e+00
    endloop
  endfacet
  facet normal 6.512169e-01 7.588917e-01 -0.000000e+00
    outer loop
      vertex   -1.372086e+01 3.288584e+00 -6.000000e+00
      vertex   -1.403151e+01 3.555159e+00 0.000000e+00
      vertex   -1.372086e+01 3.288584e+00 0.000000e+00
    endloop
  endfacet
  facet normal 7.111127e-01 7.030780e-01 -0.000000e+00
    outer loop
      vertex   -1.372086e+01 3.288584e+00 -6.000000e+00
      vertex   -1.372086e+01 3.288584e+00 0.000000e+00
      vertex   -1.343305e+01 2.997490e+00 -6.000000e+00
    endloop
  endfacet
  facet normal 7.111127e-01 7.030780e-01 -1.040765e-16
    outer loop
      vertex   -1.343305e+01 2.997490e+00 -6.000000e+00
      vertex   -1.372086e+01 3.288584e+00 0.000000e+00
      vertex   -1.343305e+01 2.997490e+00 0.000000e+00
    endloop
  endfacet
  facet normal 7.662422e-01 6.425518e-01 -9.511677e-17
    outer loop
      vertex   -1.343305e+01 2.997490e+00 -6.000000e+00
      vertex   -1.343305e+01 2.997490e+00 0.000000e+00
      vertex   -1.317003e+01 2.683829e+00 -6.000000e+00
    endloop
  endfacet
  facet normal 7.662422e-01 6.425518e-01 -4.755839e-17
    outer loop
      vertex   -1.317003e+01 2.683829e+00 -6.000000e+00
      vertex   -1.343305e+01 2.997490e+00 0.000000e+00
      vertex   -1.317003e+01 2.683829e+00 0.000000e+00
    endloop
  endfacet
  facet normal 8.162359e-01 5.777188e-01 -4.275978e-17
    outer loop
      vertex   -1.317003e+01 2.683829e+00 -6.000000e+00
      vertex   -1.317003e+01 2.683829e+00 0.000000e+00
      vertex   -1.293354e+01 2.349703e+00 -6.000000e+00
    endloop
  endfacet
  facet normal 8.162359e-01 5.777188e-01 -4.275978e-17
    outer loop
      vertex   -1.293354e+01 2.349703e+00 -6.000000e+00
      vertex   -1.317003e+01 2.683829e+00 0.000000e+00
      vertex   -1.293354e+01 2.349703e+00 0.000000e+00
    endloop
  endfacet
  facet normal 8.607585e-01 5.090135e-01 -3.767457e-17
    outer loop
      vertex   -1.293354e+01 2.349703e+00 -6.000000e+00
      vertex   -1.293354e+01 2.349703e+00 0.000000e+00
      vertex   -1.272517e+01 1.997352e+00 -6.000000e+00
    endloop
  endfacet
  facet normal 8.607585e-01 5.090135e-01 -3.767457e-17
    outer loop
      vertex   -1.272517e+01 1.997352e+00 -6.000000e+00
      vertex   -1.293354e+01 2.349703e+00 0.000000e+00
      vertex   -1.272517e+01 1.997352e+00 0.000000e+00
    endloop
  endfacet
  facet normal 8.995118e-01 4.368965e-01 -3.233683e-17
    outer loop
      vertex   -1.272517e+01 1.997352e+00 -6.000000e+00
      vertex   -1.272517e+01 1.997352e+00 0.000000e+00
      vertex   -1.254633e+01 1.629137e+00 -6.000000e+00
    endloop
  endfacet
  facet normal 8.995118e-01 4.368965e-01 -3.233683e-17
    outer loop
      vertex   -1.254633e+01 1.629137e+00 -6.000000e+00
      vertex   -1.272517e+01 1.997352e+00 0.000000e+00
      vertex   -1.254633e+01 1.629137e+00 0.000000e+00
    endloop
  endfacet
  facet normal 9.322359e-01 3.618510e-01 -2.678236e-17
    outer loop
      vertex   -1.254633e+01 1.629137e+00 -6.000000e+00
      vertex   -1.254633e+01 1.629137e+00 0.000000e+00
      vertex   -1.239821e+01 1.247527e+00 -6.000000e+00
    endloop
  endfacet
  facet normal 9.322359e-01 3.618510e-01 -5.356471e-17
    outer loop
      vertex   -1.239821e+01 1.247527e+00 -6.000000e+00
      vertex   -1.254633e+01 1.629137e+00 0.000000e+00
      vertex   -1.239821e+01 1.247527e+00 0.000000e+00
    endloop
  endfacet
  facet normal 9.587116e-01 2.843802e-01 -4.209673e-17
    outer loop
      vertex   -1.239821e+01 1.247527e+00 -6.000000e+00
      vertex   -1.239821e+01 1.247527e+00 0.000000e+00
      vertex   -1.228179e+01 8.550787e-01 -6.000000e+00
    endloop
  endfacet
  facet normal 9.587116e-01 2.843802e-01 -3.683464e-17
    outer loop
      vertex   -1.228179e+01 8.550787e-01 -6.000000e+00
      vertex   -1.239821e+01 1.247527e+00 0.000000e+00
      vertex   -1.228179e+01 8.550787e-01 0.000000e+00
    endloop
  endfacet
  facet normal 9.787613e-01 2.050033e-01 -2.655327e-17
    outer loop
      vertex   -1.228179e+01 8.550787e-01 -6.000000e+00
      vertex   -1.228179e+01 8.550787e-01 0.000000e+00
      vertex   -1.219788e+01 4.544231e-01 -6.000000e+00
    endloop
  endfacet
  facet normal 9.787613e-01 2.050033e-01 -0.000000e+00
    outer loop
      vertex   -1.219788e+01 4.544231e-01 -6.000000e+00
      vertex   -1.228179e+01 8.550787e-01 0.000000e+00
      vertex   -1.219788e+01 4.544231e-01 0.000000e+00
    endloop
  endfacet
  facet normal -1.835140e-01 -9.830171e-01 -0.000000e+00
    outer loop
      vertex   9.444507e-01 1.370757e+01 0.000000e+00
      vertex   9.444507e-01 1.370757e+01 -6.000000e+00
      vertex   1.564682e+00 1.359178e+01 0.000000e+00
    endloop
  endfacet
  facet normal -1.835140e-01 -9.830171e-01 -2.173242e-16
    outer loop
      vertex   1.564682e+00 1.359178e+01 0.000000e+00
      vertex   9.444507e-01 1.370757e+01 -6.000000e+00
      vertex   1.564682e+00 1.359178e+01 -6.000000e+00
    endloop
  endfacet
  facet normal -2.371506e-01 -9.714729e-01 -2.808428e-16
    outer loop
      vertex   1.564682e+00 1.359178e+01 0.000000e+00
      vertex   1.564682e+00 1.359178e+01 -6.000000e+00
      vertex   2.177629e+00 1.344215e+01 0.000000e+00
    endloop
  endfacet
  facet normal -2.371506e-01 -9.714729e-01 1.404214e-16
    outer loop
      vertex   2.177629e+00 1.344215e+01 0.000000e+00
      vertex   1.564682e+00 1.359178e+01 -6.000000e+00
      vertex   2.177629e+00 1.344215e+01 -6.000000e+00
    endloop
  endfacet
  facet normal -2.900734e-01 -9.570044e-01 1.717580e-16
    outer loop
      vertex   2.177629e+00 1.344215e+01 0.000000e+00
      vertex   2.177629e+00 1.344215e+01 -6.000000e+00
      vertex   2.781448e+00 1.325913e+01 0.000000e+00
    endloop
  endfacet
  facet normal -2.900734e-01 -9.570044e-01 1.288185e-16
    outer loop
      vertex   2.781448e+00 1.325913e+01 0.000000e+00
      vertex   2.177629e+00 1.344215e+01 -6.000000e+00
      vertex   2.781448e+00 1.325913e+01 -6.000000e+00
    endloop
  endfacet
  facet normal -3.421231e-01 -9.396552e-01 1.519332e-16
    outer loop
      vertex   2.781448e+00 1.325913e+01 0.000000e+00
      vertex   2.781448e+00 1.325913e+01 -6.000000e+00
      vertex   3.374320e+00 1.304327e+01 0.000000e+00
    endloop
  endfacet
  facet normal -3.421231e-01 -9.396552e-01 2.018769e-16
    outer loop
      vertex   3.374320e+00 1.304327e+01 0.000000e+00
      vertex   2.781448e+00 1.325913e+01 -6.000000e+00
      vertex   3.374320e+00 1.304327e+01 -6.000000e+00
    endloop
  endfacet
  facet normal -3.931428e-01 -9.194774e-01 1.370622e-16
    outer loop
      vertex   3.374320e+00 1.304327e+01 0.000000e+00
      vertex   3.374320e+00 1.304327e+01 -6.000000e+00
      vertex   3.954461e+00 1.279522e+01 0.000000e+00
    endloop
  endfacet
  facet normal -3.931428e-01 -9.194774e-01 -4.364762e-16
    outer loop
      vertex   3.954461e+00 1.279522e+01 0.000000e+00
      vertex   3.374320e+00 1.304327e+01 -6.000000e+00
      vertex   3.954461e+00 1.279522e+01 -6.000000e+00
    endloop
  endfacet
  facet normal -4.429792e-01 -8.965319e-01 -4.918057e-16
    outer loop
      vertex   3.954461e+00 1.279522e+01 0.000000e+00
      vertex   3.954461e+00 1.279522e+01 -6.000000e+00
      vertex   4.520125e+00 1.251572e+01 0.000000e+00
    endloop
  endfacet
  facet normal -4.429792e-01 -8.965319e-01 3.372616e-16
    outer loop
      vertex   4.520125e+00 1.251572e+01 0.000000e+00
      vertex   3.954461e+00 1.279522e+01 -6.000000e+00
      vertex   4.520125e+00 1.251572e+01 -6.000000e+00
    endloop
  endfacet
  facet normal -4.914821e-01 -8.708877e-01 2.642259e-16
    outer loop
      vertex   4.520125e+00 1.251572e+01 0.000000e+00
      vertex   4.520125e+00 1.251572e+01 -6.000000e+00
      vertex   5.069609e+00 1.220562e+01 0.000000e+00
    endloop
  endfacet
  facet normal -4.914821e-01 -8.708877e-01 -6.636266e-17
    outer loop
      vertex   5.069609e+00 1.220562e+01 0.000000e+00
      vertex   4.520125e+00 1.251572e+01 -6.000000e+00
      vertex   5.069609e+00 1.220562e+01 -6.000000e+00
    endloop
  endfacet
  facet normal -5.385056e-01 -8.426219e-01 -1.387863e-16
    outer loop
      vertex   5.069609e+00 1.220562e+01 0.000000e+00
      vertex   5.069609e+00 1.220562e+01 -6.000000e+00
      vertex   5.601258e+00 1.186585e+01 0.000000e+00
    endloop
  endfacet
  facet normal -5.385056e-01 -8.426219e-01 -2.391445e-16
    outer loop
      vertex   5.601258e+00 1.186585e+01 0.000000e+00
      vertex   5.069609e+00 1.220562e+01 -6.000000e+00
      vertex   5.601258e+00 1.186585e+01 -6.000000e+00
    endloop
  endfacet
  facet normal -5.839081e-01 -8.118198e-01 -2.593073e-16
    outer loop
      vertex   5.601258e+00 1.186585e+01 0.000000e+00
      vertex   5.601258e+00 1.186585e+01 -6.000000e+00
      vertex   6.113473e+00 1.149744e+01 0.000000e+00
    endloop
  endfacet
  facet normal -5.839081e-01 -8.118198e-01 -3.792070e-17
    outer loop
      vertex   6.113473e+00 1.149744e+01 0.000000e+00
      vertex   5.601258e+00 1.186585e+01 -6.000000e+00
      vertex   6.113473e+00 1.149744e+01 -6.000000e+00
    endloop
  endfacet
  facet normal -6.275529e-01 -7.785739e-01 -9.637060e-17
    outer loop
      vertex   6.113473e+00 1.149744e+01 0.000000e+00
      vertex   6.113473e+00 1.149744e+01 -6.000000e+00
      vertex   6.604712e+00 1.110149e+01 0.000000e+00
    endloop
  endfacet
  facet normal -6.275529e-01 -7.785739e-01 4.123708e-17
    outer loop
      vertex   6.604712e+00 1.110149e+01 0.000000e+00
      vertex   6.113473e+00 1.149744e+01 -6.000000e+00
      vertex   6.604712e+00 1.110149e+01 -6.000000e+00
    endloop
  endfacet
  facet normal -6.693087e-01 -7.429844e-01 -3.364044e-17
    outer loop
      vertex   6.604712e+00 1.110149e+01 0.000000e+00
      vertex   6.604712e+00 1.110149e+01 -6.000000e+00
      vertex   7.073495e+00 1.067919e+01 0.000000e+00
    endloop
  endfacet
  facet normal -6.693087e-01 -7.429844e-01 2.181238e-17
    outer loop
      vertex   7.073495e+00 1.067919e+01 0.000000e+00
      vertex   6.604712e+00 1.110149e+01 -6.000000e+00
      vertex   7.073495e+00 1.067919e+01 -6.000000e+00
    endloop
  endfacet
  facet normal -7.090498e-01 -7.051584e-01 -1.152084e-18
    outer loop
      vertex   7.073495e+00 1.067919e+01 0.000000e+00
      vertex   7.073495e+00 1.067919e+01 -6.000000e+00
      vertex   7.518412e+00 1.023182e+01 0.000000e+00
    endloop
  endfacet
  facet normal -7.090498e-01 -7.051584e-01 -2.099209e-16
    outer loop
      vertex   7.518412e+00 1.023182e+01 0.000000e+00
      vertex   7.073495e+00 1.067919e+01 -6.000000e+00
      vertex   7.518412e+00 1.023182e+01 -6.000000e+00
    endloop
  endfacet
  facet normal -7.466565e-01 -6.652098e-01 -2.210547e-16
    outer loop
      vertex   7.518412e+00 1.023182e+01 0.000000e+00
      vertex   7.518412e+00 1.023182e+01 -6.000000e+00
      vertex   7.938124e+00 9.760715e+00 0.000000e+00
    endloop
  endfacet
  facet normal -7.466565e-01 -6.652098e-01 8.641429e-17
    outer loop
      vertex   7.938124e+00 9.760715e+00 0.000000e+00
      vertex   7.518412e+00 1.023182e+01 -6.000000e+00
      vertex   7.938124e+00 9.760715e+00 -6.000000e+00
    endloop
  endfacet
  facet normal -7.820157e-01 -6.232587e-01 6.876008e-17
    outer loop
      vertex   7.938124e+00 9.760715e+00 0.000000e+00
      vertex   7.938124e+00 9.760715e+00 -6.000000e+00
      vertex   8.331367e+00 9.267305e+00 0.000000e+00
    endloop
  endfacet
  facet normal -7.820157e-01 -6.232587e-01 -4.700150e-17
    outer loop
      vertex   8.331367e+00 9.267305e+00 0.000000e+00
      vertex   7.938124e+00 9.760715e+00 -6.000000e+00
      vertex   8.331367e+00 9.267305e+00 -6.000000e+00
    endloop
  endfacet
  facet normal -8.150209e-01 -5.794316e-01 -6.974843e-17
    outer loop
      vertex   8.331367e+00 9.267305e+00 0.000000e+00
      vertex   8.331367e+00 9.267305e+00 -6.000000e+00
      vertex   8.696957e+00 8.753070e+00 0.000000e+00
    endloop
  endfacet
  facet normal -8.150209e-01 -5.794316e-01 1.017978e-16
    outer loop
      vertex   8.696957e+00 8.753070e+00 0.000000e+00
      vertex   8.331367e+00 9.267305e+00 -6.000000e+00
      vertex   8.696957e+00 8.753070e+00 -6.000000e+00
    endloop
  endfacet
  facet normal -8.455727e-01 -5.338603e-01 6.576899e-17
    outer loop
      vertex   8.696957e+00 8.753070e+00 0.000000e+00
      vertex   8.696957e+00 8.753070e+00 -6.000000e+00
      vertex   9.033795e+00 8.219559e+00 0.000000e+00
    endloop
  endfacet
  facet normal -8.455727e-01 -5.338603e-01 -2.503398e-16
    outer loop
      vertex   9.033795e+00 8.219559e+00 0.000000e+00
      vertex   8.696957e+00 8.753070e+00 -6.000000e+00
      vertex   9.033795e+00 8.219559e+00 -6.000000e+00
    endloop
  endfacet
  facet normal -8.735792e-01 -4.866820e-01 -2.586314e-16
    outer loop
      vertex   9.033795e+00 8.219559e+00 0.000000e+00
      vertex   9.033795e+00 8.219559e+00 -6.000000e+00
      vertex   9.340865e+00 7.668377e+00 0.000000e+00
    endloop
  endfacet
  facet normal -8.735792e-01 -4.866820e-01 -4.250119e-17
    outer loop
      vertex   9.340865e+00 7.668377e+00 0.000000e+00
      vertex   9.033795e+00 8.219559e+00 -6.000000e+00
      vertex   9.340865e+00 7.668377e+00 -6.000000e+00
    endloop
  endfacet
  facet normal -8.989561e-01 -4.380387e-01 -7.161624e-17
    outer loop
      vertex   9.340865e+00 7.668377e+00 0.000000e+00
      vertex   9.340865e+00 7.668377e+00 -6.000000e+00
      vertex   9.617244e+00 7.101184e+00 0.000000e+00
    endloop
  endfacet
  facet normal -8.989561e-01 -4.380387e-01 1.296855e-16
    outer loop
      vertex   9.617244e+00 7.101184e+00 0.000000e+00
      vertex   9.340865e+00 7.668377e+00 -6.000000e+00
      vertex   9.617244e+00 7.101184e+00 -6.000000e+00
    endloop
  endfacet
  facet normal -9.216270e-01 -3.880768e-01 1.148938e-16
    outer loop
      vertex   9.617244e+00 7.101184e+00 0.000000e+00
      vertex   9.617244e+00 7.101184e+00 -6.000000e+00
      vertex   9.862100e+00 6.519686e+00 0.000000e+00
    endloop
  endfacet
  facet normal -9.216270e-01 -3.880768e-01 5.744690e-17
    outer loop
      vertex   9.862100e+00 6.519686e+00 0.000000e+00
      vertex   9.617244e+00 7.101184e+00 -6.000000e+00
      vertex   9.862100e+00 6.519686e+00 -6.000000e+00
    endloop
  endfacet
  facet normal -9.415237e-01 -3.369467e-01 4.987814e-17
    outer loop
      vertex   9.862100e+00 6.519686e+00 0.000000e+00
      vertex   9.862100e+00 6.519686e+00 -6.000000e+00
      vertex   1.007470e+01 5.925635e+00 0.000000e+00
    endloop
  endfacet
  facet normal -9.415237e-01 -3.369467e-01 9.975627e-17
    outer loop
      vertex   1.007470e+01 5.925635e+00 0.000000e+00
      vertex   9.862100e+00 6.519686e+00 -6.000000e+00
      vertex   1.007470e+01 5.925635e+00 -6.000000e+00
    endloop
  endfacet
  facet normal -9.585862e-01 -2.848024e-01 8.431845e-17
    outer loop
      vertex   1.007470e+01 5.925635e+00 0.000000e+00
      vertex   1.007470e+01 5.925635e+00 -6.000000e+00
      vertex   1.025439e+01 5.320818e+00 0.000000e+00
    endloop
  endfacet
  facet normal -9.585862e-01 -2.848024e-01 1.264777e-16
    outer loop
      vertex   1.025439e+01 5.320818e+00 0.000000e+00
      vertex   1.007470e+01 5.925635e+00 -6.000000e+00
      vertex   1.025439e+01 5.320818e+00 -6.000000e+00
    endloop
  endfacet
  facet normal -9.727633e-01 -2.318008e-01 1.029402e-16
    outer loop
      vertex   1.025439e+01 5.320818e+00 0.000000e+00
      vertex   1.025439e+01 5.320818e+00 -6.000000e+00
      vertex   1.040064e+01 4.707057e+00 0.000000e+00
    endloop
  endfacet
  facet normal -9.727633e-01 -2.318008e-01 6.862682e-17
    outer loop
      vertex   1.040064e+01 4.707057e+00 0.000000e+00
      vertex   1.025439e+01 5.320818e+00 -6.000000e+00
      vertex   1.040064e+01 4.707057e+00 -6.000000e+00
    endloop
  endfacet
  facet normal -9.840121e-01 -1.781014e-01 5.272862e-17
    outer loop
      vertex   1.040064e+01 4.707057e+00 0.000000e+00
      vertex   1.040064e+01 4.707057e+00 -6.000000e+00
      vertex   1.051302e+01 4.086198e+00 0.000000e+00
    endloop
  endfacet
  facet normal -9.840121e-01 -1.781014e-01 7.909293e-17
    outer loop
      vertex   1.051302e+01 4.086198e+00 0.000000e+00
      vertex   1.040064e+01 4.707057e+00 -6.000000e+00
      vertex   1.051302e+01 4.086198e+00 -6.000000e+00
    endloop
  endfacet
  facet normal -9.922990e-01 -1.238660e-01 5.500753e-17
    outer loop
      vertex   1.051302e+01 4.086198e+00 0.000000e+00
      vertex   1.051302e+01 4.086198e+00 -6.000000e+00
      vertex   1.059117e+01 3.460110e+00 0.000000e+00
    endloop
  endfacet
  facet normal -9.922990e-01 -1.238660e-01 4.583961e-17
    outer loop
      vertex   1.059117e+01 3.460110e+00 0.000000e+00
      vertex   1.051302e+01 4.086198e+00 -6.000000e+00
      vertex   1.059117e+01 3.460110e+00 -6.000000e+00
    endloop
  endfacet
  facet normal -9.975988e-01 -6.925761e-02 2.563046e-17
    outer loop
      vertex   1.059117e+01 3.460110e+00 0.000000e+00
      vertex   1.059117e+01 3.460110e+00 -6.000000e+00
      vertex   1.063487e+01 2.830679e+00 0.000000e+00
    endloop
  endfacet
  facet normal -9.975988e-01 -6.925761e-02 2.050437e-17
    outer loop
      vertex   1.063487e+01 2.830679e+00 0.000000e+00
      vertex   1.059117e+01 3.460110e+00 -6.000000e+00
      vertex   1.063487e+01 2.830679e+00 -6.000000e+00
    endloop
  endfacet
  facet normal -9.998957e-01 -1.444079e-02 4.275333e-18
    outer loop
      vertex   1.063487e+01 2.830679e+00 0.000000e+00
      vertex   1.063487e+01 2.830679e+00 -6.000000e+00
      vertex   1.064398e+01 2.199798e+00 0.000000e+00
    endloop
  endfacet
  facet normal -9.998957e-01 -1.444079e-02 5.344167e-18
    outer loop
      vertex   1.064398e+01 2.199798e+00 0.000000e+00
      vertex   1.063487e+01 2.830679e+00 -6.000000e+00
      vertex   1.064398e+01 2.199798e+00 -6.000000e+00
    endloop
  endfacet
  facet normal -9.991828e-01 4.041949e-02 -1.495822e-17
    outer loop
      vertex   1.064398e+01 2.199798e+00 0.000000e+00
      vertex   1.064398e+01 2.199798e+00 -6.000000e+00
      vertex   1.061848e+01 1.569367e+00 0.000000e+00
    endloop
  endfacet
  facet normal -9.991828e-01 4.041949e-02 -1.645404e-17
    outer loop
      vertex   1.061848e+01 1.569367e+00 0.000000e+00
      vertex   1.064398e+01 2.199798e+00 -6.000000e+00
      vertex   1.061848e+01 1.569367e+00 -6.000000e+00
    endloop
  endfacet
  facet normal -9.954622e-01 9.515811e-02 -3.873713e-17
    outer loop
      vertex   1.061848e+01 1.569367e+00 0.000000e+00
      vertex   1.061848e+01 1.569367e+00 -6.000000e+00
      vertex   1.055844e+01 9.412834e-01 0.000000e+00
    endloop
  endfacet
  facet normal -9.954622e-01 9.515811e-02 -3.521558e-17
    outer loop
      vertex   1.055844e+01 9.412834e-01 0.000000e+00
      vertex   1.061848e+01 1.569367e+00 -6.000000e+00
      vertex   1.055844e+01 9.412834e-01 -6.000000e+00
    endloop
  endfacet
  facet normal -9.887450e-01 1.496103e-01 -5.536693e-17
    outer loop
      vertex   1.055844e+01 9.412834e-01 0.000000e+00
      vertex   1.055844e+01 9.412834e-01 -6.000000e+00
      vertex   1.046404e+01 3.174381e-01 0.000000e+00
    endloop
  endfacet
  facet normal -9.887450e-01 1.496103e-01 -5.536693e-17
    outer loop
      vertex   1.046404e+01 3.174381e-01 0.000000e+00
      vertex   1.055844e+01 9.412834e-01 -6.000000e+00
      vertex   1.046404e+01 3.174381e-01 -6.000000e+00
    endloop
  endfacet
  facet normal -9.790516e-01 2.036121e-01 -7.535162e-17
    outer loop
      vertex   1.046404e+01 3.174381e-01 0.000000e+00
      vertex   1.046404e+01 3.174381e-01 -6.000000e+00
      vertex   1.033557e+01 -3.002912e-01 0.000000e+00
    endloop
  endfacet
  facet normal -9.790516e-01 2.036121e-01 -7.535162e-17
    outer loop
      vertex   1.033557e+01 -3.002912e-01 0.000000e+00
      vertex   1.046404e+01 3.174381e-01 -6.000000e+00
      vertex   1.033557e+01 -3.002912e-01 -6.000000e+00
    endloop
  endfacet
  facet normal -9.664111e-01 2.570010e-01 -9.510949e-17
    outer loop
      vertex   1.033557e+01 -3.002912e-01 0.000000e+00
      vertex   1.033557e+01 -3.002912e-01 -6.000000e+00
      vertex   1.017342e+01 -9.100450e-01 0.000000e+00
    endloop
  endfacet
  facet normal -9.664111e-01 2.570010e-01 -9.510949e-17
    outer loop
      vertex   1.017342e+01 -9.100450e-01 0.000000e+00
      vertex   1.033557e+01 -3.002912e-01 -6.000000e+00
      vertex   1.017342e+01 -9.100450e-01 -6.000000e+00
    endloop
  endfacet
  facet normal -9.508616e-01 3.096163e-01 -1.145811e-16
    outer loop
      vertex   1.017342e+01 -9.100450e-01 0.000000e+00
      vertex   1.017342e+01 -9.100450e-01 -6.000000e+00
      vertex   9.978067e+00 -1.509988e+00 0.000000e+00
    endloop
  endfacet
  facet normal -9.508616e-01 3.096163e-01 -4.140678e-16
    outer loop
      vertex   9.978067e+00 -1.509988e+00 0.000000e+00
      vertex   1.017342e+01 -9.100450e-01 -6.000000e+00
      vertex   9.978067e+00 -1.509988e+00 -6.000000e+00
    endloop
  endfacet
  facet normal -9.324498e-01 3.612997e-01 -3.783011e-16
    outer loop
      vertex   9.978067e+00 -1.509988e+00 0.000000e+00
      vertex   9.978067e+00 -1.509988e+00 -6.000000e+00
      vertex   9.750106e+00 -2.098314e+00 0.000000e+00
    endloop
  endfacet
  facet normal -9.324498e-01 3.612997e-01 4.451550e-16
    outer loop
      vertex   9.750106e+00 -2.098314e+00 0.000000e+00
      vertex   9.978067e+00 -1.509988e+00 -6.000000e+00
      vertex   9.750106e+00 -2.098314e+00 -6.000000e+00
    endloop
  endfacet
  facet normal -9.112311e-01 4.118954e-01 4.176117e-16
    outer loop
      vertex   9.750106e+00 -2.098314e+00 0.000000e+00
      vertex   9.750106e+00 -2.098314e+00 -6.000000e+00
      vertex   9.490222e+00 -2.673252e+00 0.000000e+00
    endloop
  endfacet
  facet normal -9.112311e-01 4.118954e-01 3.871253e-16
    outer loop
      vertex   9.490222e+00 -2.673252e+00 0.000000e+00
      vertex   9.750106e+00 -2.098314e+00 -6.000000e+00
      vertex   9.490222e+00 -2.673252e+00 -6.000000e+00
    endloop
  endfacet
  facet normal -8.872696e-01 4.612513e-01 3.546719e-16
    outer loop
      vertex   9.490222e+00 -2.673252e+00 0.000000e+00
      vertex   9.490222e+00 -2.673252e+00 -6.000000e+00
      vertex   9.199197e+00 -3.233072e+00 0.000000e+00
    endloop
  endfacet
  facet normal -8.872696e-01 4.612513e-01 1.365578e-16
    outer loop
      vertex   9.199197e+00 -3.233072e+00 0.000000e+00
      vertex   9.490222e+00 -2.673252e+00 -6.000000e+00
      vertex   9.199197e+00 -3.233072e+00 -6.000000e+00
    endloop
  endfacet
  facet normal -8.606372e-01 5.092187e-01 1.507590e-16
    outer loop
      vertex   9.199197e+00 -3.233072e+00 0.000000e+00
      vertex   9.199197e+00 -3.233072e+00 -6.000000e+00
      vertex   8.877907e+00 -3.776088e+00 0.000000e+00
    endloop
  endfacet
  facet normal -8.606372e-01 5.092187e-01 -1.130693e-16
    outer loop
      vertex   8.877907e+00 -3.776088e+00 0.000000e+00
      vertex   9.199197e+00 -3.233072e+00 -6.000000e+00
      vertex   8.877907e+00 -3.776088e+00 -6.000000e+00
    endloop
  endfacet
  facet normal -8.314141e-01 5.556533e-01 -1.233798e-16
    outer loop
      vertex   8.877907e+00 -3.776088e+00 0.000000e+00
      vertex   8.877907e+00 -3.776088e+00 -6.000000e+00
      vertex   8.527320e+00 -4.300666e+00 0.000000e+00
    endloop
  endfacet
  facet normal -8.314141e-01 5.556533e-01 8.164160e-17
    outer loop
      vertex   8.527320e+00 -4.300666e+00 0.000000e+00
      vertex   8.877907e+00 -3.776088e+00 -6.000000e+00
      vertex   8.527320e+00 -4.300666e+00 -6.000000e+00
    endloop
  endfacet
  facet normal -7.996884e-01 6.004153e-01 5.899668e-17
    outer loop
      vertex   8.527320e+00 -4.300666e+00 0.000000e+00
      vertex   8.527320e+00 -4.300666e+00 -6.000000e+00
      vertex   8.148490e+00 -4.805226e+00 0.000000e+00
    endloop
  endfacet
  facet normal -7.996884e-01 6.004153e-01 -5.899668e-17
    outer loop
      vertex   8.148490e+00 -4.805226e+00 0.000000e+00
      vertex   8.527320e+00 -4.300666e+00 -6.000000e+00
      vertex   8.148490e+00 -4.805226e+00 -6.000000e+00
    endloop
  endfacet
  facet normal -7.655554e-01 6.433700e-01 -3.617417e-17
    outer loop
      vertex   8.148490e+00 -4.805226e+00 0.000000e+00
      vertex   8.148490e+00 -4.805226e+00 -6.000000e+00
      vertex   7.742558e+00 -5.288251e+00 0.000000e+00
    endloop
  endfacet
  facet normal -7.655554e-01 6.433700e-01 -7.715080e-17
    outer loop
      vertex   7.742558e+00 -5.288251e+00 0.000000e+00
      vertex   8.148490e+00 -4.805226e+00 -6.000000e+00
      vertex   7.742558e+00 -5.288251e+00 -6.000000e+00
    endloop
  endfacet
  facet normal -7.291180e-01 6.843880e-01 -9.468839e-17
    outer loop
      vertex   7.742558e+00 -5.288251e+00 0.000000e+00
      vertex   7.742558e+00 -5.288251e+00 -6.000000e+00
      vertex   7.310745e+00 -5.748285e+00 0.000000e+00
    endloop
  endfacet
  facet normal -7.291180e-01 6.843880e-01 2.224837e-16
    outer loop
      vertex   7.310745e+00 -5.748285e+00 0.000000e+00
      vertex   7.742558e+00 -5.288251e+00 -6.000000e+00
      vertex   7.310745e+00 -5.748285e+00 -6.000000e+00
    endloop
  endfacet
  facet normal -6.904859e-01 7.233458e-01 1.995606e-16
    outer loop
      vertex   7.310745e+00 -5.748285e+00 0.000000e+00
      vertex   7.310745e+00 -5.748285e+00 -6.000000e+00
      vertex   6.854353e+00 -6.183945e+00 0.000000e+00
    endloop
  endfacet
  facet normal -6.904859e-01 7.233458e-01 -9.248395e-17
    outer loop
      vertex   6.854353e+00 -6.183945e+00 0.000000e+00
      vertex   7.310745e+00 -5.748285e+00 -6.000000e+00
      vertex   6.854353e+00 -6.183945e+00 -6.000000e+00
    endloop
  endfacet
  facet normal -6.497753e-01 7.601264e-01 -6.351559e-17
    outer loop
      vertex   6.854353e+00 -6.183945e+00 0.000000e+00
      vertex   6.854353e+00 -6.183945e+00 -6.000000e+00
      vertex   6.374754e+00 -6.593918e+00 0.000000e+00
    endloop
  endfacet
  facet normal -6.497753e-01 7.601264e-01 9.436070e-17
    outer loop
      vertex   6.374754e+00 -6.593918e+00 0.000000e+00
      vertex   6.854353e+00 -6.183945e+00 -6.000000e+00
      vertex   6.374754e+00 -6.593918e+00 -6.000000e+00
    endloop
  endfacet
  facet normal -6.071088e-01 7.946188e-01 1.319796e-17
    outer loop
      vertex   6.374754e+00 -6.593918e+00 0.000000e+00
      vertex   6.374754e+00 -6.593918e+00 -6.000000e+00
      vertex   5.873392e+00 -6.976972e+00 0.000000e+00
    endloop
  endfacet
  facet normal -6.071088e-01 7.946188e-01 4.095502e-17
    outer loop
      vertex   5.873392e+00 -6.976972e+00 0.000000e+00
      vertex   6.374754e+00 -6.593918e+00 -6.000000e+00
      vertex   5.873392e+00 -6.976972e+00 -6.000000e+00
    endloop
  endfacet
  facet normal -5.626147e-01 8.267192e-01 -2.890918e-17
    outer loop
      vertex   5.873392e+00 -6.976972e+00 0.000000e+00
      vertex   5.873392e+00 -6.976972e+00 -6.000000e+00
      vertex   5.351776e+00 -7.331951e+00 0.000000e+00
    endloop
  endfacet
  facet normal -5.626147e-01 8.267192e-01 -2.107558e-16
    outer loop
      vertex   5.351776e+00 -7.331951e+00 0.000000e+00
      vertex   5.873392e+00 -6.976972e+00 -6.000000e+00
      vertex   5.351776e+00 -7.331951e+00 -6.000000e+00
    endloop
  endfacet
  facet normal -5.164271e-01 8.563311e-01 -1.790238e-16
    outer loop
      vertex   5.351776e+00 -7.331951e+00 0.000000e+00
      vertex   5.351776e+00 -7.331951e+00 -6.000000e+00
      vertex   4.811477e+00 -7.657789e+00 0.000000e+00
    endloop
  endfacet
  facet normal -5.164271e-01 8.563311e-01 2.293397e-16
    outer loop
      vertex   4.811477e+00 -7.657789e+00 0.000000e+00
      vertex   5.351776e+00 -7.331951e+00 -6.000000e+00
      vertex   4.811477e+00 -7.657789e+00 -6.000000e+00
    endloop
  endfacet
  facet normal -4.686850e-01 8.833654e-01 2.081380e-16
    outer loop
      vertex   4.811477e+00 -7.657789e+00 0.000000e+00
      vertex   4.811477e+00 -7.657789e+00 -6.000000e+00
      vertex   4.254121e+00 -7.953505e+00 0.000000e+00
    endloop
  endfacet
  facet normal -4.686850e-01 8.833654e-01 2.775173e-16
    outer loop
      vertex   4.254121e+00 -7.953505e+00 0.000000e+00
      vertex   4.811477e+00 -7.657789e+00 -6.000000e+00
      vertex   4.254121e+00 -7.953505e+00 -6.000000e+00
    endloop
  endfacet
  facet normal -4.195321e-01 9.077405e-01 2.484129e-16
    outer loop
      vertex   4.254121e+00 -7.953505e+00 0.000000e+00
      vertex   4.254121e+00 -7.953505e+00 -6.000000e+00
      vertex   3.681385e+00 -8.218207e+00 0.000000e+00
    endloop
  endfacet
  facet normal -4.195321e-01 9.077405e-01 9.315483e-17
    outer loop
      vertex   3.681385e+00 -8.218207e+00 0.000000e+00
      vertex   4.254121e+00 -7.953505e+00 -6.000000e+00
      vertex   3.681385e+00 -8.218207e+00 -6.000000e+00
    endloop
  endfacet
  facet normal -3.691163e-01 9.293832e-01 8.196028e-17
    outer loop
      vertex   3.681385e+00 -8.218207e+00 0.000000e+00
      vertex   3.681385e+00 -8.218207e+00 -6.000000e+00
      vertex   3.094994e+00 -8.451100e+00 0.000000e+00
    endloop
  endfacet
  facet normal -3.691163e-01 9.293832e-01 -3.551612e-16
    outer loop
      vertex   3.094994e+00 -8.451100e+00 0.000000e+00
      vertex   3.681385e+00 -8.218207e+00 -6.000000e+00
      vertex   3.094994e+00 -8.451100e+00 -6.000000e+00
    endloop
  endfacet
  facet normal -3.175894e-01 9.482283e-01 -3.055824e-16
    outer loop
      vertex   3.094994e+00 -8.451100e+00 0.000000e+00
      vertex   3.094994e+00 -8.451100e+00 -6.000000e+00
      vertex   2.496712e+00 -8.651481e+00 0.000000e+00
    endloop
  endfacet
  facet normal -3.175894e-01 9.482283e-01 -1.410380e-16
    outer loop
      vertex   2.496712e+00 -8.651481e+00 0.000000e+00
      vertex   3.094994e+00 -8.451100e+00 -6.000000e+00
      vertex   2.496712e+00 -8.651481e+00 -6.000000e+00
    endloop
  endfacet
  facet normal -2.651065e-01 9.642191e-01 -1.177309e-16
    outer loop
      vertex   2.496712e+00 -8.651481e+00 0.000000e+00
      vertex   2.496712e+00 -8.651481e+00 -6.000000e+00
      vertex   1.888342e+00 -8.818750e+00 0.000000e+00
    endloop
  endfacet
  facet normal -2.651065e-01 9.642191e-01 1.579244e-16
    outer loop
      vertex   1.888342e+00 -8.818750e+00 0.000000e+00
      vertex   2.496712e+00 -8.651481e+00 -6.000000e+00
      vertex   1.888342e+00 -8.818750e+00 -6.000000e+00
    endloop
  endfacet
  facet normal -2.118256e-01 9.773075e-01 1.874326e-16
    outer loop
      vertex   1.888342e+00 -8.818750e+00 0.000000e+00
      vertex   1.888342e+00 -8.818750e+00 -6.000000e+00
      vertex   1.271713e+00 -8.952400e+00 0.000000e+00
    endloop
  endfacet
  facet normal -2.118256e-01 9.773075e-01 -7.839121e-18
    outer loop
      vertex   1.271713e+00 -8.952400e+00 0.000000e+00
      vertex   1.888342e+00 -8.818750e+00 -6.000000e+00
      vertex   1.271713e+00 -8.952400e+00 -6.000000e+00
    endloop
  endfacet
  facet normal -1.579071e-01 9.874540e-01 -5.843735e-18
    outer loop
      vertex   1.271713e+00 -8.952400e+00 0.000000e+00
      vertex   1.271713e+00 -8.952400e+00 -6.000000e+00
      vertex   6.486820e-01 -9.052031e+00 0.000000e+00
    endloop
  endfacet
  facet normal -1.579071e-01 9.874540e-01 5.843735e-17
    outer loop
      vertex   6.486820e-01 -9.052031e+00 0.000000e+00
      vertex   1.271713e+00 -8.952400e+00 -6.000000e+00
      vertex   6.486820e-01 -9.052031e+00 -6.000000e+00
    endloop
  endfacet
  facet normal -1.035132e-01 9.946281e-01 3.830758e-17
    outer loop
      vertex   6.486820e-01 -9.052031e+00 0.000000e+00
      vertex   6.486820e-01 -9.052031e+00 -6.000000e+00
      vertex   2.112485e-02 -9.117342e+00 0.000000e+00
    endloop
  endfacet
  facet normal -1.035132e-01 9.946281e-01 3.830758e-17
    outer loop
      vertex   2.112485e-02 -9.117342e+00 0.000000e+00
      vertex   6.486820e-01 -9.052031e+00 -6.000000e+00
      vertex   2.112485e-02 -9.117342e+00 -6.000000e+00
    endloop
  endfacet
  facet normal -4.880775e-02 9.988082e-01 1.806250e-17
    outer loop
      vertex   2.112485e-02 -9.117342e+00 0.000000e+00
      vertex   2.112485e-02 -9.117342e+00 -6.000000e+00
      vertex   -6.090697e-01 -9.148137e+00 0.000000e+00
    endloop
  endfacet
  facet normal -4.880775e-02 9.988082e-01 3.973749e-17
    outer loop
      vertex   -6.090697e-01 -9.148137e+00 0.000000e+00
      vertex   2.112485e-02 -9.117342e+00 -6.000000e+00
      vertex   -6.090697e-01 -9.148137e+00 -6.000000e+00
    endloop
  endfacet
  facet normal 6.044615e-03 9.999817e-01 -4.921305e-18
    outer loop
      vertex   -6.090697e-01 -9.148137e+00 0.000000e+00
      vertex   -6.090697e-01 -9.148137e+00 -6.000000e+00
      vertex   -1.240005e+00 -9.144324e+00 0.000000e+00
    endloop
  endfacet
  facet normal 6.044615e-03 9.999817e-01 2.684348e-18
    outer loop
      vertex   -1.240005e+00 -9.144324e+00 0.000000e+00
      vertex   -6.090697e-01 -9.148137e+00 -6.000000e+00
      vertex   -1.240005e+00 -9.144324e+00 -6.000000e+00
    endloop
  endfacet
  facet normal 6.087879e-02 9.981452e-01 2.703561e-17
    outer loop
      vertex   -1.240005e+00 -9.144324e+00 0.000000e+00
      vertex   -1.240005e+00 -9.144324e+00 -6.000000e+00
      vertex   -1.869781e+00 -9.105912e+00 0.000000e+00
    endloop
  endfacet
  facet normal 6.087879e-02 9.981452e-01 2.928858e-17
    outer loop
      vertex   -1.869781e+00 -9.105912e+00 0.000000e+00
      vertex   -1.240005e+00 -9.144324e+00 -6.000000e+00
      vertex   -1.869781e+00 -9.105912e+00 -6.000000e+00
    endloop
  endfacet
  facet normal 1.155297e-01 9.933040e-01 5.558095e-17
    outer loop
      vertex   -1.869781e+00 -9.105912e+00 0.000000e+00
      vertex   -1.869781e+00 -9.105912e+00 -6.000000e+00
      vertex   -2.496503e+00 -9.033019e+00 0.000000e+00
    endloop
  endfacet
  facet normal 1.155297e-01 9.933040e-01 8.550916e-18
    outer loop
      vertex   -2.496503e+00 -9.033019e+00 0.000000e+00
      vertex   -1.869781e+00 -9.105912e+00 -6.000000e+00
      vertex   -2.496503e+00 -9.033019e+00 -6.000000e+00
    endloop
  endfacet
  facet normal 1.698329e-01 9.854729e-01 1.257016e-17
    outer loop
      vertex   -2.496503e+00 -9.033019e+00 0.000000e+00
      vertex   -2.496503e+00 -9.033019e+00 -6.000000e+00
      vertex   -3.118284e+00 -8.925864e+00 0.000000e+00
    endloop
  endfacet
  facet normal 1.698329e-01 9.854729e-01 -7.542094e-17
    outer loop
      vertex   -3.118284e+00 -8.925864e+00 0.000000e+00
      vertex   -2.496503e+00 -9.033019e+00 -6.000000e+00
      vertex   -3.118284e+00 -8.925864e+00 -6.000000e+00
    endloop
  endfacet
  facet normal 2.236248e-01 9.746753e-01 -9.930935e-17
    outer loop
      vertex   -3.118284e+00 -8.925864e+00 0.000000e+00
      vertex   -3.118284e+00 -8.925864e+00 -6.000000e+00
      vertex   -3.733252e+00 -8.784769e+00 0.000000e+00
    endloop
  endfacet
  facet normal 2.236248e-01 9.746753e-01 -7.185354e-18
    outer loop
      vertex   -3.733252e+00 -8.784769e+00 0.000000e+00
      vertex   -3.118284e+00 -8.925864e+00 -6.000000e+00
      vertex   -3.733252e+00 -8.784769e+00 -6.000000e+00
    endloop
  endfacet
  facet normal 2.767436e-01 9.609438e-01 6.371684e-17
    outer loop
      vertex   -3.733252e+00 -8.784769e+00 0.000000e+00
      vertex   -3.733252e+00 -8.784769e+00 -6.000000e+00
      vertex   -4.339556e+00 -8.610158e+00 0.000000e+00
    endloop
  endfacet
  facet normal 2.767436e-01 9.609438e-01 -3.869885e-17
    outer loop
      vertex   -4.339556e+00 -8.610158e+00 0.000000e+00
      vertex   -3.733252e+00 -8.784769e+00 -6.000000e+00
      vertex   -4.339556e+00 -8.610158e+00 -6.000000e+00
    endloop
  endfacet
  facet normal 3.290293e-01 9.443197e-01 1.266194e-17
    outer loop
      vertex   -4.339556e+00 -8.610158e+00 0.000000e+00
      vertex   -4.339556e+00 -8.610158e+00 -6.000000e+00
      vertex   -4.935371e+00 -8.402558e+00 0.000000e+00
    endloop
  endfacet
  facet normal 3.290293e-01 9.443197e-01 -4.130312e-16
    outer loop
      vertex   -4.935371e+00 -8.402558e+00 0.000000e+00
      vertex   -4.339556e+00 -8.610158e+00 -6.000000e+00
      vertex   -4.935371e+00 -8.402558e+00 -6.000000e+00
    endloop
  endfacet
  facet normal 3.803246e-01 9.248531e-01 -3.787250e-16
    outer loop
      vertex   -4.935371e+00 -8.402558e+00 0.000000e+00
      vertex   -4.935371e+00 -8.402558e+00 -6.000000e+00
      vertex   -5.518904e+00 -8.162594e+00 0.000000e+00
    endloop
  endfacet
  facet normal 3.803246e-01 9.248531e-01 2.251974e-16
    outer loop
      vertex   -5.518904e+00 -8.162594e+00 0.000000e+00
      vertex   -4.935371e+00 -8.402558e+00 -6.000000e+00
      vertex   -5.518904e+00 -8.162594e+00 -6.000000e+00
    endloop
  endfacet
  facet normal 4.304751e-01 9.026025e-01 2.548925e-16
    outer loop
      vertex   -5.518904e+00 -8.162594e+00 0.000000e+00
      vertex   -5.518904e+00 -8.162594e+00 -6.000000e+00
      vertex   -6.088398e+00 -7.890987e+00 0.000000e+00
    endloop
  endfacet
  facet normal 4.304751e-01 9.026025e-01 0.000000e+00
    outer loop
      vertex   -6.088398e+00 -7.890987e+00 0.000000e+00
      vertex   -5.518904e+00 -8.162594e+00 -6.000000e+00
      vertex   -6.088398e+00 -7.890987e+00 -6.000000e+00
    endloop
  endfacet
  facet normal 4.793298e-01 8.776349e-01 0.000000e+00
    outer loop
      vertex   -6.088398e+00 -7.890987e+00 0.000000e+00
      vertex   -6.088398e+00 -7.890987e+00 -6.000000e+00
      vertex   -6.642139e+00 -7.588555e+00 0.000000e+00
    endloop
  endfacet
  facet normal 4.793298e-01 8.776349e-01 -1.199406e-17
    outer loop
      vertex   -6.642139e+00 -7.588555e+00 0.000000e+00
      vertex   -6.088398e+00 -7.890987e+00 -6.000000e+00
      vertex   -6.642139e+00 -7.588555e+00 -6.000000e+00
    endloop
  endfacet
  facet normal 5.267416e-01 8.500255e-01 -3.011779e-17
    outer loop
      vertex   -6.642139e+00 -7.588555e+00 0.000000e+00
      vertex   -6.642139e+00 -7.588555e+00 -6.000000e+00
      vertex   -7.178459e+00 -7.256210e+00 0.000000e+00
    endloop
  endfacet
  facet normal 5.267416e-01 8.500255e-01 -3.011779e-17
    outer loop
      vertex   -7.178459e+00 -7.256210e+00 0.000000e+00
      vertex   -6.642139e+00 -7.588555e+00 -6.000000e+00
      vertex   -7.178459e+00 -7.256210e+00 -6.000000e+00
    endloop
  endfacet
  facet normal 5.725678e-01 8.198574e-01 -4.815086e-17
    outer loop
      vertex   -7.178459e+00 -7.256210e+00 0.000000e+00
      vertex   -7.178459e+00 -7.256210e+00 -6.000000e+00
      vertex   -7.695745e+00 -6.894950e+00 0.000000e+00
    endloop
  endfacet
  facet normal 5.725678e-01 8.198574e-01 -1.464248e-16
    outer loop
      vertex   -7.695745e+00 -6.894950e+00 0.000000e+00
      vertex   -7.178459e+00 -7.256210e+00 -6.000000e+00
      vertex   -7.695745e+00 -6.894950e+00 -6.000000e+00
    endloop
  endfacet
  facet normal 6.166705e-01 7.872213e-01 -1.009864e-16
    outer loop
      vertex   -7.695745e+00 -6.894950e+00 0.000000e+00
      vertex   -7.695745e+00 -6.894950e+00 -6.000000e+00
      vertex   -8.192440e+00 -6.505864e+00 0.000000e+00
    endloop
  endfacet
  facet normal 6.166705e-01 7.872213e-01 1.554581e-17
    outer loop
      vertex   -8.192440e+00 -6.505864e+00 0.000000e+00
      vertex   -7.695745e+00 -6.894950e+00 -6.000000e+00
      vertex   -8.192440e+00 -6.505864e+00 -6.000000e+00
    endloop
  endfacet
  facet normal 6.589170e-01 7.522157e-01 5.610637e-17
    outer loop
      vertex   -8.192440e+00 -6.505864e+00 0.000000e+00
      vertex   -8.192440e+00 -6.505864e+00 -6.000000e+00
      vertex   -8.667048e+00 -6.090122e+00 0.000000e+00
    endloop
  endfacet
  facet normal 6.589170e-01 7.522157e-01 -2.503225e-16
    outer loop
      vertex   -8.667048e+00 -6.090122e+00 0.000000e+00
      vertex   -8.192440e+00 -6.505864e+00 -6.000000e+00
      vertex   -8.667048e+00 -6.090122e+00 -6.000000e+00
    endloop
  endfacet
  facet normal 6.991800e-01 7.149457e-01 -2.163340e-16
    outer loop
      vertex   -8.667048e+00 -6.090122e+00 0.000000e+00
      vertex   -8.667048e+00 -6.090122e+00 -6.000000e+00
      vertex   -9.118140e+00 -5.648977e+00 0.000000e+00
    endloop
  endfacet
  facet normal 6.991800e-01 7.149457e-01 0.000000e+00
    outer loop
      vertex   -9.118140e+00 -5.648977e+00 0.000000e+00
      vertex   -8.667048e+00 -6.090122e+00 -6.000000e+00
      vertex   -9.118140e+00 -5.648977e+00 -6.000000e+00
    endloop
  endfacet
  facet normal 7.373383e-01 6.755236e-01 0.000000e+00
    outer loop
      vertex   -9.118140e+00 -5.648977e+00 0.000000e+00
      vertex   -9.118140e+00 -5.648977e+00 -6.000000e+00
      vertex   -9.544360e+00 -5.183756e+00 0.000000e+00
    endloop
  endfacet
  facet normal 7.373383e-01 6.755236e-01 -1.182984e-16
    outer loop
      vertex   -9.544360e+00 -5.183756e+00 0.000000e+00
      vertex   -9.118140e+00 -5.648977e+00 -6.000000e+00
      vertex   -9.544360e+00 -5.183756e+00 -6.000000e+00
    endloop
  endfacet
  facet normal 7.732772e-01 6.340681e-01 -1.350751e-16
    outer loop
      vertex   -9.544360e+00 -5.183756e+00 0.000000e+00
      vertex   -9.544360e+00 -5.183756e+00 -6.000000e+00
      vertex   -9.944423e+00 -4.695859e+00 0.000000e+00
    endloop
  endfacet
  facet normal 7.732772e-01 6.340681e-01 9.386094e-17
    outer loop
      vertex   -9.944423e+00 -4.695859e+00 0.000000e+00
      vertex   -9.544360e+00 -5.183756e+00 -6.000000e+00
      vertex   -9.944423e+00 -4.695859e+00 -6.000000e+00
    endloop
  endfacet
  facet normal 8.068883e-01 5.907040e-01 8.744176e-17
    outer loop
      vertex   -9.944423e+00 -4.695859e+00 0.000000e+00
      vertex   -9.944423e+00 -4.695859e+00 -6.000000e+00
      vertex   -1.031713e+01 -4.186756e+00 0.000000e+00
    endloop
  endfacet
  facet normal 8.068883e-01 5.907040e-01 -1.343184e-16
    outer loop
      vertex   -1.031713e+01 -4.186756e+00 0.000000e+00
      vertex   -9.944423e+00 -4.695859e+00 -6.000000e+00
      vertex   -1.031713e+01 -4.186756e+00 -6.000000e+00
    endloop
  endfacet
  facet normal 8.380706e-01 5.455617e-01 -6.907801e-17
    outer loop
      vertex   -1.031713e+01 -4.186756e+00 0.000000e+00
      vertex   -1.031713e+01 -4.186756e+00 -6.000000e+00
      vertex   -1.066135e+01 -3.657978e+00 0.000000e+00
    endloop
  endfacet
  facet normal 8.380706e-01 5.455617e-01 -1.556780e-16
    outer loop
      vertex   -1.066135e+01 -3.657978e+00 0.000000e+00
      vertex   -1.031713e+01 -4.186756e+00 -6.000000e+00
      vertex   -1.066135e+01 -3.657978e+00 -6.000000e+00
    endloop
  endfacet
  facet normal 8.667302e-01 4.987772e-01 -1.125656e-16
    outer loop
      vertex   -1.066135e+01 -3.657978e+00 0.000000e+00
      vertex   -1.066135e+01 -3.657978e+00 -6.000000e+00
      vertex   -1.097605e+01 -3.111118e+00 0.000000e+00
    endloop
  endfacet
  facet normal 8.667302e-01 4.987772e-01 3.286227e-16
    outer loop
      vertex   -1.097605e+01 -3.111118e+00 0.000000e+00
      vertex   -1.066135e+01 -3.657978e+00 -6.000000e+00
      vertex   -1.097605e+01 -3.111118e+00 -6.000000e+00
    endloop
  endfacet
  facet normal 8.927808e-01 4.504914e-01 3.619171e-16
    outer loop
      vertex   -1.097605e+01 -3.111118e+00 0.000000e+00
      vertex   -1.097605e+01 -3.111118e+00 -6.000000e+00
      vertex   -1.126028e+01 -2.547821e+00 0.000000e+00
    endloop
  endfacet
  facet normal 8.927808e-01 4.504914e-01 0.000000e+00
    outer loop
      vertex   -1.126028e+01 -2.547821e+00 0.000000e+00
      vertex   -1.097605e+01 -3.111118e+00 -6.000000e+00
      vertex   -1.126028e+01 -2.547821e+00 -6.000000e+00
    endloop
  endfacet
  facet normal 9.161440e-01 4.008494e-01 0.000000e+00
    outer loop
      vertex   -1.126028e+01 -2.547821e+00 0.000000e+00
      vertex   -1.126028e+01 -2.547821e+00 -6.000000e+00
      vertex   -1.151320e+01 -1.969783e+00 0.000000e+00
    endloop
  endfacet
  facet normal 9.161440e-01 4.008494e-01 7.417204e-17
    outer loop
      vertex   -1.151320e+01 -1.969783e+00 0.000000e+00
      vertex   -1.126028e+01 -2.547821e+00 -6.000000e+00
      vertex   -1.151320e+01 -1.969783e+00 -6.000000e+00
    endloop
  endfacet
  facet normal 9.367494e-01 3.500009e-01 6.476317e-17
    outer loop
      vertex   -1.151320e+01 -1.969783e+00 0.000000e+00
      vertex   -1.151320e+01 -1.969783e+00 -6.000000e+00
      vertex   -1.173403e+01 -1.378744e+00 0.000000e+00
    endloop
  endfacet
  facet normal 9.367494e-01 3.500009e-01 1.295263e-16
    outer loop
      vertex   -1.173403e+01 -1.378744e+00 0.000000e+00
      vertex   -1.151320e+01 -1.969783e+00 -6.000000e+00
      vertex   -1.173403e+01 -1.378744e+00 -6.000000e+00
    endloop
  endfacet
  facet normal 9.545350e-01 2.980987e-01 1.103187e-16
    outer loop
      vertex   -1.173403e+01 -1.378744e+00 0.000000e+00
      vertex   -1.173403e+01 -1.378744e+00 -6.000000e+00
      vertex   -1.192211e+01 -7.764835e-01 0.000000e+00
    endloop
  endfacet
  facet normal 9.545350e-01 2.980987e-01 -3.033764e-16
    outer loop
      vertex   -1.192211e+01 -7.764835e-01 0.000000e+00
      vertex   -1.173403e+01 -1.378744e+00 -6.000000e+00
      vertex   -1.192211e+01 -7.764835e-01 -6.000000e+00
    endloop
  endfacet
  facet normal 9.694474e-01 2.452993e-01 -2.496422e-16
    outer loop
      vertex   -1.192211e+01 -7.764835e-01 0.000000e+00
      vertex   -1.192211e+01 -7.764835e-01 -6.000000e+00
      vertex   -1.207689e+01 -1.648140e-01 0.000000e+00
    endloop
  endfacet
  facet normal 9.694474e-01 2.452993e-01 -1.588632e-16
    outer loop
      vertex   -1.207689e+01 -1.648140e-01 0.000000e+00
      vertex   -1.192211e+01 -7.764835e-01 -6.000000e+00
      vertex   -1.207689e+01 -1.648140e-01 -6.000000e+00
    endloop
  endfacet
  facet normal 9.814416e-01 1.917615e-01 -1.241905e-16
    outer loop
      vertex   -1.207689e+01 -1.648140e-01 0.000000e+00
      vertex   -1.207689e+01 -1.648140e-01 -6.000000e+00
      vertex   -1.219788e+01 4.544231e-01 0.000000e+00
    endloop
  endfacet
  facet normal 9.814416e-01 1.917615e-01 0.000000e+00
    outer loop
      vertex   -1.219788e+01 4.544231e-01 0.000000e+00
      vertex   -1.207689e+01 -1.648140e-01 -6.000000e+00
      vertex   -1.219788e+01 4.544231e-01 -6.000000e+00
    endloop
  endfacet
  facet normal 6.407653e-01 -2.990315e-01 7.071068e-01
    outer loop
      vertex   -1.664910e+01 -1.864960e+01 8.500000e+00
      vertex   -1.786496e+01 -1.889029e+01 9.500000e+00
      vertex   -1.710739e+01 -1.963162e+01 8.500000e+00
    endloop
  endfacet
  facet normal 6.407653e-01 -2.990315e-01 7.071068e-01
    outer loop
      vertex   -1.710739e+01 -1.963162e+01 8.500000e+00
      vertex   -1.786496e+01 -1.889029e+01 9.500000e+00
      vertex   -1.801357e+01 -1.920873e+01 9.500000e+00
    endloop
  endfacet
  facet normal 4.797396e-01 5.182136e-01 7.080286e-01
    outer loop
      vertex   -1.664910e+01 -1.864960e+01 8.500000e+00
      vertex   -1.731241e+01 -1.803554e+01 8.500000e+00
      vertex   -1.786496e+01 -1.889029e+01 9.500000e+00
    endloop
  endfacet
  facet normal 4.953736e-01 5.059151e-01 7.061550e-01
    outer loop
      vertex   -1.786496e+01 -1.889029e+01 9.500000e+00
      vertex   -1.731241e+01 -1.803554e+01 8.500000e+00
      vertex   -1.850999e+01 -1.825871e+01 9.500000e+00
    endloop
  endfacet
  facet normal 4.980674e-01 5.004394e-01 7.081591e-01
    outer loop
      vertex   -1.850999e+01 -1.825871e+01 9.500000e+00
      vertex   -1.731241e+01 -1.803554e+01 8.500000e+00
      vertex   -1.795308e+01 -1.739790e+01 8.500000e+00
    endloop
  endfacet
  facet normal 5.127230e-01 4.884935e-01 7.060377e-01
    outer loop
      vertex   -1.850999e+01 -1.825871e+01 9.500000e+00
      vertex   -1.795308e+01 -1.739790e+01 8.500000e+00
      vertex   -1.913270e+01 -1.760511e+01 9.500000e+00
    endloop
  endfacet
  facet normal 5.157512e-01 4.820306e-01 7.082706e-01
    outer loop
      vertex   -1.913270e+01 -1.760511e+01 9.500000e+00
      vertex   -1.795308e+01 -1.739790e+01 8.500000e+00
      vertex   -1.857029e+01 -1.673752e+01 8.500000e+00
    endloop
  endfacet
  facet normal 5.294463e-01 4.704650e-01 7.059386e-01
    outer loop
      vertex   -1.913270e+01 -1.760511e+01 9.500000e+00
      vertex   -1.857029e+01 -1.673752e+01 8.500000e+00
      vertex   -1.973234e+01 -1.693029e+01 9.500000e+00
    endloop
  endfacet
  facet normal 5.327695e-01 4.630099e-01 7.083632e-01
    outer loop
      vertex   -1.973234e+01 -1.693029e+01 9.500000e+00
      vertex   -1.857029e+01 -1.673752e+01 8.500000e+00
      vertex   -1.916322e+01 -1.605525e+01 8.500000e+00
    endloop
  endfacet
  facet normal 5.455218e-01 4.518526e-01 7.058578e-01
    outer loop
      vertex   -1.973234e+01 -1.693029e+01 9.500000e+00
      vertex   -1.916322e+01 -1.605525e+01 8.500000e+00
      vertex   -2.030820e+01 -1.623506e+01 9.500000e+00
    endloop
  endfacet
  facet normal 5.491017e-01 4.434009e-01 7.084370e-01
    outer loop
      vertex   -2.030820e+01 -1.623506e+01 9.500000e+00
      vertex   -1.916322e+01 -1.605525e+01 8.500000e+00
      vertex   -1.973110e+01 -1.535200e+01 8.500000e+00
    endloop
  endfacet
  facet normal 5.609288e-01 4.326799e-01 7.057952e-01
    outer loop
      vertex   -2.030820e+01 -1.623506e+01 9.500000e+00
      vertex   -1.973110e+01 -1.535200e+01 8.500000e+00
      vertex   -2.085957e+01 -1.552025e+01 9.500000e+00
    endloop
  endfacet
  facet normal 5.647278e-01 4.232278e-01 7.084919e-01
    outer loop
      vertex   -2.085957e+01 -1.552025e+01 9.500000e+00
      vertex   -1.973110e+01 -1.535200e+01 8.500000e+00
      vertex   -2.027318e+01 -1.462868e+01 8.500000e+00
    endloop
  endfacet
  facet normal 5.756474e-01 4.129716e-01 7.057510e-01
    outer loop
      vertex   -2.085957e+01 -1.552025e+01 9.500000e+00
      vertex   -2.027318e+01 -1.462868e+01 8.500000e+00
      vertex   -2.138580e+01 -1.478674e+01 9.500000e+00
    endloop
  endfacet
  facet normal 5.796288e-01 4.025154e-01 7.085280e-01
    outer loop
      vertex   -2.138580e+01 -1.478674e+01 9.500000e+00
      vertex   -2.027318e+01 -1.462868e+01 8.500000e+00
      vertex   -2.078876e+01 -1.388623e+01 8.500000e+00
    endloop
  endfacet
  facet normal 5.896587e-01 3.927529e-01 7.057250e-01
    outer loop
      vertex   -2.138580e+01 -1.478674e+01 9.500000e+00
      vertex   -2.078876e+01 -1.388623e+01 8.500000e+00
      vertex   -2.188624e+01 -1.403540e+01 9.500000e+00
    endloop
  endfacet
  facet normal 5.937864e-01 3.812891e-01 7.085452e-01
    outer loop
      vertex   -2.188624e+01 -1.403540e+01 9.500000e+00
      vertex   -2.078876e+01 -1.388623e+01 8.500000e+00
      vertex   -2.127716e+01 -1.312563e+01 8.500000e+00
    endloop
  endfacet
  facet normal 6.029445e-01 3.720496e-01 7.057174e-01
    outer loop
      vertex   -2.188624e+01 -1.403540e+01 9.500000e+00
      vertex   -2.127716e+01 -1.312563e+01 8.500000e+00
      vertex   -2.236030e+01 -1.326713e+01 9.500000e+00
    endloop
  endfacet
  facet normal 6.071834e-01 3.595751e-01 7.085436e-01
    outer loop
      vertex   -2.236030e+01 -1.326713e+01 9.500000e+00
      vertex   -2.127716e+01 -1.312563e+01 8.500000e+00
      vertex   -2.173775e+01 -1.234788e+01 8.500000e+00
    endloop
  endfacet
  facet normal 6.154878e-01 3.508882e-01 7.057281e-01
    outer loop
      vertex   -2.236030e+01 -1.326713e+01 9.500000e+00
      vertex   -2.173775e+01 -1.234788e+01 8.500000e+00
      vertex   -2.280741e+01 -1.248288e+01 9.500000e+00
    endloop
  endfacet
  facet normal 6.198033e-01 3.373999e-01 7.085232e-01
    outer loop
      vertex   -2.280741e+01 -1.248288e+01 9.500000e+00
      vertex   -2.173775e+01 -1.234788e+01 8.500000e+00
      vertex   -2.216993e+01 -1.155398e+01 8.500000e+00
    endloop
  endfacet
  facet normal 6.272727e-01 3.292961e-01 7.057571e-01
    outer loop
      vertex   -2.280741e+01 -1.248288e+01 9.500000e+00
      vertex   -2.216993e+01 -1.155398e+01 8.500000e+00
      vertex   -2.322701e+01 -1.168357e+01 9.500000e+00
    endloop
  endfacet
  facet normal 6.316306e-01 3.147908e-01 7.084840e-01
    outer loop
      vertex   -2.322701e+01 -1.168357e+01 9.500000e+00
      vertex   -2.216993e+01 -1.155398e+01 8.500000e+00
      vertex   -2.257312e+01 -1.074497e+01 8.500000e+00
    endloop
  endfacet
  facet normal 6.382839e-01 3.073008e-01 7.058044e-01
    outer loop
      vertex   -2.322701e+01 -1.168357e+01 9.500000e+00
      vertex   -2.257312e+01 -1.074497e+01 8.500000e+00
      vertex   -2.361862e+01 -1.087018e+01 9.500000e+00
    endloop
  endfacet
  facet normal 6.426506e-01 2.917755e-01 7.084259e-01
    outer loop
      vertex   -2.361862e+01 -1.087018e+01 9.500000e+00
      vertex   -2.257312e+01 -1.074497e+01 8.500000e+00
      vertex   -2.294680e+01 -9.921923e+00 8.500000e+00
    endloop
  endfacet
  facet normal 6.485075e-01 2.849306e-01 7.058700e-01
    outer loop
      vertex   -2.361862e+01 -1.087018e+01 9.500000e+00
      vertex   -2.294680e+01 -9.921923e+00 8.500000e+00
      vertex   -2.398175e+01 -1.004369e+01 9.500000e+00
    endloop
  endfacet
  facet normal 6.528497e-01 2.683820e-01 7.083490e-01
    outer loop
      vertex   -2.398175e+01 -1.004369e+01 9.500000e+00
      vertex   -2.294680e+01 -9.921923e+00 8.500000e+00
      vertex   -2.329048e+01 -9.085902e+00 8.500000e+00
    endloop
  endfacet
  facet normal 6.579306e-01 2.622143e-01 7.059539e-01
    outer loop
      vertex   -2.398175e+01 -1.004369e+01 9.500000e+00
      vertex   -2.329048e+01 -9.085902e+00 8.500000e+00
      vertex   -2.431597e+01 -9.205083e+00 9.500000e+00
    endloop
  endfacet
  facet normal 6.622153e-01 2.446391e-01 7.082532e-01
    outer loop
      vertex   -2.431597e+01 -9.205083e+00 9.500000e+00
      vertex   -2.329048e+01 -9.085902e+00 8.500000e+00
      vertex   -2.360371e+01 -8.238003e+00 8.500000e+00
    endloop
  endfacet
  facet normal 6.665412e-01 2.391812e-01 7.060561e-01
    outer loop
      vertex   -2.431597e+01 -9.205083e+00 9.500000e+00
      vertex   -2.360371e+01 -8.238003e+00 8.500000e+00
      vertex   -2.462088e+01 -8.355383e+00 9.500000e+00
    endloop
  endfacet
  facet normal 6.707355e-01 2.205758e-01 7.081385e-01
    outer loop
      vertex   -2.462088e+01 -8.355383e+00 9.500000e+00
      vertex   -2.360371e+01 -8.238003e+00 8.500000e+00
      vertex   -2.388609e+01 -7.379334e+00 8.500000e+00
    endloop
  endfacet
  facet normal 6.743285e-01 2.158608e-01 7.061765e-01
    outer loop
      vertex   -2.462088e+01 -8.355383e+00 9.500000e+00
      vertex   -2.388609e+01 -7.379334e+00 8.500000e+00
      vertex   -2.489610e+01 -7.495609e+00 9.500000e+00
    endloop
  endfacet
  facet normal 6.783997e-01 1.962215e-01 7.080049e-01
    outer loop
      vertex   -2.489610e+01 -7.495609e+00 9.500000e+00
      vertex   -2.388609e+01 -7.379334e+00 8.500000e+00
      vertex   -2.413725e+01 -6.511019e+00 8.500000e+00
    endloop
  endfacet
  facet normal 6.812827e-01 1.922832e-01 7.063151e-01
    outer loop
      vertex   -2.489610e+01 -7.495609e+00 9.500000e+00
      vertex   -2.413725e+01 -6.511019e+00 8.500000e+00
      vertex   -2.514131e+01 -6.626799e+00 9.500000e+00
    endloop
  endfacet
  facet normal 6.851981e-01 1.716060e-01 7.078524e-01
    outer loop
      vertex   -2.514131e+01 -6.626799e+00 9.500000e+00
      vertex   -2.413725e+01 -6.511019e+00 8.500000e+00
      vertex   -2.435684e+01 -5.634192e+00 8.500000e+00
    endloop
  endfacet
  facet normal 6.873954e-01 1.684787e-01 7.064719e-01
    outer loop
      vertex   -2.514131e+01 -6.626799e+00 9.500000e+00
      vertex   -2.435684e+01 -5.634192e+00 8.500000e+00
      vertex   -2.535621e+01 -5.750000e+00 9.500000e+00
    endloop
  endfacet
  facet normal 6.911220e-01 1.467593e-01 7.076808e-01
    outer loop
      vertex   -2.535621e+01 -5.750000e+00 9.500000e+00
      vertex   -2.435684e+01 -5.634192e+00 8.500000e+00
      vertex   -2.454460e+01 -4.750000e+00 8.500000e+00
    endloop
  endfacet
  facet normal 0.000000e+00 7.071068e-01 7.071068e-01
    outer loop
      vertex   -2.454460e+01 -4.750000e+00 8.500000e+00
      vertex   -3.100000e+01 -4.750000e+00 8.500000e+00
      vertex   -2.535621e+01 -5.750000e+00 9.500000e+00
    endloop
  endfacet
  facet normal 0.000000e+00 7.071068e-01 7.071068e-01
    outer loop
      vertex   -2.535621e+01 -5.750000e+00 9.500000e+00
      vertex   -3.100000e+01 -4.750000e+00 8.500000e+00
      vertex   -3.200000e+01 -5.750000e+00 9.500000e+00
    endloop
  endfacet
  facet normal 7.071068e-01 0.000000e+00 7.071068e-01
    outer loop
      vertex   -3.100000e+01 4.750000e+00 8.500000e+00
      vertex   -3.200000e+01 5.750000e+00 9.500000e+00
      vertex   -3.100000e+01 -4.750000e+00 8.500000e+00
    endloop
  endfacet
  facet normal 7.071068e-01 0.000000e+00 7.071068e-01
    outer loop
      vertex   -3.100000e+01 -4.750000e+00 8.500000e+00
      vertex   -3.200000e+01 5.750000e+00 9.500000e+00
      vertex   -3.200000e+01 -5.750000e+00 9.500000e+00
    endloop
  endfacet
  facet normal 0.000000e+00 -7.071068e-01 7.071068e-01
    outer loop
      vertex   -3.200000e+01 5.750000e+00 9.500000e+00
      vertex   -3.100000e+01 4.750000e+00 8.500000e+00
      vertex   -2.535621e+01 5.750000e+00 9.500000e+00
    endloop
  endfacet
  facet normal 0.000000e+00 -7.071068e-01 7.071068e-01
    outer loop
      vertex   -2.535621e+01 5.750000e+00 9.500000e+00
      vertex   -3.100000e+01 4.750000e+00 8.500000e+00
      vertex   -2.454460e+01 4.750000e+00 8.500000e+00
    endloop
  endfacet
  facet normal 6.798359e-01 -1.955081e-01 7.068237e-01
    outer loop
      vertex   -2.389963e+01 7.335385e+00 8.500000e+00
      vertex   -2.512003e+01 6.707032e+00 9.500000e+00
      vertex   -2.414521e+01 6.481415e+00 8.500000e+00
    endloop
  endfacet
  facet normal 6.842404e-01 -1.780674e-01 7.071824e-01
    outer loop
      vertex   -2.414521e+01 6.481415e+00 8.500000e+00
      vertex   -2.512003e+01 6.707032e+00 9.500000e+00
      vertex   -2.520278e+01 6.389025e+00 9.500000e+00
    endloop
  endfacet
  facet normal 6.847908e-01 -1.708348e-01 7.084328e-01
    outer loop
      vertex   -2.414521e+01 6.481415e+00 8.500000e+00
      vertex   -2.520278e+01 6.389025e+00 9.500000e+00
      vertex   -2.436029e+01 5.619257e+00 8.500000e+00
    endloop
  endfacet
  facet normal 6.856908e-01 -1.692217e-01 7.079492e-01
    outer loop
      vertex   -2.436029e+01 5.619257e+00 8.500000e+00
      vertex   -2.520278e+01 6.389025e+00 9.500000e+00
      vertex   -2.528152e+01 6.069997e+00 9.500000e+00
    endloop
  endfacet
  facet normal 6.887455e-01 -1.607689e-01 7.069533e-01
    outer loop
      vertex   -2.436029e+01 5.619257e+00 8.500000e+00
      vertex   -2.528152e+01 6.069997e+00 9.500000e+00
      vertex   -2.535621e+01 5.750000e+00 9.500000e+00
    endloop
  endfacet
  facet normal 6.912527e-01 -1.465656e-01 7.075932e-01
    outer loop
      vertex   -2.535621e+01 5.750000e+00 9.500000e+00
      vertex   -2.454460e+01 4.750000e+00 8.500000e+00
      vertex   -2.436029e+01 5.619257e+00 8.500000e+00
    endloop
  endfacet
  facet normal -2.362570e-01 -6.664703e-01 7.071068e-01
    outer loop
      vertex   -2.145414e+01 1.283432e+01 8.500000e+00
      vertex   -2.187941e+01 1.404605e+01 9.500000e+00
      vertex   -2.468149e+01 1.397838e+01 8.500000e+00
    endloop
  endfacet
  facet normal -2.362570e-01 -6.664703e-01 7.071068e-01
    outer loop
      vertex   -2.468149e+01 1.397838e+01 8.500000e+00
      vertex   -2.187941e+01 1.404605e+01 9.500000e+00
      vertex   -2.434737e+01 1.492092e+01 9.500000e+00
    endloop
  endfacet
  facet normal 4.793094e-01 -5.190503e-01 7.077070e-01
    outer loop
      vertex   -1.664910e+01 1.864960e+01 8.500000e+00
      vertex   -1.786496e+01 1.889029e+01 9.500000e+00
      vertex   -1.726721e+01 1.807881e+01 8.500000e+00
    endloop
  endfacet
  facet normal 4.951816e-01 -5.057542e-01 7.064049e-01
    outer loop
      vertex   -1.726721e+01 1.807881e+01 8.500000e+00
      vertex   -1.786496e+01 1.889029e+01 9.500000e+00
      vertex   -1.850872e+01 1.826000e+01 9.500000e+00
    endloop
  endfacet
  facet normal 4.965835e-01 -5.027088e-01 7.075936e-01
    outer loop
      vertex   -1.726721e+01 1.807881e+01 8.500000e+00
      vertex   -1.850872e+01 1.826000e+01 9.500000e+00
      vertex   -1.786578e+01 1.748754e+01 8.500000e+00
    endloop
  endfacet
  facet normal 5.123245e-01 -4.882158e-01 7.065189e-01
    outer loop
      vertex   -1.786578e+01 1.748754e+01 8.500000e+00
      vertex   -1.850872e+01 1.826000e+01 9.500000e+00
      vertex   -1.913025e+01 1.760777e+01 9.500000e+00
    endloop
  endfacet
  facet normal 5.133072e-01 -4.857988e-01 7.074710e-01
    outer loop
      vertex   -1.786578e+01 1.748754e+01 8.500000e+00
      vertex   -1.913025e+01 1.760777e+01 9.500000e+00
      vertex   -1.844410e+01 1.687647e+01 8.500000e+00
    endloop
  endfacet
  facet normal 5.288402e-01 -4.700910e-01 7.066417e-01
    outer loop
      vertex   -1.844410e+01 1.687647e+01 8.500000e+00
      vertex   -1.913025e+01 1.760777e+01 9.500000e+00
      vertex   -1.972881e+01 1.693441e+01 9.500000e+00
    endloop
  endfacet
  facet normal 5.294621e-01 -4.683387e-01 7.073392e-01
    outer loop
      vertex   -1.844410e+01 1.687647e+01 8.500000e+00
      vertex   -1.972881e+01 1.693441e+01 9.500000e+00
      vertex   -1.900154e+01 1.624628e+01 8.500000e+00
    endloop
  endfacet
  facet normal 5.447085e-01 -4.514025e-01 7.067732e-01
    outer loop
      vertex   -1.900154e+01 1.624628e+01 8.500000e+00
      vertex   -1.972881e+01 1.693441e+01 9.500000e+00
      vertex   -2.030368e+01 1.624070e+01 9.500000e+00
    endloop
  endfacet
  facet normal 5.450303e-01 -4.503473e-01 7.071981e-01
    outer loop
      vertex   -1.900154e+01 1.624628e+01 8.500000e+00
      vertex   -2.030368e+01 1.624070e+01 9.500000e+00
      vertex   -1.953745e+01 1.559769e+01 8.500000e+00
    endloop
  endfacet
  facet normal 5.599101e-01 -4.321736e-01 7.069135e-01
    outer loop
      vertex   -1.953745e+01 1.559769e+01 8.500000e+00
      vertex   -2.030368e+01 1.624070e+01 9.500000e+00
      vertex   -2.085418e+01 1.552750e+01 9.500000e+00
    endloop
  endfacet
  facet normal 5.599946e-01 -4.318442e-01 7.070479e-01
    outer loop
      vertex   -1.953745e+01 1.559769e+01 8.500000e+00
      vertex   -2.085418e+01 1.552750e+01 9.500000e+00
      vertex   -2.005124e+01 1.493144e+01 8.500000e+00
    endloop
  endfacet
  facet normal 5.741943e-01 -4.127459e-01 7.070655e-01
    outer loop
      vertex   -2.005124e+01 1.493144e+01 8.500000e+00
      vertex   -2.085418e+01 1.552750e+01 9.500000e+00
      vertex   -2.054232e+01 1.424827e+01 8.500000e+00
    endloop
  endfacet
  facet normal 5.745606e-01 -4.125249e-01 7.068970e-01
    outer loop
      vertex   -2.054232e+01 1.424827e+01 8.500000e+00
      vertex   -2.085418e+01 1.552750e+01 9.500000e+00
      vertex   -2.137963e+01 1.479566e+01 9.500000e+00
    endloop
  endfacet
  facet normal 5.876337e-01 -3.931080e-01 7.072148e-01
    outer loop
      vertex   -2.054232e+01 1.424827e+01 8.500000e+00
      vertex   -2.137963e+01 1.479566e+01 9.500000e+00
      vertex   -2.101013e+01 1.354897e+01 8.500000e+00
    endloop
  endfacet
  facet normal 5.886239e-01 -3.924479e-01 7.067577e-01
    outer loop
      vertex   -2.101013e+01 1.354897e+01 8.500000e+00
      vertex   -2.137963e+01 1.479566e+01 9.500000e+00
      vertex   -2.187941e+01 1.404605e+01 9.500000e+00
    endloop
  endfacet
  facet normal 6.004098e-01 -3.730380e-01 7.073547e-01
    outer loop
      vertex   -2.101013e+01 1.354897e+01 8.500000e+00
      vertex   -2.187941e+01 1.404605e+01 9.500000e+00
      vertex   -2.145414e+01 1.283432e+01 8.500000e+00
    endloop
  endfacet
  facet normal 6.407653e-01 2.990315e-01 7.071068e-01
    outer loop
      vertex   -1.801357e+01 1.920873e+01 9.500000e+00
      vertex   -1.786496e+01 1.889029e+01 9.500000e+00
      vertex   -1.710739e+01 1.963162e+01 8.500000e+00
    endloop
  endfacet
  facet normal 6.407653e-01 2.990315e-01 7.071068e-01
    outer loop
      vertex   -1.710739e+01 1.963162e+01 8.500000e+00
      vertex   -1.786496e+01 1.889029e+01 9.500000e+00
      vertex   -1.664910e+01 1.864960e+01 8.500000e+00
    endloop
  endfacet
  facet normal 2.669272e-01 6.551974e-01 7.067292e-01
    outer loop
      vertex   -2.702032e+01 7.380666e+00 9.500000e+00
      vertex   -2.668620e+01 8.323197e+00 8.500000e+00
      vertex   -2.736248e+01 7.520062e+00 9.500000e+00
    endloop
  endfacet
  facet normal 2.706910e-01 6.528965e-01 7.074267e-01
    outer loop
      vertex   -2.736248e+01 7.520062e+00 9.500000e+00
      vertex   -2.668620e+01 8.323197e+00 8.500000e+00
      vertex   -2.697627e+01 8.443461e+00 8.500000e+00
    endloop
  endfacet
  facet normal 3.264840e-01 6.282381e-01 7.062047e-01
    outer loop
      vertex   -2.736248e+01 7.520062e+00 9.500000e+00
      vertex   -2.697627e+01 8.443461e+00 8.500000e+00
      vertex   -2.769032e+01 7.690435e+00 9.500000e+00
    endloop
  endfacet
  facet normal 3.371729e-01 6.205068e-01 7.080153e-01
    outer loop
      vertex   -2.769032e+01 7.690435e+00 9.500000e+00
      vertex   -2.697627e+01 8.443461e+00 8.500000e+00
      vertex   -2.725218e+01 8.593388e+00 8.500000e+00
    endloop
  endfacet
  facet normal 3.832540e-01 5.957390e-01 7.058409e-01
    outer loop
      vertex   -2.769032e+01 7.690435e+00 9.500000e+00
      vertex   -2.725218e+01 8.593388e+00 8.500000e+00
      vertex   -2.800104e+01 7.890331e+00 9.500000e+00
    endloop
  endfacet
  facet normal 3.999739e-01 5.815545e-01 7.083892e-01
    outer loop
      vertex   -2.800104e+01 7.890331e+00 9.500000e+00
      vertex   -2.725218e+01 8.593388e+00 8.500000e+00
      vertex   -2.751091e+01 8.771334e+00 8.500000e+00
    endloop
  endfacet
  facet normal 4.367112e-01 5.579943e-01 7.056385e-01
    outer loop
      vertex   -2.800104e+01 7.890331e+00 9.500000e+00
      vertex   -2.751091e+01 8.771334e+00 8.500000e+00
      vertex   -2.829199e+01 8.118043e+00 9.500000e+00
    endloop
  endfacet
  facet normal 4.584675e-01 5.364379e-01 7.085492e-01
    outer loop
      vertex   -2.829199e+01 8.118043e+00 9.500000e+00
      vertex   -2.751091e+01 8.771334e+00 8.500000e+00
      vertex   -2.774963e+01 8.975349e+00 8.500000e+00
    endloop
  endfacet
  facet normal 4.863612e-01 5.153487e-01 7.055980e-01
    outer loop
      vertex   -2.829199e+01 8.118043e+00 9.500000e+00
      vertex   -2.774963e+01 8.975349e+00 8.500000e+00
      vertex   -2.856069e+01 8.371630e+00 9.500000e+00
    endloop
  endfacet
  facet normal 5.120678e-01 4.856131e-01 7.084959e-01
    outer loop
      vertex   -2.856069e+01 8.371630e+00 9.500000e+00
      vertex   -2.774963e+01 8.975349e+00 8.500000e+00
      vertex   -2.796571e+01 9.203200e+00 8.500000e+00
    endloop
  endfacet
  facet normal 5.317460e-01 4.681946e-01 7.057195e-01
    outer loop
      vertex   -2.856069e+01 8.371630e+00 9.500000e+00
      vertex   -2.796571e+01 9.203200e+00 8.500000e+00
      vertex   -2.880485e+01 8.648927e+00 9.500000e+00
    endloop
  endfacet
  facet normal 5.602356e-01 4.295902e-01 7.082290e-01
    outer loop
      vertex   -2.880485e+01 8.648927e+00 9.500000e+00
      vertex   -2.796571e+01 9.203200e+00 8.500000e+00
      vertex   -2.815678e+01 9.452388e+00 8.500000e+00
    endloop
  endfacet
  facet normal 5.724491e-01 4.169679e-01 7.060027e-01
    outer loop
      vertex   -2.880485e+01 8.648927e+00 9.500000e+00
      vertex   -2.815678e+01 9.452388e+00 8.500000e+00
      vertex   -2.902238e+01 8.947570e+00 9.500000e+00
    endloop
  endfacet
  facet normal 6.024823e-01 3.689282e-01 7.077479e-01
    outer loop
      vertex   -2.902238e+01 8.947570e+00 9.500000e+00
      vertex   -2.815678e+01 9.452388e+00 8.500000e+00
      vertex   -2.832077e+01 9.720185e+00 8.500000e+00
    endloop
  endfacet
  facet normal 6.080993e-01 3.621434e-01 7.064470e-01
    outer loop
      vertex   -2.902238e+01 8.947570e+00 9.500000e+00
      vertex   -2.832077e+01 9.720185e+00 8.500000e+00
      vertex   -2.921143e+01 9.265010e+00 9.500000e+00
    endloop
  endfacet
  facet normal 6.383746e-01 3.042305e-01 7.070514e-01
    outer loop
      vertex   -2.921143e+01 9.265010e+00 9.500000e+00
      vertex   -2.832077e+01 9.720185e+00 8.500000e+00
      vertex   -2.845586e+01 1.000366e+01 8.500000e+00
    endloop
  endfacet
  facet normal 6.383746e-01 3.042305e-01 7.070514e-01
    outer loop
      vertex   -2.921143e+01 9.265010e+00 9.500000e+00
      vertex   -2.845586e+01 1.000366e+01 8.500000e+00
      vertex   -2.937038e+01 9.598538e+00 9.500000e+00
    endloop
  endfacet
  facet normal 6.642890e-01 2.442393e-01 7.064470e-01
    outer loop
      vertex   -2.937038e+01 9.598538e+00 9.500000e+00
      vertex   -2.845586e+01 1.000366e+01 8.500000e+00
      vertex   -2.949787e+01 9.945310e+00 9.500000e+00
    endloop
  endfacet
  facet normal 6.660211e-01 2.356031e-01 7.077479e-01
    outer loop
      vertex   -2.949787e+01 9.945310e+00 9.500000e+00
      vertex   -2.845586e+01 1.000366e+01 8.500000e+00
      vertex   -2.856058e+01 1.029969e+01 8.500000e+00
    endloop
  endfacet
  facet normal 6.844191e-01 1.820185e-01 7.060027e-01
    outer loop
      vertex   -2.949787e+01 9.945310e+00 9.500000e+00
      vertex   -2.856058e+01 1.029969e+01 8.500000e+00
      vertex   -2.959283e+01 1.030237e+01 9.500000e+00
    endloop
  endfacet
  facet normal 6.865307e-01 1.645819e-01 7.082290e-01
    outer loop
      vertex   -2.959283e+01 1.030237e+01 9.500000e+00
      vertex   -2.856058e+01 1.029969e+01 8.500000e+00
      vertex   -2.863379e+01 1.060506e+01 8.500000e+00
    endloop
  endfacet
  facet normal 6.985723e-01 1.181388e-01 7.057195e-01
    outer loop
      vertex   -2.959283e+01 1.030237e+01 9.500000e+00
      vertex   -2.863379e+01 1.060506e+01 8.500000e+00
      vertex   -2.965444e+01 1.066666e+01 9.500000e+00
    endloop
  endfacet
  facet normal 6.997078e-01 9.188338e-02 7.084959e-01
    outer loop
      vertex   -2.965444e+01 1.066666e+01 9.500000e+00
      vertex   -2.863379e+01 1.060506e+01 8.500000e+00
      vertex   -2.867467e+01 1.091640e+01 8.500000e+00
    endloop
  endfacet
  facet normal 7.066134e-01 5.318785e-02 7.055980e-01
    outer loop
      vertex   -2.965444e+01 1.066666e+01 9.500000e+00
      vertex   -2.867467e+01 1.091640e+01 8.500000e+00
      vertex   -2.968217e+01 1.103509e+01 9.500000e+00
    endloop
  endfacet
  facet normal 7.054256e-01 1.823927e-02 7.085492e-01
    outer loop
      vertex   -2.968217e+01 1.103509e+01 9.500000e+00
      vertex   -2.867467e+01 1.091640e+01 8.500000e+00
      vertex   -2.868279e+01 1.123031e+01 8.500000e+00
    endloop
  endfacet
  facet normal 7.084664e-01 -1.223640e-02 7.056385e-01
    outer loop
      vertex   -2.968217e+01 1.103509e+01 9.500000e+00
      vertex   -2.868279e+01 1.123031e+01 8.500000e+00
      vertex   -2.967579e+01 1.140450e+01 9.500000e+00
    endloop
  endfacet
  facet normal 7.036279e-01 -5.561036e-02 7.083892e-01
    outer loop
      vertex   -2.967579e+01 1.140450e+01 9.500000e+00
      vertex   -2.868279e+01 1.123031e+01 8.500000e+00
      vertex   -2.865805e+01 1.154335e+01 8.500000e+00
    endloop
  endfacet
  facet normal 7.041147e-01 -7.753117e-02 7.058409e-01
    outer loop
      vertex   -2.967579e+01 1.140450e+01 9.500000e+00
      vertex   -2.865805e+01 1.154335e+01 8.500000e+00
      vertex   -2.963535e+01 1.177175e+01 9.500000e+00
    endloop
  endfacet
  facet normal 6.943292e-01 -1.289233e-01 7.080153e-01
    outer loop
      vertex   -2.963535e+01 1.177175e+01 9.500000e+00
      vertex   -2.865805e+01 1.154335e+01 8.500000e+00
      vertex   -2.860072e+01 1.185209e+01 8.500000e+00
    endloop
  endfacet
  facet normal 6.936021e-01 -1.420951e-01 7.062047e-01
    outer loop
      vertex   -2.963535e+01 1.177175e+01 9.500000e+00
      vertex   -2.860072e+01 1.185209e+01 8.500000e+00
      vertex   -2.956120e+01 1.213370e+01 9.500000e+00
    endloop
  endfacet
  facet normal 6.776148e-01 -2.009619e-01 7.074267e-01
    outer loop
      vertex   -2.956120e+01 1.213370e+01 9.500000e+00
      vertex   -2.860072e+01 1.185209e+01 8.500000e+00
      vertex   -2.851144e+01 1.215314e+01 8.500000e+00
    endloop
  endfacet
  facet normal 6.770314e-01 -2.053346e-01 7.067292e-01
    outer loop
      vertex   -2.956120e+01 1.213370e+01 9.500000e+00
      vertex   -2.851144e+01 1.215314e+01 8.500000e+00
      vertex   -2.945397e+01 1.248726e+01 9.500000e+00
    endloop
  endfacet
  facet normal 6.551974e-01 -2.669272e-01 7.067292e-01
    outer loop
      vertex   -2.945397e+01 1.248726e+01 9.500000e+00
      vertex   -2.851144e+01 1.215314e+01 8.500000e+00
      vertex   -2.931457e+01 1.282942e+01 9.500000e+00
    endloop
  endfacet
  facet normal 6.528965e-01 -2.706910e-01 7.074267e-01
    outer loop
      vertex   -2.931457e+01 1.282942e+01 9.500000e+00
      vertex   -2.851144e+01 1.215314e+01 8.500000e+00
      vertex   -2.839117e+01 1.244322e+01 8.500000e+00
    endloop
  endfacet
  facet normal 6.282381e-01 -3.264840e-01 7.062047e-01
    outer loop
      vertex   -2.931457e+01 1.282942e+01 9.500000e+00
      vertex   -2.839117e+01 1.244322e+01 8.500000e+00
      vertex   -2.914420e+01 1.315727e+01 9.500000e+00
    endloop
  endfacet
  facet normal 6.205068e-01 -3.371729e-01 7.080153e-01
    outer loop
      vertex   -2.914420e+01 1.315727e+01 9.500000e+00
      vertex   -2.839117e+01 1.244322e+01 8.500000e+00
      vertex   -2.824125e+01 1.271913e+01 8.500000e+00
    endloop
  endfacet
  facet normal 5.957390e-01 -3.832540e-01 7.058409e-01
    outer loop
      vertex   -2.914420e+01 1.315727e+01 9.500000e+00
      vertex   -2.824125e+01 1.271913e+01 8.500000e+00
      vertex   -2.894430e+01 1.346799e+01 9.500000e+00
    endloop
  endfacet
  facet normal 5.815545e-01 -3.999739e-01 7.083892e-01
    outer loop
      vertex   -2.894430e+01 1.346799e+01 9.500000e+00
      vertex   -2.824125e+01 1.271913e+01 8.500000e+00
      vertex   -2.806330e+01 1.297786e+01 8.500000e+00
    endloop
  endfacet
  facet normal 5.579943e-01 -4.367112e-01 7.056385e-01
    outer loop
      vertex   -2.894430e+01 1.346799e+01 9.500000e+00
      vertex   -2.806330e+01 1.297786e+01 8.500000e+00
      vertex   -2.871659e+01 1.375894e+01 9.500000e+00
    endloop
  endfacet
  facet normal 5.364379e-01 -4.584675e-01 7.085492e-01
    outer loop
      vertex   -2.871659e+01 1.375894e+01 9.500000e+00
      vertex   -2.806330e+01 1.297786e+01 8.500000e+00
      vertex   -2.785929e+01 1.321657e+01 8.500000e+00
    endloop
  endfacet
  facet normal 5.153487e-01 -4.863612e-01 7.055980e-01
    outer loop
      vertex   -2.871659e+01 1.375894e+01 9.500000e+00
      vertex   -2.785929e+01 1.321657e+01 8.500000e+00
      vertex   -2.846301e+01 1.402764e+01 9.500000e+00
    endloop
  endfacet
  facet normal 4.856131e-01 -5.120678e-01 7.084959e-01
    outer loop
      vertex   -2.846301e+01 1.402764e+01 9.500000e+00
      vertex   -2.785929e+01 1.321657e+01 8.500000e+00
      vertex   -2.763144e+01 1.343265e+01 8.500000e+00
    endloop
  endfacet
  facet normal 4.681946e-01 -5.317460e-01 7.057195e-01
    outer loop
      vertex   -2.846301e+01 1.402764e+01 9.500000e+00
      vertex   -2.763144e+01 1.343265e+01 8.500000e+00
      vertex   -2.818571e+01 1.427180e+01 9.500000e+00
    endloop
  endfacet
  facet normal 4.295902e-01 -5.602356e-01 7.082290e-01
    outer loop
      vertex   -2.818571e+01 1.427180e+01 9.500000e+00
      vertex   -2.763144e+01 1.343265e+01 8.500000e+00
      vertex   -2.738225e+01 1.362373e+01 8.500000e+00
    endloop
  endfacet
  facet normal 4.169679e-01 -5.724491e-01 7.060027e-01
    outer loop
      vertex   -2.818571e+01 1.427180e+01 9.500000e+00
      vertex   -2.738225e+01 1.362373e+01 8.500000e+00
      vertex   -2.788707e+01 1.448933e+01 9.500000e+00
    endloop
  endfacet
  facet normal 3.689282e-01 -6.024823e-01 7.077479e-01
    outer loop
      vertex   -2.788707e+01 1.448933e+01 9.500000e+00
      vertex   -2.738225e+01 1.362373e+01 8.500000e+00
      vertex   -2.711445e+01 1.378771e+01 8.500000e+00
    endloop
  endfacet
  facet normal 3.621434e-01 -6.080993e-01 7.064470e-01
    outer loop
      vertex   -2.788707e+01 1.448933e+01 9.500000e+00
      vertex   -2.711445e+01 1.378771e+01 8.500000e+00
      vertex   -2.756963e+01 1.467837e+01 9.500000e+00
    endloop
  endfacet
  facet normal 3.042305e-01 -6.383746e-01 7.070514e-01
    outer loop
      vertex   -2.756963e+01 1.467837e+01 9.500000e+00
      vertex   -2.711445e+01 1.378771e+01 8.500000e+00
      vertex   -2.683098e+01 1.392281e+01 8.500000e+00
    endloop
  endfacet
  facet normal 3.042305e-01 -6.383746e-01 7.070514e-01
    outer loop
      vertex   -2.756963e+01 1.467837e+01 9.500000e+00
      vertex   -2.683098e+01 1.392281e+01 8.500000e+00
      vertex   -2.723610e+01 1.483732e+01 9.500000e+00
    endloop
  endfacet
  facet normal 2.442393e-01 -6.642890e-01 7.064470e-01
    outer loop
      vertex   -2.723610e+01 1.483732e+01 9.500000e+00
      vertex   -2.683098e+01 1.392281e+01 8.500000e+00
      vertex   -2.688932e+01 1.496482e+01 9.500000e+00
    endloop
  endfacet
  facet normal 2.356031e-01 -6.660211e-01 7.077479e-01
    outer loop
      vertex   -2.688932e+01 1.496482e+01 9.500000e+00
      vertex   -2.683098e+01 1.392281e+01 8.500000e+00
      vertex   -2.653494e+01 1.402753e+01 8.500000e+00
    endloop
  endfacet
  facet normal 1.820185e-01 -6.844191e-01 7.060027e-01
    outer loop
      vertex   -2.688932e+01 1.496482e+01 9.500000e+00
      vertex   -2.653494e+01 1.402753e+01 8.500000e+00
      vertex   -2.653227e+01 1.505978e+01 9.500000e+00
    endloop
  endfacet
  facet normal 1.645819e-01 -6.865307e-01 7.082290e-01
    outer loop
      vertex   -2.653227e+01 1.505978e+01 9.500000e+00
      vertex   -2.653494e+01 1.402753e+01 8.500000e+00
      vertex   -2.622958e+01 1.410074e+01 8.500000e+00
    endloop
  endfacet
  facet normal 1.181388e-01 -6.985723e-01 7.057195e-01
    outer loop
      vertex   -2.653227e+01 1.505978e+01 9.500000e+00
      vertex   -2.622958e+01 1.410074e+01 8.500000e+00
      vertex   -2.616797e+01 1.512139e+01 9.500000e+00
    endloop
  endfacet
  facet normal 9.188338e-02 -6.997078e-01 7.084959e-01
    outer loop
      vertex   -2.616797e+01 1.512139e+01 9.500000e+00
      vertex   -2.622958e+01 1.410074e+01 8.500000e+00
      vertex   -2.591823e+01 1.414162e+01 8.500000e+00
    endloop
  endfacet
  facet normal 5.318785e-02 -7.066134e-01 7.055980e-01
    outer loop
      vertex   -2.616797e+01 1.512139e+01 9.500000e+00
      vertex   -2.591823e+01 1.414162e+01 8.500000e+00
      vertex   -2.579955e+01 1.514912e+01 9.500000e+00
    endloop
  endfacet
  facet normal 1.823927e-02 -7.054256e-01 7.085492e-01
    outer loop
      vertex   -2.579955e+01 1.514912e+01 9.500000e+00
      vertex   -2.591823e+01 1.414162e+01 8.500000e+00
      vertex   -2.560432e+01 1.414974e+01 8.500000e+00
    endloop
  endfacet
  facet normal -1.223640e-02 -7.084664e-01 7.056385e-01
    outer loop
      vertex   -2.579955e+01 1.514912e+01 9.500000e+00
      vertex   -2.560432e+01 1.414974e+01 8.500000e+00
      vertex   -2.543014e+01 1.514274e+01 9.500000e+00
    endloop
  endfacet
  facet normal -5.561036e-02 -7.036279e-01 7.083892e-01
    outer loop
      vertex   -2.543014e+01 1.514274e+01 9.500000e+00
      vertex   -2.560432e+01 1.414974e+01 8.500000e+00
      vertex   -2.529128e+01 1.412500e+01 8.500000e+00
    endloop
  endfacet
  facet normal -7.753117e-02 -7.041147e-01 7.058409e-01
    outer loop
      vertex   -2.543014e+01 1.514274e+01 9.500000e+00
      vertex   -2.529128e+01 1.412500e+01 8.500000e+00
      vertex   -2.506289e+01 1.510230e+01 9.500000e+00
    endloop
  endfacet
  facet normal -1.289233e-01 -6.943292e-01 7.080153e-01
    outer loop
      vertex   -2.506289e+01 1.510230e+01 9.500000e+00
      vertex   -2.529128e+01 1.412500e+01 8.500000e+00
      vertex   -2.498255e+01 1.406767e+01 8.500000e+00
    endloop
  endfacet
  facet normal -1.420951e-01 -6.936021e-01 7.062047e-01
    outer loop
      vertex   -2.506289e+01 1.510230e+01 9.500000e+00
      vertex   -2.498255e+01 1.406767e+01 8.500000e+00
      vertex   -2.470094e+01 1.502815e+01 9.500000e+00
    endloop
  endfacet
  facet normal -2.009619e-01 -6.776148e-01 7.074267e-01
    outer loop
      vertex   -2.470094e+01 1.502815e+01 9.500000e+00
      vertex   -2.498255e+01 1.406767e+01 8.500000e+00
      vertex   -2.468149e+01 1.397838e+01 8.500000e+00
    endloop
  endfacet
  facet normal -2.053346e-01 -6.770314e-01 7.067292e-01
    outer loop
      vertex   -2.470094e+01 1.502815e+01 9.500000e+00
      vertex   -2.468149e+01 1.397838e+01 8.500000e+00
      vertex   -2.434737e+01 1.492092e+01 9.500000e+00
    endloop
  endfacet
  facet normal 2.362570e-01 6.664703e-01 7.071068e-01
    outer loop
      vertex   -2.512003e+01 6.707032e+00 9.500000e+00
      vertex   -2.389963e+01 7.335385e+00 8.500000e+00
      vertex   -2.702032e+01 7.380666e+00 9.500000e+00
    endloop
  endfacet
  facet normal 2.362570e-01 6.664703e-01 7.071068e-01
    outer loop
      vertex   -2.702032e+01 7.380666e+00 9.500000e+00
      vertex   -2.389963e+01 7.335385e+00 8.500000e+00
      vertex   -2.668620e+01 8.323197e+00 8.500000e+00
    endloop
  endfacet
  facet normal -1.712774e-01 6.860496e-01 7.071068e-01
    outer loop
      vertex   -1.825579e+01 2.017895e+01 8.500000e+00
      vertex   -3.900000e+01 1.500000e+01 8.500000e+00
      vertex   -1.801357e+01 1.920873e+01 9.500000e+00
    endloop
  endfacet
  facet normal -1.712774e-01 6.860496e-01 7.071068e-01
    outer loop
      vertex   -1.801357e+01 1.920873e+01 9.500000e+00
      vertex   -3.900000e+01 1.500000e+01 8.500000e+00
      vertex   -3.800000e+01 1.421896e+01 9.500000e+00
    endloop
  endfacet
  facet normal -7.071068e-01 0.000000e+00 7.071068e-01
    outer loop
      vertex   -3.900000e+01 -1.500000e+01 8.500000e+00
      vertex   -3.800000e+01 -1.421896e+01 9.500000e+00
      vertex   -3.900000e+01 1.500000e+01 8.500000e+00
    endloop
  endfacet
  facet normal -7.071068e-01 0.000000e+00 7.071068e-01
    outer loop
      vertex   -3.900000e+01 1.500000e+01 8.500000e+00
      vertex   -3.800000e+01 -1.421896e+01 9.500000e+00
      vertex   -3.800000e+01 1.421896e+01 9.500000e+00
    endloop
  endfacet
  facet normal -1.712774e-01 -6.860496e-01 7.071068e-01
    outer loop
      vertex   -3.800000e+01 -1.421896e+01 9.500000e+00
      vertex   -3.900000e+01 -1.500000e+01 8.500000e+00
      vertex   -1.801357e+01 -1.920873e+01 9.500000e+00
    endloop
  endfacet
  facet normal -1.712774e-01 -6.860496e-01 7.071068e-01
    outer loop
      vertex   -1.801357e+01 -1.920873e+01 9.500000e+00
      vertex   -3.900000e+01 -1.500000e+01 8.500000e+00
      vertex   -1.825579e+01 -2.017895e+01 8.500000e+00
    endloop
  endfacet
  facet normal -1.118012e-01 6.995422e-01 7.057911e-01
    outer loop
      vertex   -1.825579e+01 2.017895e+01 8.500000e+00
      vertex   -1.801357e+01 1.920873e+01 9.500000e+00
      vertex   -1.808581e+01 2.020611e+01 8.500000e+00
    endloop
  endfacet
  facet normal 6.137878e-01 3.537278e-01 7.057911e-01
    outer loop
      vertex   -1.710739e+01 1.963162e+01 8.500000e+00
      vertex   -1.719334e+01 1.978077e+01 8.500000e+00
      vertex   -1.801357e+01 1.920873e+01 9.500000e+00
    endloop
  endfacet
  facet normal 5.440298e-01 4.537516e-01 7.057911e-01
    outer loop
      vertex   -1.719334e+01 1.978077e+01 8.500000e+00
      vertex   -1.730360e+01 1.991296e+01 8.500000e+00
      vertex   -1.801357e+01 1.920873e+01 9.500000e+00
    endloop
  endfacet
  facet normal 4.581511e-01 5.403299e-01 7.057911e-01
    outer loop
      vertex   -1.730360e+01 1.991296e+01 8.500000e+00
      vertex   -1.743489e+01 2.002428e+01 8.500000e+00
      vertex   -1.801357e+01 1.920873e+01 9.500000e+00
    endloop
  endfacet
  facet normal 3.586967e-01 6.108973e-01 7.057911e-01
    outer loop
      vertex   -1.743489e+01 2.002428e+01 8.500000e+00
      vertex   -1.758333e+01 2.011144e+01 8.500000e+00
      vertex   -1.801357e+01 1.920873e+01 9.500000e+00
    endloop
  endfacet
  facet normal 2.486134e-01 6.633628e-01 7.057911e-01
    outer loop
      vertex   -1.758333e+01 2.011144e+01 8.500000e+00
      vertex   -1.774452e+01 2.017185e+01 8.500000e+00
      vertex   -1.801357e+01 1.920873e+01 9.500000e+00
    endloop
  endfacet
  facet normal 1.311633e-01 6.961717e-01 7.057911e-01
    outer loop
      vertex   -1.774452e+01 2.017185e+01 8.500000e+00
      vertex   -1.791368e+01 2.020373e+01 8.500000e+00
      vertex   -1.801357e+01 1.920873e+01 9.500000e+00
    endloop
  endfacet
  facet normal 9.826649e-03 7.083518e-01 7.057911e-01
    outer loop
      vertex   -1.791368e+01 2.020373e+01 8.500000e+00
      vertex   -1.808581e+01 2.020611e+01 8.500000e+00
      vertex   -1.801357e+01 1.920873e+01 9.500000e+00
    endloop
  endfacet
  facet normal 6.137878e-01 -3.537278e-01 7.057911e-01
    outer loop
      vertex   -1.710739e+01 -1.963162e+01 8.500000e+00
      vertex   -1.801357e+01 -1.920873e+01 9.500000e+00
      vertex   -1.719334e+01 -1.978077e+01 8.500000e+00
    endloop
  endfacet
  facet normal -1.118012e-01 -6.995422e-01 7.057911e-01
    outer loop
      vertex   -1.825579e+01 -2.017895e+01 8.500000e+00
      vertex   -1.808581e+01 -2.020611e+01 8.500000e+00
      vertex   -1.801357e+01 -1.920873e+01 9.500000e+00
    endloop
  endfacet
  facet normal 9.826649e-03 -7.083518e-01 7.057911e-01
    outer loop
      vertex   -1.808581e+01 -2.020611e+01 8.500000e+00
      vertex   -1.791368e+01 -2.020373e+01 8.500000e+00
      vertex   -1.801357e+01 -1.920873e+01 9.500000e+00
    endloop
  endfacet
  facet normal 1.311633e-01 -6.961717e-01 7.057911e-01
    outer loop
      vertex   -1.791368e+01 -2.020373e+01 8.500000e+00
      vertex   -1.774452e+01 -2.017185e+01 8.500000e+00
      vertex   -1.801357e+01 -1.920873e+01 9.500000e+00
    endloop
  endfacet
  facet normal 2.486134e-01 -6.633628e-01 7.057911e-01
    outer loop
      vertex   -1.774452e+01 -2.017185e+01 8.500000e+00
      vertex   -1.758333e+01 -2.011144e+01 8.500000e+00
      vertex   -1.801357e+01 -1.920873e+01 9.500000e+00
    endloop
  endfacet
  facet normal 3.586967e-01 -6.108973e-01 7.057911e-01
    outer loop
      vertex   -1.758333e+01 -2.011144e+01 8.500000e+00
      vertex   -1.743489e+01 -2.002428e+01 8.500000e+00
      vertex   -1.801357e+01 -1.920873e+01 9.500000e+00
    endloop
  endfacet
  facet normal 4.581511e-01 -5.403299e-01 7.057911e-01
    outer loop
      vertex   -1.743489e+01 -2.002428e+01 8.500000e+00
      vertex   -1.730360e+01 -1.991296e+01 8.500000e+00
      vertex   -1.801357e+01 -1.920873e+01 9.500000e+00
    endloop
  endfacet
  facet normal 5.440298e-01 -4.537516e-01 7.057911e-01
    outer loop
      vertex   -1.730360e+01 -1.991296e+01 8.500000e+00
      vertex   -1.719334e+01 -1.978077e+01 8.500000e+00
      vertex   -1.801357e+01 -1.920873e+01 9.500000e+00
    endloop
  endfacet
  facet normal 9.610485e-01 -2.763796e-01 0.000000e+00
    outer loop
      vertex   -2.389963e+01 7.335385e+00 8.500000e+00
      vertex   -2.414521e+01 6.481415e+00 8.500000e+00
      vertex   -2.389963e+01 7.335385e+00 0.000000e+00
    endloop
  endfacet
  facet normal 9.612803e-01 -2.755725e-01 8.778983e-05
    outer loop
      vertex   -2.389963e+01 7.335385e+00 0.000000e+00
      vertex   -2.414521e+01 6.481415e+00 8.500000e+00
      vertex   -2.415606e+01 6.440853e+00 0.000000e+00
    endloop
  endfacet
  facet normal 9.702634e-01 -2.420517e-01 -8.364203e-05
    outer loop
      vertex   -2.415606e+01 6.440853e+00 0.000000e+00
      vertex   -2.414521e+01 6.481415e+00 8.500000e+00
      vertex   -2.436029e+01 5.619257e+00 8.500000e+00
    endloop
  endfacet
  facet normal 9.708701e-01 -2.396065e-01 1.672840e-04
    outer loop
      vertex   -2.415606e+01 6.440853e+00 0.000000e+00
      vertex   -2.436029e+01 5.619257e+00 8.500000e+00
      vertex   -2.437903e+01 5.537396e+00 0.000000e+00
    endloop
  endfacet
  facet normal 9.783974e-01 -2.067329e-01 -1.659047e-04
    outer loop
      vertex   -2.437903e+01 5.537396e+00 0.000000e+00
      vertex   -2.436029e+01 5.619257e+00 8.500000e+00
      vertex   -2.454460e+01 4.750000e+00 4.750000e+00
    endloop
  endfacet
  facet normal 9.788791e-01 -2.044399e-01 2.309923e-04
    outer loop
      vertex   -2.437903e+01 5.537396e+00 0.000000e+00
      vertex   -2.454460e+01 4.750000e+00 4.750000e+00
      vertex   -2.454572e+01 4.744378e+00 4.524112e+00
    endloop
  endfacet
  facet normal 9.782524e-01 -2.074179e-01 2.632198e-18
    outer loop
      vertex   -2.436029e+01 5.619257e+00 8.500000e+00
      vertex   -2.454460e+01 4.750000e+00 8.500000e+00
      vertex   -2.454460e+01 4.750000e+00 4.750000e+00
    endloop
  endfacet
  facet normal 9.791146e-01 -2.033085e-01 4.379966e-04
    outer loop
      vertex   -2.437903e+01 5.537396e+00 0.000000e+00
      vertex   -2.454572e+01 4.744378e+00 4.524112e+00
      vertex   -2.456822e+01 4.626268e+00 0.000000e+00
    endloop
  endfacet
  facet normal 9.805405e-01 -1.963168e-01 2.483733e-04
    outer loop
      vertex   -2.456822e+01 4.626268e+00 0.000000e+00
      vertex   -2.454572e+01 4.744378e+00 4.524112e+00
      vertex   -2.454905e+01 4.727490e+00 4.295646e+00
    endloop
  endfacet
  facet normal 9.815091e-01 -1.914156e-01 1.285569e-04
    outer loop
      vertex   -2.456822e+01 4.626268e+00 0.000000e+00
      vertex   -2.454905e+01 4.727490e+00 4.295646e+00
      vertex   -2.455451e+01 4.699301e+00 4.065667e+00
    endloop
  endfacet
  facet normal 9.821559e-01 -1.880685e-01 6.625070e-05
    outer loop
      vertex   -2.455451e+01 4.699301e+00 4.065667e+00
      vertex   -2.456207e+01 4.659775e+00 3.835236e+00
      vertex   -2.456822e+01 4.626268e+00 0.000000e+00
    endloop
  endfacet
  facet normal 9.827097e-01 -1.851533e-01 3.989272e-05
    outer loop
      vertex   -2.456822e+01 4.626268e+00 0.000000e+00
      vertex   -2.456207e+01 4.659775e+00 3.835236e+00
      vertex   -2.457165e+01 4.608877e+00 3.605419e+00
    endloop
  endfacet
  facet normal 9.832150e-01 -1.824507e-01 5.340807e-05
    outer loop
      vertex   -2.456822e+01 4.626268e+00 0.000000e+00
      vertex   -2.457165e+01 4.608877e+00 3.605419e+00
      vertex   -2.458320e+01 4.546574e+00 3.377277e+00
    endloop
  endfacet
  facet normal 9.836870e-01 -1.798883e-01 1.159654e-04
    outer loop
      vertex   -2.458320e+01 4.546574e+00 3.377277e+00
      vertex   -2.459666e+01 4.472829e+00 3.151875e+00
      vertex   -2.456822e+01 4.626268e+00 0.000000e+00
    endloop
  endfacet
  facet normal 9.841326e-01 -1.774346e-01 2.394342e-04
    outer loop
      vertex   -2.456822e+01 4.626268e+00 0.000000e+00
      vertex   -2.459666e+01 4.472829e+00 3.151875e+00
      vertex   -2.461197e+01 4.387608e+00 2.930275e+00
    endloop
  endfacet
  facet normal 9.846585e-01 -1.744920e-01 4.869556e-04
    outer loop
      vertex   -2.456822e+01 4.626268e+00 0.000000e+00
      vertex   -2.461197e+01 4.387608e+00 2.930275e+00
      vertex   -2.462898e+01 4.291016e+00 2.713477e+00
    endloop
  endfacet
  facet normal 9.852707e-01 -1.709992e-01 9.321987e-04
    outer loop
      vertex   -2.462898e+01 4.291016e+00 2.713477e+00
      vertex   -2.464740e+01 4.183707e+00 2.502241e+00
      vertex   -2.456822e+01 4.626268e+00 0.000000e+00
    endloop
  endfacet
  facet normal 9.860013e-01 -1.667286e-01 1.710639e-03
    outer loop
      vertex   -2.456822e+01 4.626268e+00 0.000000e+00
      vertex   -2.464740e+01 4.183707e+00 2.502241e+00
      vertex   -2.472338e+01 3.708729e+00 0.000000e+00
    endloop
  endfacet
  facet normal 9.857643e-01 -1.681215e-01 1.982234e-03
    outer loop
      vertex   -2.472338e+01 3.708729e+00 0.000000e+00
      vertex   -2.464740e+01 4.183707e+00 2.502241e+00
      vertex   -2.466698e+01 4.066466e+00 2.297276e+00
    endloop
  endfacet
  facet normal 9.868902e-01 -1.613903e-01 9.064019e-04
    outer loop
      vertex   -2.472338e+01 3.708729e+00 0.000000e+00
      vertex   -2.466698e+01 4.066466e+00 2.297276e+00
      vertex   -2.468747e+01 3.940080e+00 2.099290e+00
    endloop
  endfacet
  facet normal 9.878757e-01 -1.552465e-01 2.124723e-04
    outer loop
      vertex   -2.468747e+01 3.940080e+00 2.099290e+00
      vertex   -2.470860e+01 3.805336e+00 1.908991e+00
      vertex   -2.472338e+01 3.708729e+00 0.000000e+00
    endloop
  endfacet
  facet normal 9.887695e-01 -1.494482e-01 -8.786759e-05
    outer loop
      vertex   -2.472338e+01 3.708729e+00 0.000000e+00
      vertex   -2.470860e+01 3.805336e+00 1.908991e+00
      vertex   -2.473013e+01 3.663019e+00 1.727087e+00
    endloop
  endfacet
  facet normal 9.895988e-01 -1.438549e-01 6.341374e-05
    outer loop
      vertex   -2.472338e+01 3.708729e+00 0.000000e+00
      vertex   -2.473013e+01 3.663019e+00 1.727087e+00
      vertex   -2.475180e+01 3.513917e+00 1.554288e+00
    endloop
  endfacet
  facet normal 9.903797e-01 -1.383742e-01 7.646405e-04
    outer loop
      vertex   -2.475180e+01 3.513917e+00 1.554288e+00
      vertex   -2.477334e+01 3.358815e+00 1.391300e+00
      vertex   -2.472338e+01 3.708729e+00 0.000000e+00
    endloop
  endfacet
  facet normal 9.911220e-01 -1.329382e-01 2.158445e-03
    outer loop
      vertex   -2.472338e+01 3.708729e+00 0.000000e+00
      vertex   -2.477334e+01 3.358815e+00 1.391300e+00
      vertex   -2.479486e+01 3.195833e+00 1.236193e+00
    endloop
  endfacet
  facet normal 9.915189e-01 -1.299174e-01 3.434756e-03
    outer loop
      vertex   -2.472338e+01 3.708729e+00 0.000000e+00
      vertex   -2.479486e+01 3.195833e+00 1.236193e+00
      vertex   -2.484427e+01 2.786053e+00 0.000000e+00
    endloop
  endfacet
  facet normal 9.920564e-01 -1.257777e-01 2.041032e-03
    outer loop
      vertex   -2.484427e+01 2.786053e+00 0.000000e+00
      vertex   -2.479486e+01 3.195833e+00 1.236193e+00
      vertex   -2.481646e+01 3.023035e+00 1.087082e+00
    endloop
  endfacet
  facet normal 9.931217e-01 -1.170870e-01 1.192163e-04
    outer loop
      vertex   -2.484427e+01 2.786053e+00 0.000000e+00
      vertex   -2.481646e+01 3.023035e+00 1.087082e+00
      vertex   -2.483789e+01 2.841131e+00 9.447558e-01
    endloop
  endfacet
  facet normal 9.939884e-01 -1.094852e-01 -3.298110e-04
    outer loop
      vertex   -2.483789e+01 2.841131e+00 9.447558e-01
      vertex   -2.485890e+01 2.650827e+00 8.099999e-01
      vertex   -2.484427e+01 2.786053e+00 0.000000e+00
    endloop
  endfacet
  facet normal 9.947148e-01 -1.026733e-01 8.205151e-04
    outer loop
      vertex   -2.484427e+01 2.786053e+00 0.000000e+00
      vertex   -2.485890e+01 2.650827e+00 8.099999e-01
      vertex   -2.487923e+01 2.452834e+00 6.836018e-01
    endloop
  endfacet
  facet normal 9.953292e-01 -9.646144e-02 3.879887e-03
    outer loop
      vertex   -2.484427e+01 2.786053e+00 0.000000e+00
      vertex   -2.487923e+01 2.452834e+00 6.836018e-01
      vertex   -2.489864e+01 2.247860e+00 5.663484e-01
    endloop
  endfacet
  facet normal 9.956466e-01 -9.292501e-02 7.270980e-03
    outer loop
      vertex   -2.484427e+01 2.786053e+00 0.000000e+00
      vertex   -2.489864e+01 2.247860e+00 5.663484e-01
      vertex   -2.493075e+01 1.859516e+00 0.000000e+00
    endloop
  endfacet
  facet normal 9.961215e-01 -8.790648e-02 3.802862e-03
    outer loop
      vertex   -2.493075e+01 1.859516e+00 0.000000e+00
      vertex   -2.489864e+01 2.247860e+00 5.663484e-01
      vertex   -2.491687e+01 2.036612e+00 4.590268e-01
    endloop
  endfacet
  facet normal 9.970223e-01 -7.711298e-02 -3.886019e-04
    outer loop
      vertex   -2.493075e+01 1.859516e+00 0.000000e+00
      vertex   -2.491687e+01 2.036612e+00 4.590268e-01
      vertex   -2.493368e+01 1.819801e+00 3.624240e-01
    endloop
  endfacet
  facet normal 9.976689e-01 -6.823775e-02 5.891745e-04
    outer loop
      vertex   -2.493368e+01 1.819801e+00 3.624240e-01
      vertex   -2.494879e+01 1.598188e+00 2.771936e-01
      vertex   -2.493075e+01 1.859516e+00 0.000000e+00
    endloop
  endfacet
  facet normal 9.981027e-01 -6.113498e-02 7.313623e-03
    outer loop
      vertex   -2.493075e+01 1.859516e+00 0.000000e+00
      vertex   -2.494879e+01 1.598188e+00 2.771936e-01
      vertex   -2.496205e+01 1.372772e+00 2.034414e-01
    endloop
  endfacet
  facet normal 9.982397e-01 -5.579675e-02 2.010668e-02
    outer loop
      vertex   -2.493075e+01 1.859516e+00 0.000000e+00
      vertex   -2.496205e+01 1.372772e+00 2.034414e-01
      vertex   -2.498268e+01 9.304024e-01 0.000000e+00
    endloop
  endfacet
  facet normal 9.983687e-01 -5.445273e-02 1.717111e-02
    outer loop
      vertex   -2.498268e+01 9.304024e-01 0.000000e+00
      vertex   -2.496205e+01 1.372772e+00 2.034414e-01
      vertex   -2.497342e+01 1.144618e+00 1.411322e-01
    endloop
  endfacet
  facet normal 9.991927e-01 -3.985830e-02 -5.034870e-03
    outer loop
      vertex   -2.498268e+01 9.304024e-01 0.000000e+00
      vertex   -2.497342e+01 1.144618e+00 1.411322e-01
      vertex   -2.498285e+01 9.147885e-01 9.023082e-02
    endloop
  endfacet
  facet normal 9.994948e-01 -3.157926e-02 -3.601670e-03
    outer loop
      vertex   -2.498285e+01 9.147885e-01 9.023082e-02
      vertex   -2.499027e+01 6.843481e-01 5.070208e-02
      vertex   -2.498268e+01 9.304024e-01 0.000000e+00
    endloop
  endfacet
  facet normal 9.993977e-01 -2.612809e-02 2.283799e-02
    outer loop
      vertex   -2.498268e+01 9.304024e-01 0.000000e+00
      vertex   -2.499027e+01 6.843481e-01 5.070208e-02
      vertex   -2.499564e+01 4.543606e-01 2.251081e-02
    endloop
  endfacet
  facet normal 9.940959e-01 -2.203972e-02 1.062434e-01
    outer loop
      vertex   -2.498268e+01 9.304024e-01 0.000000e+00
      vertex   -2.499564e+01 4.543606e-01 2.251081e-02
      vertex   -2.499890e+01 2.258899e-01 5.621840e-03
    endloop
  endfacet
  facet normal 8.751677e-01 -1.629081e-02 4.835454e-01
    outer loop
      vertex   -2.499890e+01 2.258899e-01 5.621840e-03
      vertex   -2.500000e+01 9.436896e-15 0.000000e+00
      vertex   -2.498268e+01 9.304024e-01 0.000000e+00
    endloop
  endfacet
  facet normal 3.341179e-01 9.425313e-01 0.000000e+00
    outer loop
      vertex   -1.545895e+01 4.343250e+00 0.000000e+00
      vertex   -1.545895e+01 4.343250e+00 -6.000000e+00
      vertex   -2.389963e+01 7.335385e+00 0.000000e+00
    endloop
  endfacet
  facet normal 3.341179e-01 9.425313e-01 2.799035e-16
    outer loop
      vertex   -2.389963e+01 7.335385e+00 0.000000e+00
      vertex   -1.545895e+01 4.343250e+00 -6.000000e+00
      vertex   -2.668620e+01 8.323197e+00 -6.000000e+00
    endloop
  endfacet
  facet normal 3.341179e-01 9.425313e-01 -1.254445e-18
    outer loop
      vertex   -2.389963e+01 7.335385e+00 0.000000e+00
      vertex   -2.668620e+01 8.323197e+00 -6.000000e+00
      vertex   -2.668620e+01 8.323197e+00 8.500000e+00
    endloop
  endfacet
  facet normal 3.341179e-01 9.425313e-01 -2.139935e-18
    outer loop
      vertex   -2.668620e+01 8.323197e+00 8.500000e+00
      vertex   -2.389963e+01 7.335385e+00 8.500000e+00
      vertex   -2.389963e+01 7.335385e+00 0.000000e+00
    endloop
  endfacet
  facet normal -2.843317e-01 -9.587260e-01 8.089527e-05
    outer loop
      vertex   -2.498255e+01 1.406767e+01 8.500000e+00
      vertex   -2.499308e+01 1.407018e+01 1.250000e+00
      vertex   -2.468149e+01 1.397838e+01 8.500000e+00
    endloop
  endfacet
  facet normal -2.809796e-01 -9.597137e-01 -7.568069e-05
    outer loop
      vertex   -2.468149e+01 1.397838e+01 8.500000e+00
      vertex   -2.499308e+01 1.407018e+01 1.250000e+00
      vertex   -2.498255e+01 1.406767e+01 -6.000000e+00
    endloop
  endfacet
  facet normal -2.843317e-01 -9.587260e-01 -0.000000e+00
    outer loop
      vertex   -2.468149e+01 1.397838e+01 8.500000e+00
      vertex   -2.498255e+01 1.406767e+01 -6.000000e+00
      vertex   -2.468149e+01 1.397838e+01 -6.000000e+00
    endloop
  endfacet
  facet normal -1.825600e-01 -9.831947e-01 -7.550701e-05
    outer loop
      vertex   -2.498255e+01 1.406767e+01 8.500000e+00
      vertex   -2.529128e+01 1.412500e+01 8.500000e+00
      vertex   -2.499308e+01 1.407018e+01 1.250000e+00
    endloop
  endfacet
  facet normal -1.772318e-01 -9.841691e-01 1.510138e-04
    outer loop
      vertex   -2.499308e+01 1.407018e+01 1.250000e+00
      vertex   -2.529128e+01 1.412500e+01 8.500000e+00
      vertex   -2.531277e+01 1.412775e+01 1.250000e+00
    endloop
  endfacet
  facet normal -1.772318e-01 -9.841691e-01 -1.510138e-04
    outer loop
      vertex   -2.499308e+01 1.407018e+01 1.250000e+00
      vertex   -2.531277e+01 1.412775e+01 1.250000e+00
      vertex   -2.529128e+01 1.412500e+01 -6.000000e+00
    endloop
  endfacet
  facet normal -7.878808e-02 -9.968914e-01 1.456248e-04
    outer loop
      vertex   -2.529128e+01 1.412500e+01 -6.000000e+00
      vertex   -2.531277e+01 1.412775e+01 1.250000e+00
      vertex   -2.560432e+01 1.414974e+01 -6.000000e+00
    endloop
  endfacet
  facet normal -6.978549e-02 -9.975620e-01 -2.184366e-04
    outer loop
      vertex   -2.560432e+01 1.414974e+01 -6.000000e+00
      vertex   -2.531277e+01 1.412775e+01 1.250000e+00
      vertex   -2.563682e+01 1.415042e+01 1.250000e+00
    endloop
  endfacet
  facet normal 2.584706e-02 -9.996659e-01 2.103524e-04
    outer loop
      vertex   -2.560432e+01 1.414974e+01 -6.000000e+00
      vertex   -2.563682e+01 1.415042e+01 1.250000e+00
      vertex   -2.591823e+01 1.414162e+01 -6.000000e+00
    endloop
  endfacet
  facet normal 3.847902e-02 -9.992594e-01 -2.804688e-04
    outer loop
      vertex   -2.591823e+01 1.414162e+01 -6.000000e+00
      vertex   -2.563682e+01 1.415042e+01 1.250000e+00
      vertex   -2.596141e+01 1.413792e+01 1.250000e+00
    endloop
  endfacet
  facet normal 1.301990e-01 -9.914878e-01 2.696890e-04
    outer loop
      vertex   -2.591823e+01 1.414162e+01 -6.000000e+00
      vertex   -2.596141e+01 1.413792e+01 1.250000e+00
      vertex   -2.622958e+01 1.410074e+01 -6.000000e+00
    endloop
  endfacet
  facet normal 1.462924e-01 -9.892413e-01 -3.371096e-04
    outer loop
      vertex   -2.622958e+01 1.410074e+01 -6.000000e+00
      vertex   -2.596141e+01 1.413792e+01 1.250000e+00
      vertex   -2.628275e+01 1.409040e+01 1.250000e+00
    endloop
  endfacet
  facet normal 2.331245e-01 -9.724469e-01 3.236338e-04
    outer loop
      vertex   -2.622958e+01 1.410074e+01 -6.000000e+00
      vertex   -2.628275e+01 1.409040e+01 1.250000e+00
      vertex   -2.653494e+01 1.402753e+01 -6.000000e+00
    endloop
  endfacet
  facet normal 2.523906e-01 -9.676254e-01 -3.883583e-04
    outer loop
      vertex   -2.653494e+01 1.402753e+01 -6.000000e+00
      vertex   -2.628275e+01 1.409040e+01 1.250000e+00
      vertex   -2.659706e+01 1.400842e+01 1.250000e+00
    endloop
  endfacet
  facet normal 3.334957e-01 -9.427515e-01 3.721862e-04
    outer loop
      vertex   -2.653494e+01 1.402753e+01 -6.000000e+00
      vertex   -2.659706e+01 1.400842e+01 1.250000e+00
      vertex   -2.683098e+01 1.392281e+01 -6.000000e+00
    endloop
  endfacet
  facet normal 3.555298e-01 -9.346648e-01 -4.342141e-04
    outer loop
      vertex   -2.683098e+01 1.392281e+01 -6.000000e+00
      vertex   -2.659706e+01 1.400842e+01 1.250000e+00
      vertex   -2.690067e+01 1.389293e+01 1.250000e+00
    endloop
  endfacet
  facet normal 4.302132e-01 -9.027272e-01 4.153454e-04
    outer loop
      vertex   -2.683098e+01 1.392281e+01 -6.000000e+00
      vertex   -2.690067e+01 1.389293e+01 1.250000e+00
      vertex   -2.711445e+01 1.378771e+01 -6.000000e+00
    endloop
  endfacet
  facet normal 4.545007e-01 -8.907463e-01 -4.746766e-04
    outer loop
      vertex   -2.711445e+01 1.378771e+01 -6.000000e+00
      vertex   -2.690067e+01 1.389293e+01 1.250000e+00
      vertex   -2.719002e+01 1.374529e+01 1.250000e+00
    endloop
  endfacet
  facet normal 5.222171e-01 -8.528125e-01 4.531110e-04
    outer loop
      vertex   -2.711445e+01 1.378771e+01 -6.000000e+00
      vertex   -2.719002e+01 1.374529e+01 1.250000e+00
      vertex   -2.738225e+01 1.362373e+01 -6.000000e+00
    endloop
  endfacet
  facet normal 5.481430e-01 -8.363845e-01 -5.097451e-04
    outer loop
      vertex   -2.738225e+01 1.362373e+01 -6.000000e+00
      vertex   -2.719002e+01 1.374529e+01 1.250000e+00
      vertex   -2.746170e+01 1.356724e+01 1.250000e+00
    endloop
  endfacet
  facet normal 6.084995e-01 -7.935541e-01 4.854824e-04
    outer loop
      vertex   -2.738225e+01 1.362373e+01 -6.000000e+00
      vertex   -2.746170e+01 1.356724e+01 1.250000e+00
      vertex   -2.763144e+01 1.343265e+01 -6.000000e+00
    endloop
  endfacet
  facet normal 6.353588e-01 -7.722169e-01 -5.394193e-04
    outer loop
      vertex   -2.763144e+01 1.343265e+01 -6.000000e+00
      vertex   -2.746170e+01 1.356724e+01 1.250000e+00
      vertex   -2.771255e+01 1.336085e+01 1.250000e+00
    endloop
  endfacet
  facet normal 6.881151e-01 -7.256014e-01 5.124592e-04
    outer loop
      vertex   -2.763144e+01 1.343265e+01 -6.000000e+00
      vertex   -2.771255e+01 1.336085e+01 1.250000e+00
      vertex   -2.785929e+01 1.321657e+01 -6.000000e+00
    endloop
  endfacet
  facet normal 7.151256e-01 -6.989957e-01 -5.636986e-04
    outer loop
      vertex   -2.785929e+01 1.321657e+01 -6.000000e+00
      vertex   -2.771255e+01 1.336085e+01 1.250000e+00
      vertex   -2.793960e+01 1.312855e+01 1.250000e+00
    endloop
  endfacet
  facet normal 7.601915e-01 -6.496989e-01 5.340410e-04
    outer loop
      vertex   -2.785929e+01 1.321657e+01 -6.000000e+00
      vertex   -2.793960e+01 1.312855e+01 1.250000e+00
      vertex   -2.806330e+01 1.297786e+01 -6.000000e+00
    endloop
  endfacet
  facet normal 7.865083e-01 -6.175795e-01 -5.825829e-04
    outer loop
      vertex   -2.806330e+01 1.297786e+01 -6.000000e+00
      vertex   -2.793960e+01 1.312855e+01 1.250000e+00
      vertex   -2.814021e+01 1.287307e+01 1.250000e+00
    endloop
  endfacet
  facet normal 8.239391e-01 -5.666781e-01 5.502277e-04
    outer loop
      vertex   -2.806330e+01 1.297786e+01 -6.000000e+00
      vertex   -2.814021e+01 1.287307e+01 1.250000e+00
      vertex   -2.824125e+01 1.271913e+01 -6.000000e+00
    endloop
  endfacet
  facet normal 8.486698e-01 -5.289227e-01 -5.960719e-04
    outer loop
      vertex   -2.824125e+01 1.271913e+01 -6.000000e+00
      vertex   -2.814021e+01 1.287307e+01 1.250000e+00
      vertex   -2.831203e+01 1.259739e+01 1.250000e+00
    endloop
  endfacet
  facet normal 8.786595e-01 -4.774487e-01 5.610189e-04
    outer loop
      vertex   -2.824125e+01 1.271913e+01 -6.000000e+00
      vertex   -2.831203e+01 1.259739e+01 1.250000e+00
      vertex   -2.839117e+01 1.244322e+01 -6.000000e+00
    endloop
  endfacet
  facet normal 9.008815e-01 -4.340648e-01 -6.041653e-04
    outer loop
      vertex   -2.839117e+01 1.244322e+01 -6.000000e+00
      vertex   -2.831203e+01 1.259739e+01 1.250000e+00
      vertex   -2.845303e+01 1.230476e+01 1.250000e+00
    endloop
  endfacet
  facet normal 9.237530e-01 -3.829882e-01 5.664145e-04
    outer loop
      vertex   -2.839117e+01 1.244322e+01 -6.000000e+00
      vertex   -2.845303e+01 1.230476e+01 1.250000e+00
      vertex   -2.851144e+01 1.215314e+01 -6.000000e+00
    endloop
  endfacet
  facet normal 9.425311e-01 -3.341179e-01 -6.068631e-04
    outer loop
      vertex   -2.851144e+01 1.215314e+01 -6.000000e+00
      vertex   -2.845303e+01 1.230476e+01 1.250000e+00
      vertex   -2.856156e+01 1.199859e+01 1.250000e+00
    endloop
  endfacet
  facet normal 9.587258e-01 -2.843317e-01 5.664145e-04
    outer loop
      vertex   -2.851144e+01 1.215314e+01 -6.000000e+00
      vertex   -2.856156e+01 1.199859e+01 1.250000e+00
      vertex   -2.860072e+01 1.185209e+01 -6.000000e+00
    endloop
  endfacet
  facet normal 9.731304e-01 -2.302537e-01 -6.041653e-04
    outer loop
      vertex   -2.860072e+01 1.185209e+01 -6.000000e+00
      vertex   -2.856156e+01 1.199859e+01 1.250000e+00
      vertex   -2.863635e+01 1.168249e+01 1.250000e+00
    endloop
  endfacet
  facet normal 9.831946e-01 -1.825600e-01 5.610189e-04
    outer loop
      vertex   -2.860072e+01 1.185209e+01 -6.000000e+00
      vertex   -2.863635e+01 1.168249e+01 1.250000e+00
      vertex   -2.865805e+01 1.154335e+01 -6.000000e+00
    endloop
  endfacet
  facet normal 9.923207e-01 -1.236900e-01 -5.960719e-04
    outer loop
      vertex   -2.865805e+01 1.154335e+01 -6.000000e+00
      vertex   -2.863635e+01 1.168249e+01 1.250000e+00
      vertex   -2.867653e+01 1.136015e+01 1.250000e+00
    endloop
  endfacet
  facet normal 9.968912e-01 -7.878807e-02 5.502277e-04
    outer loop
      vertex   -2.865805e+01 1.154335e+01 -6.000000e+00
      vertex   -2.867653e+01 1.136015e+01 1.250000e+00
      vertex   -2.868279e+01 1.123031e+01 -6.000000e+00
    endloop
  endfacet
  facet normal 9.998770e-01 -1.567622e-02 -5.825829e-04
    outer loop
      vertex   -2.868279e+01 1.123031e+01 -6.000000e+00
      vertex   -2.867653e+01 1.136015e+01 1.250000e+00
      vertex   -2.868162e+01 1.103535e+01 1.250000e+00
    endloop
  endfacet
  facet normal 9.996658e-01 2.584705e-02 5.340410e-04
    outer loop
      vertex   -2.868279e+01 1.123031e+01 -6.000000e+00
      vertex   -2.868162e+01 1.103535e+01 1.250000e+00
      vertex   -2.867467e+01 1.091640e+01 -6.000000e+00
    endloop
  endfacet
  facet normal 9.957105e-01 9.252139e-02 -5.636986e-04
    outer loop
      vertex   -2.867467e+01 1.091640e+01 -6.000000e+00
      vertex   -2.868162e+01 1.103535e+01 1.250000e+00
      vertex   -2.865157e+01 1.071191e+01 1.250000e+00
    endloop
  endfacet
  facet normal 9.914878e-01 1.301990e-01 5.124592e-04
    outer loop
      vertex   -2.867467e+01 1.091640e+01 -6.000000e+00
      vertex   -2.865157e+01 1.071191e+01 1.250000e+00
      vertex   -2.863379e+01 1.060506e+01 -6.000000e+00
    endloop
  endfacet
  facet normal 9.798703e-01 1.996343e-01 -5.394193e-04
    outer loop
      vertex   -2.863379e+01 1.060506e+01 -6.000000e+00
      vertex   -2.865157e+01 1.071191e+01 1.250000e+00
      vertex   -2.858672e+01 1.039362e+01 1.250000e+00
    endloop
  endfacet
  facet normal 9.724468e-01 2.331244e-01 4.854824e-04
    outer loop
      vertex   -2.863379e+01 1.060506e+01 -6.000000e+00
      vertex   -2.858672e+01 1.039362e+01 1.250000e+00
      vertex   -2.856058e+01 1.029969e+01 -6.000000e+00
    endloop
  endfacet
  facet normal 9.525420e-01 3.044066e-01 -5.097451e-04
    outer loop
      vertex   -2.856058e+01 1.029969e+01 -6.000000e+00
      vertex   -2.858672e+01 1.039362e+01 1.250000e+00
      vertex   -2.848784e+01 1.008420e+01 1.250000e+00
    endloop
  endfacet
  facet normal 9.427515e-01 3.334957e-01 4.531110e-04
    outer loop
      vertex   -2.856058e+01 1.029969e+01 -6.000000e+00
      vertex   -2.848784e+01 1.008420e+01 1.250000e+00
      vertex   -2.845586e+01 1.000366e+01 -6.000000e+00
    endloop
  endfacet
  facet normal 9.140461e-01 4.056101e-01 -4.746766e-04
    outer loop
      vertex   -2.845586e+01 1.000366e+01 -6.000000e+00
      vertex   -2.848784e+01 1.008420e+01 1.250000e+00
      vertex   -2.835608e+01 9.787289e+00 1.250000e+00
    endloop
  endfacet
  facet normal 9.027272e-01 4.302132e-01 4.153454e-04
    outer loop
      vertex   -2.845586e+01 1.000366e+01 -6.000000e+00
      vertex   -2.835608e+01 9.787289e+00 1.250000e+00
      vertex   -2.832077e+01 9.720185e+00 -6.000000e+00
    endloop
  endfacet
  facet normal 8.648337e-01 5.020582e-01 -4.342141e-04
    outer loop
      vertex   -2.832077e+01 9.720185e+00 -6.000000e+00
      vertex   -2.835608e+01 9.787289e+00 1.250000e+00
      vertex   -2.819300e+01 9.506362e+00 1.250000e+00
    endloop
  endfacet
  facet normal 8.528125e-01 5.222171e-01 3.721862e-04
    outer loop
      vertex   -2.832077e+01 9.720185e+00 -6.000000e+00
      vertex   -2.819300e+01 9.506362e+00 1.250000e+00
      vertex   -2.815678e+01 9.452388e+00 -6.000000e+00
    endloop
  endfacet
  facet normal 8.054820e-01 5.926201e-01 -3.883583e-04
    outer loop
      vertex   -2.815678e+01 9.452388e+00 -6.000000e+00
      vertex   -2.819300e+01 9.506362e+00 1.250000e+00
      vertex   -2.800050e+01 9.244714e+00 1.250000e+00
    endloop
  endfacet
  facet normal 7.935541e-01 6.084996e-01 3.236338e-04
    outer loop
      vertex   -2.815678e+01 9.452388e+00 -6.000000e+00
      vertex   -2.800050e+01 9.244714e+00 1.250000e+00
      vertex   -2.796571e+01 9.203200e+00 -6.000000e+00
    endloop
  endfacet
  facet normal 7.366868e-01 6.762340e-01 -3.371096e-04
    outer loop
      vertex   -2.796571e+01 9.203200e+00 -6.000000e+00
      vertex   -2.800050e+01 9.244714e+00 1.250000e+00
      vertex   -2.778083e+01 9.005414e+00 1.250000e+00
    endloop
  endfacet
  facet normal 7.256015e-01 6.881151e-01 2.696890e-04
    outer loop
      vertex   -2.796571e+01 9.203200e+00 -6.000000e+00
      vertex   -2.778083e+01 9.005414e+00 1.250000e+00
      vertex   -2.774963e+01 8.975349e+00 -6.000000e+00
    endloop
  endfacet
  facet normal 6.592545e-01 7.519198e-01 -2.804688e-04
    outer loop
      vertex   -2.774963e+01 8.975349e+00 -6.000000e+00
      vertex   -2.778083e+01 9.005414e+00 1.250000e+00
      vertex   -2.753658e+01 8.791266e+00 1.250000e+00
    endloop
  endfacet
  facet normal 6.496989e-01 7.601916e-01 2.103524e-04
    outer loop
      vertex   -2.774963e+01 8.975349e+00 -6.000000e+00
      vertex   -2.753658e+01 8.791266e+00 1.250000e+00
      vertex   -2.751091e+01 8.771334e+00 -6.000000e+00
    endloop
  endfacet
  facet normal 5.740931e-01 8.187900e-01 -2.184366e-04
    outer loop
      vertex   -2.751091e+01 8.771334e+00 -6.000000e+00
      vertex   -2.753658e+01 8.791266e+00 1.250000e+00
      vertex   -2.727061e+01 8.604781e+00 1.250000e+00
    endloop
  endfacet
  facet normal 5.666782e-01 8.239392e-01 1.456248e-04
    outer loop
      vertex   -2.751091e+01 8.771334e+00 -6.000000e+00
      vertex   -2.727061e+01 8.604781e+00 1.250000e+00
      vertex   -2.725218e+01 8.593388e+00 -6.000000e+00
    endloop
  endfacet
  facet normal 4.822010e-01 8.760606e-01 -1.510138e-04
    outer loop
      vertex   -2.725218e+01 8.593388e+00 -6.000000e+00
      vertex   -2.727061e+01 8.604781e+00 1.250000e+00
      vertex   -2.698604e+01 8.448146e+00 1.250000e+00
    endloop
  endfacet
  facet normal 4.774487e-01 8.786596e-01 7.550701e-05
    outer loop
      vertex   -2.725218e+01 8.593388e+00 -6.000000e+00
      vertex   -2.698604e+01 8.448146e+00 1.250000e+00
      vertex   -2.697627e+01 8.443461e+00 -6.000000e+00
    endloop
  endfacet
  facet normal 3.829883e-01 9.237532e-01 -8.089527e-05
    outer loop
      vertex   -2.697627e+01 8.443461e+00 -6.000000e+00
      vertex   -2.698604e+01 8.448146e+00 1.250000e+00
      vertex   -2.668620e+01 8.323197e+00 -6.000000e+00
    endloop
  endfacet
  facet normal 3.862141e-01 9.224091e-01 7.568069e-05
    outer loop
      vertex   -2.668620e+01 8.323197e+00 -6.000000e+00
      vertex   -2.698604e+01 8.448146e+00 1.250000e+00
      vertex   -2.697627e+01 8.443461e+00 8.500000e+00
    endloop
  endfacet
  facet normal 3.829883e-01 9.237532e-01 -0.000000e+00
    outer loop
      vertex   -2.668620e+01 8.323197e+00 -6.000000e+00
      vertex   -2.697627e+01 8.443461e+00 8.500000e+00
      vertex   -2.668620e+01 8.323197e+00 8.500000e+00
    endloop
  endfacet
  facet normal -7.878808e-02 -9.968914e-01 -1.456248e-04
    outer loop
      vertex   -2.529128e+01 1.412500e+01 8.500000e+00
      vertex   -2.560432e+01 1.414974e+01 8.500000e+00
      vertex   -2.531277e+01 1.412775e+01 1.250000e+00
    endloop
  endfacet
  facet normal -6.978549e-02 -9.975620e-01 2.184366e-04
    outer loop
      vertex   -2.531277e+01 1.412775e+01 1.250000e+00
      vertex   -2.560432e+01 1.414974e+01 8.500000e+00
      vertex   -2.563682e+01 1.415042e+01 1.250000e+00
    endloop
  endfacet
  facet normal 2.584706e-02 -9.996659e-01 -2.103524e-04
    outer loop
      vertex   -2.560432e+01 1.414974e+01 8.500000e+00
      vertex   -2.591823e+01 1.414162e+01 8.500000e+00
      vertex   -2.563682e+01 1.415042e+01 1.250000e+00
    endloop
  endfacet
  facet normal 3.847902e-02 -9.992594e-01 2.804688e-04
    outer loop
      vertex   -2.563682e+01 1.415042e+01 1.250000e+00
      vertex   -2.591823e+01 1.414162e+01 8.500000e+00
      vertex   -2.596141e+01 1.413792e+01 1.250000e+00
    endloop
  endfacet
  facet normal 1.301990e-01 -9.914878e-01 -2.696890e-04
    outer loop
      vertex   -2.591823e+01 1.414162e+01 8.500000e+00
      vertex   -2.622958e+01 1.410074e+01 8.500000e+00
      vertex   -2.596141e+01 1.413792e+01 1.250000e+00
    endloop
  endfacet
  facet normal 1.462924e-01 -9.892413e-01 3.371096e-04
    outer loop
      vertex   -2.596141e+01 1.413792e+01 1.250000e+00
      vertex   -2.622958e+01 1.410074e+01 8.500000e+00
      vertex   -2.628275e+01 1.409040e+01 1.250000e+00
    endloop
  endfacet
  facet normal 2.331245e-01 -9.724469e-01 -3.236338e-04
    outer loop
      vertex   -2.622958e+01 1.410074e+01 8.500000e+00
      vertex   -2.653494e+01 1.402753e+01 8.500000e+00
      vertex   -2.628275e+01 1.409040e+01 1.250000e+00
    endloop
  endfacet
  facet normal 2.523906e-01 -9.676254e-01 3.883583e-04
    outer loop
      vertex   -2.628275e+01 1.409040e+01 1.250000e+00
      vertex   -2.653494e+01 1.402753e+01 8.500000e+00
      vertex   -2.659706e+01 1.400842e+01 1.250000e+00
    endloop
  endfacet
  facet normal 3.334957e-01 -9.427515e-01 -3.721862e-04
    outer loop
      vertex   -2.653494e+01 1.402753e+01 8.500000e+00
      vertex   -2.683098e+01 1.392281e+01 8.500000e+00
      vertex   -2.659706e+01 1.400842e+01 1.250000e+00
    endloop
  endfacet
  facet normal 3.555298e-01 -9.346648e-01 4.342141e-04
    outer loop
      vertex   -2.659706e+01 1.400842e+01 1.250000e+00
      vertex   -2.683098e+01 1.392281e+01 8.500000e+00
      vertex   -2.690067e+01 1.389293e+01 1.250000e+00
    endloop
  endfacet
  facet normal 4.302132e-01 -9.027272e-01 -4.153454e-04
    outer loop
      vertex   -2.683098e+01 1.392281e+01 8.500000e+00
      vertex   -2.711445e+01 1.378771e+01 8.500000e+00
      vertex   -2.690067e+01 1.389293e+01 1.250000e+00
    endloop
  endfacet
  facet normal 4.545007e-01 -8.907463e-01 4.746766e-04
    outer loop
      vertex   -2.690067e+01 1.389293e+01 1.250000e+00
      vertex   -2.711445e+01 1.378771e+01 8.500000e+00
      vertex   -2.719002e+01 1.374529e+01 1.250000e+00
    endloop
  endfacet
  facet normal 5.222171e-01 -8.528125e-01 -4.531110e-04
    outer loop
      vertex   -2.711445e+01 1.378771e+01 8.500000e+00
      vertex   -2.738225e+01 1.362373e+01 8.500000e+00
      vertex   -2.719002e+01 1.374529e+01 1.250000e+00
    endloop
  endfacet
  facet normal 5.481430e-01 -8.363845e-01 5.097451e-04
    outer loop
      vertex   -2.719002e+01 1.374529e+01 1.250000e+00
      vertex   -2.738225e+01 1.362373e+01 8.500000e+00
      vertex   -2.746170e+01 1.356724e+01 1.250000e+00
    endloop
  endfacet
  facet normal 6.084995e-01 -7.935541e-01 -4.854824e-04
    outer loop
      vertex   -2.738225e+01 1.362373e+01 8.500000e+00
      vertex   -2.763144e+01 1.343265e+01 8.500000e+00
      vertex   -2.746170e+01 1.356724e+01 1.250000e+00
    endloop
  endfacet
  facet normal 6.353588e-01 -7.722169e-01 5.394193e-04
    outer loop
      vertex   -2.746170e+01 1.356724e+01 1.250000e+00
      vertex   -2.763144e+01 1.343265e+01 8.500000e+00
      vertex   -2.771255e+01 1.336085e+01 1.250000e+00
    endloop
  endfacet
  facet normal 6.881151e-01 -7.256014e-01 -5.124592e-04
    outer loop
      vertex   -2.763144e+01 1.343265e+01 8.500000e+00
      vertex   -2.785929e+01 1.321657e+01 8.500000e+00
      vertex   -2.771255e+01 1.336085e+01 1.250000e+00
    endloop
  endfacet
  facet normal 7.151256e-01 -6.989957e-01 5.636986e-04
    outer loop
      vertex   -2.771255e+01 1.336085e+01 1.250000e+00
      vertex   -2.785929e+01 1.321657e+01 8.500000e+00
      vertex   -2.793960e+01 1.312855e+01 1.250000e+00
    endloop
  endfacet
  facet normal 7.601915e-01 -6.496989e-01 -5.340410e-04
    outer loop
      vertex   -2.785929e+01 1.321657e+01 8.500000e+00
      vertex   -2.806330e+01 1.297786e+01 8.500000e+00
      vertex   -2.793960e+01 1.312855e+01 1.250000e+00
    endloop
  endfacet
  facet normal 7.865083e-01 -6.175795e-01 5.825829e-04
    outer loop
      vertex   -2.793960e+01 1.312855e+01 1.250000e+00
      vertex   -2.806330e+01 1.297786e+01 8.500000e+00
      vertex   -2.814021e+01 1.287307e+01 1.250000e+00
    endloop
  endfacet
  facet normal 8.239391e-01 -5.666781e-01 -5.502277e-04
    outer loop
      vertex   -2.806330e+01 1.297786e+01 8.500000e+00
      vertex   -2.824125e+01 1.271913e+01 8.500000e+00
      vertex   -2.814021e+01 1.287307e+01 1.250000e+00
    endloop
  endfacet
  facet normal 8.486698e-01 -5.289227e-01 5.960719e-04
    outer loop
      vertex   -2.814021e+01 1.287307e+01 1.250000e+00
      vertex   -2.824125e+01 1.271913e+01 8.500000e+00
      vertex   -2.831203e+01 1.259739e+01 1.250000e+00
    endloop
  endfacet
  facet normal 8.786595e-01 -4.774487e-01 -5.610189e-04
    outer loop
      vertex   -2.824125e+01 1.271913e+01 8.500000e+00
      vertex   -2.839117e+01 1.244322e+01 8.500000e+00
      vertex   -2.831203e+01 1.259739e+01 1.250000e+00
    endloop
  endfacet
  facet normal 9.008815e-01 -4.340648e-01 6.041653e-04
    outer loop
      vertex   -2.831203e+01 1.259739e+01 1.250000e+00
      vertex   -2.839117e+01 1.244322e+01 8.500000e+00
      vertex   -2.845303e+01 1.230476e+01 1.250000e+00
    endloop
  endfacet
  facet normal 9.237530e-01 -3.829882e-01 -5.664145e-04
    outer loop
      vertex   -2.839117e+01 1.244322e+01 8.500000e+00
      vertex   -2.851144e+01 1.215314e+01 8.500000e+00
      vertex   -2.845303e+01 1.230476e+01 1.250000e+00
    endloop
  endfacet
  facet normal 9.425311e-01 -3.341179e-01 6.068631e-04
    outer loop
      vertex   -2.845303e+01 1.230476e+01 1.250000e+00
      vertex   -2.851144e+01 1.215314e+01 8.500000e+00
      vertex   -2.856156e+01 1.199859e+01 1.250000e+00
    endloop
  endfacet
  facet normal 9.587258e-01 -2.843317e-01 -5.664145e-04
    outer loop
      vertex   -2.851144e+01 1.215314e+01 8.500000e+00
      vertex   -2.860072e+01 1.185209e+01 8.500000e+00
      vertex   -2.856156e+01 1.199859e+01 1.250000e+00
    endloop
  endfacet
  facet normal 9.731304e-01 -2.302537e-01 6.041653e-04
    outer loop
      vertex   -2.856156e+01 1.199859e+01 1.250000e+00
      vertex   -2.860072e+01 1.185209e+01 8.500000e+00
      vertex   -2.863635e+01 1.168249e+01 1.250000e+00
    endloop
  endfacet
  facet normal 9.831946e-01 -1.825600e-01 -5.610189e-04
    outer loop
      vertex   -2.860072e+01 1.185209e+01 8.500000e+00
      vertex   -2.865805e+01 1.154335e+01 8.500000e+00
      vertex   -2.863635e+01 1.168249e+01 1.250000e+00
    endloop
  endfacet
  facet normal 9.923207e-01 -1.236900e-01 5.960719e-04
    outer loop
      vertex   -2.863635e+01 1.168249e+01 1.250000e+00
      vertex   -2.865805e+01 1.154335e+01 8.500000e+00
      vertex   -2.867653e+01 1.136015e+01 1.250000e+00
    endloop
  endfacet
  facet normal 9.968912e-01 -7.878807e-02 -5.502277e-04
    outer loop
      vertex   -2.865805e+01 1.154335e+01 8.500000e+00
      vertex   -2.868279e+01 1.123031e+01 8.500000e+00
      vertex   -2.867653e+01 1.136015e+01 1.250000e+00
    endloop
  endfacet
  facet normal 9.998770e-01 -1.567622e-02 5.825829e-04
    outer loop
      vertex   -2.867653e+01 1.136015e+01 1.250000e+00
      vertex   -2.868279e+01 1.123031e+01 8.500000e+00
      vertex   -2.868162e+01 1.103535e+01 1.250000e+00
    endloop
  endfacet
  facet normal 9.996658e-01 2.584705e-02 -5.340410e-04
    outer loop
      vertex   -2.868279e+01 1.123031e+01 8.500000e+00
      vertex   -2.867467e+01 1.091640e+01 8.500000e+00
      vertex   -2.868162e+01 1.103535e+01 1.250000e+00
    endloop
  endfacet
  facet normal 9.957105e-01 9.252139e-02 5.636986e-04
    outer loop
      vertex   -2.868162e+01 1.103535e+01 1.250000e+00
      vertex   -2.867467e+01 1.091640e+01 8.500000e+00
      vertex   -2.865157e+01 1.071191e+01 1.250000e+00
    endloop
  endfacet
  facet normal 9.914878e-01 1.301990e-01 -5.124592e-04
    outer loop
      vertex   -2.867467e+01 1.091640e+01 8.500000e+00
      vertex   -2.863379e+01 1.060506e+01 8.500000e+00
      vertex   -2.865157e+01 1.071191e+01 1.250000e+00
    endloop
  endfacet
  facet normal 9.798703e-01 1.996343e-01 5.394193e-04
    outer loop
      vertex   -2.865157e+01 1.071191e+01 1.250000e+00
      vertex   -2.863379e+01 1.060506e+01 8.500000e+00
      vertex   -2.858672e+01 1.039362e+01 1.250000e+00
    endloop
  endfacet
  facet normal 9.724468e-01 2.331244e-01 -4.854824e-04
    outer loop
      vertex   -2.863379e+01 1.060506e+01 8.500000e+00
      vertex   -2.856058e+01 1.029969e+01 8.500000e+00
      vertex   -2.858672e+01 1.039362e+01 1.250000e+00
    endloop
  endfacet
  facet normal 9.525420e-01 3.044066e-01 5.097451e-04
    outer loop
      vertex   -2.858672e+01 1.039362e+01 1.250000e+00
      vertex   -2.856058e+01 1.029969e+01 8.500000e+00
      vertex   -2.848784e+01 1.008420e+01 1.250000e+00
    endloop
  endfacet
  facet normal 9.427515e-01 3.334957e-01 -4.531110e-04
    outer loop
      vertex   -2.856058e+01 1.029969e+01 8.500000e+00
      vertex   -2.845586e+01 1.000366e+01 8.500000e+00
      vertex   -2.848784e+01 1.008420e+01 1.250000e+00
    endloop
  endfacet
  facet normal 9.140461e-01 4.056101e-01 4.746766e-04
    outer loop
      vertex   -2.848784e+01 1.008420e+01 1.250000e+00
      vertex   -2.845586e+01 1.000366e+01 8.500000e+00
      vertex   -2.835608e+01 9.787289e+00 1.250000e+00
    endloop
  endfacet
  facet normal 9.027272e-01 4.302132e-01 -4.153454e-04
    outer loop
      vertex   -2.845586e+01 1.000366e+01 8.500000e+00
      vertex   -2.832077e+01 9.720185e+00 8.500000e+00
      vertex   -2.835608e+01 9.787289e+00 1.250000e+00
    endloop
  endfacet
  facet normal 8.648337e-01 5.020582e-01 4.342141e-04
    outer loop
      vertex   -2.835608e+01 9.787289e+00 1.250000e+00
      vertex   -2.832077e+01 9.720185e+00 8.500000e+00
      vertex   -2.819300e+01 9.506362e+00 1.250000e+00
    endloop
  endfacet
  facet normal 8.528125e-01 5.222171e-01 -3.721862e-04
    outer loop
      vertex   -2.832077e+01 9.720185e+00 8.500000e+00
      vertex   -2.815678e+01 9.452388e+00 8.500000e+00
      vertex   -2.819300e+01 9.506362e+00 1.250000e+00
    endloop
  endfacet
  facet normal 8.054820e-01 5.926201e-01 3.883583e-04
    outer loop
      vertex   -2.819300e+01 9.506362e+00 1.250000e+00
      vertex   -2.815678e+01 9.452388e+00 8.500000e+00
      vertex   -2.800050e+01 9.244714e+00 1.250000e+00
    endloop
  endfacet
  facet normal 7.935541e-01 6.084996e-01 -3.236338e-04
    outer loop
      vertex   -2.815678e+01 9.452388e+00 8.500000e+00
      vertex   -2.796571e+01 9.203200e+00 8.500000e+00
      vertex   -2.800050e+01 9.244714e+00 1.250000e+00
    endloop
  endfacet
  facet normal 7.366868e-01 6.762340e-01 3.371096e-04
    outer loop
      vertex   -2.800050e+01 9.244714e+00 1.250000e+00
      vertex   -2.796571e+01 9.203200e+00 8.500000e+00
      vertex   -2.778083e+01 9.005414e+00 1.250000e+00
    endloop
  endfacet
  facet normal 7.256015e-01 6.881151e-01 -2.696890e-04
    outer loop
      vertex   -2.796571e+01 9.203200e+00 8.500000e+00
      vertex   -2.774963e+01 8.975349e+00 8.500000e+00
      vertex   -2.778083e+01 9.005414e+00 1.250000e+00
    endloop
  endfacet
  facet normal 6.592545e-01 7.519198e-01 2.804688e-04
    outer loop
      vertex   -2.778083e+01 9.005414e+00 1.250000e+00
      vertex   -2.774963e+01 8.975349e+00 8.500000e+00
      vertex   -2.753658e+01 8.791266e+00 1.250000e+00
    endloop
  endfacet
  facet normal 6.496989e-01 7.601916e-01 -2.103524e-04
    outer loop
      vertex   -2.774963e+01 8.975349e+00 8.500000e+00
      vertex   -2.751091e+01 8.771334e+00 8.500000e+00
      vertex   -2.753658e+01 8.791266e+00 1.250000e+00
    endloop
  endfacet
  facet normal 5.740931e-01 8.187900e-01 2.184366e-04
    outer loop
      vertex   -2.753658e+01 8.791266e+00 1.250000e+00
      vertex   -2.751091e+01 8.771334e+00 8.500000e+00
      vertex   -2.727061e+01 8.604781e+00 1.250000e+00
    endloop
  endfacet
  facet normal 5.666782e-01 8.239392e-01 -1.456248e-04
    outer loop
      vertex   -2.751091e+01 8.771334e+00 8.500000e+00
      vertex   -2.725218e+01 8.593388e+00 8.500000e+00
      vertex   -2.727061e+01 8.604781e+00 1.250000e+00
    endloop
  endfacet
  facet normal 4.822010e-01 8.760606e-01 1.510138e-04
    outer loop
      vertex   -2.727061e+01 8.604781e+00 1.250000e+00
      vertex   -2.725218e+01 8.593388e+00 8.500000e+00
      vertex   -2.698604e+01 8.448146e+00 1.250000e+00
    endloop
  endfacet
  facet normal 4.774487e-01 8.786596e-01 -7.550701e-05
    outer loop
      vertex   -2.725218e+01 8.593388e+00 8.500000e+00
      vertex   -2.697627e+01 8.443461e+00 8.500000e+00
      vertex   -2.698604e+01 8.448146e+00 1.250000e+00
    endloop
  endfacet
  facet normal -1.825600e-01 -9.831947e-01 7.550701e-05
    outer loop
      vertex   -2.529128e+01 1.412500e+01 -6.000000e+00
      vertex   -2.498255e+01 1.406767e+01 -6.000000e+00
      vertex   -2.499308e+01 1.407018e+01 1.250000e+00
    endloop
  endfacet
  facet normal 6.784223e-01 -7.346722e-01 5.906259e-16
    outer loop
      vertex   -1.664910e+01 1.864960e+01 0.000000e+00
      vertex   -1.664910e+01 1.864960e+01 8.500000e+00
      vertex   -1.726721e+01 1.807881e+01 0.000000e+00
    endloop
  endfacet
  facet normal 6.784223e-01 -7.346722e-01 -2.835577e-16
    outer loop
      vertex   -1.726721e+01 1.807881e+01 0.000000e+00
      vertex   -1.664910e+01 1.864960e+01 8.500000e+00
      vertex   -1.726721e+01 1.807881e+01 8.500000e+00
    endloop
  endfacet
  facet normal 7.027593e-01 -7.114277e-01 -2.937297e-16
    outer loop
      vertex   -1.726721e+01 1.807881e+01 0.000000e+00
      vertex   -1.726721e+01 1.807881e+01 8.500000e+00
      vertex   -1.786578e+01 1.748754e+01 8.500000e+00
    endloop
  endfacet
  facet normal 7.027593e-01 -7.114277e-01 2.125935e-18
    outer loop
      vertex   -1.726721e+01 1.807881e+01 0.000000e+00
      vertex   -1.786578e+01 1.748754e+01 8.500000e+00
      vertex   -1.786578e+01 1.748754e+01 0.000000e+00
    endloop
  endfacet
  facet normal 7.263003e-01 -6.873775e-01 0.000000e+00
    outer loop
      vertex   -1.786578e+01 1.748754e+01 0.000000e+00
      vertex   -1.786578e+01 1.748754e+01 8.500000e+00
      vertex   -1.844410e+01 1.687647e+01 8.500000e+00
    endloop
  endfacet
  facet normal 7.263003e-01 -6.873775e-01 1.263874e-17
    outer loop
      vertex   -1.786578e+01 1.748754e+01 0.000000e+00
      vertex   -1.844410e+01 1.687647e+01 8.500000e+00
      vertex   -1.844410e+01 1.687647e+01 0.000000e+00
    endloop
  endfacet
  facet normal 7.490188e-01 -6.625487e-01 3.614157e-17
    outer loop
      vertex   -1.844410e+01 1.687647e+01 0.000000e+00
      vertex   -1.844410e+01 1.687647e+01 8.500000e+00
      vertex   -1.900154e+01 1.624628e+01 8.500000e+00
    endloop
  endfacet
  facet normal 7.490188e-01 -6.625487e-01 -8.268059e-19
    outer loop
      vertex   -1.844410e+01 1.687647e+01 0.000000e+00
      vertex   -1.900154e+01 1.624628e+01 8.500000e+00
      vertex   -1.900154e+01 1.624628e+01 0.000000e+00
    endloop
  endfacet
  facet normal 7.708889e-01 -6.369696e-01 0.000000e+00
    outer loop
      vertex   -1.900154e+01 1.624628e+01 0.000000e+00
      vertex   -1.900154e+01 1.624628e+01 8.500000e+00
      vertex   -1.953745e+01 1.559769e+01 8.500000e+00
    endloop
  endfacet
  facet normal 7.708889e-01 -6.369696e-01 5.650236e-17
    outer loop
      vertex   -1.900154e+01 1.624628e+01 0.000000e+00
      vertex   -1.953745e+01 1.559769e+01 8.500000e+00
      vertex   -1.953745e+01 1.559769e+01 0.000000e+00
    endloop
  endfacet
  facet normal 7.918859e-01 -6.106690e-01 7.574255e-17
    outer loop
      vertex   -1.953745e+01 1.559769e+01 0.000000e+00
      vertex   -1.953745e+01 1.559769e+01 8.500000e+00
      vertex   -2.005124e+01 1.493144e+01 8.500000e+00
    endloop
  endfacet
  facet normal 7.918859e-01 -6.106690e-01 -3.301829e-16
    outer loop
      vertex   -1.953745e+01 1.559769e+01 0.000000e+00
      vertex   -2.005124e+01 1.493144e+01 8.500000e+00
      vertex   -2.005124e+01 1.493144e+01 0.000000e+00
    endloop
  endfacet
  facet normal 8.119860e-01 -5.836768e-01 -3.393828e-16
    outer loop
      vertex   -2.005124e+01 1.493144e+01 0.000000e+00
      vertex   -2.005124e+01 1.493144e+01 8.500000e+00
      vertex   -2.054232e+01 1.424827e+01 8.500000e+00
    endloop
  endfacet
  facet normal 8.119860e-01 -5.836768e-01 2.209476e-16
    outer loop
      vertex   -2.005124e+01 1.493144e+01 0.000000e+00
      vertex   -2.054232e+01 1.424827e+01 8.500000e+00
      vertex   -2.054232e+01 1.424827e+01 0.000000e+00
    endloop
  endfacet
  facet normal 8.311665e-01 -5.560236e-01 2.312000e-16
    outer loop
      vertex   -2.054232e+01 1.424827e+01 0.000000e+00
      vertex   -2.054232e+01 1.424827e+01 8.500000e+00
      vertex   -2.101013e+01 1.354897e+01 8.500000e+00
    endloop
  endfacet
  facet normal 8.311665e-01 -5.560236e-01 -1.154894e-16
    outer loop
      vertex   -2.054232e+01 1.424827e+01 0.000000e+00
      vertex   -2.101013e+01 1.354897e+01 8.500000e+00
      vertex   -2.101013e+01 1.354897e+01 0.000000e+00
    endloop
  endfacet
  facet normal 8.494056e-01 -5.277405e-01 -1.344452e-16
    outer loop
      vertex   -2.101013e+01 1.354897e+01 0.000000e+00
      vertex   -2.101013e+01 1.354897e+01 8.500000e+00
      vertex   -2.145414e+01 1.283432e+01 0.000000e+00
    endloop
  endfacet
  facet normal 8.494056e-01 -5.277405e-01 0.000000e+00
    outer loop
      vertex   -2.145414e+01 1.283432e+01 0.000000e+00
      vertex   -2.101013e+01 1.354897e+01 8.500000e+00
      vertex   -2.145414e+01 1.283432e+01 8.500000e+00
    endloop
  endfacet
  facet normal 9.061790e-01 4.228944e-01 2.019967e-16
    outer loop
      vertex   -1.664910e+01 1.864960e+01 8.500000e+00
      vertex   -1.664910e+01 1.864960e+01 0.000000e+00
      vertex   -1.710739e+01 1.963162e+01 8.500000e+00
    endloop
  endfacet
  facet normal 9.061790e-01 4.228944e-01 1.767556e-16
    outer loop
      vertex   -1.710739e+01 1.963162e+01 8.500000e+00
      vertex   -1.664910e+01 1.864960e+01 0.000000e+00
      vertex   -1.710739e+01 1.963162e+01 0.000000e+00
    endloop
  endfacet
  facet normal -1.578177e-01 9.874683e-01 0.000000e+00
    outer loop
      vertex   -1.808581e+01 2.020611e+01 8.500000e+00
      vertex   -1.808581e+01 2.020611e+01 5.666667e+00
      vertex   -1.825579e+01 2.017895e+01 8.500000e+00
    endloop
  endfacet
  facet normal -1.578177e-01 9.874683e-01 -6.738375e-19
    outer loop
      vertex   -1.825579e+01 2.017895e+01 8.500000e+00
      vertex   -1.808581e+01 2.020611e+01 5.666667e+00
      vertex   -1.808581e+01 2.020611e+01 2.833333e+00
    endloop
  endfacet
  facet normal -1.578177e-01 9.874683e-01 0.000000e+00
    outer loop
      vertex   -1.825579e+01 2.017895e+01 8.500000e+00
      vertex   -1.808581e+01 2.020611e+01 2.833333e+00
      vertex   -1.825579e+01 2.017895e+01 0.000000e+00
    endloop
  endfacet
  facet normal -1.578177e-01 9.874683e-01 -6.738375e-19
    outer loop
      vertex   -1.825579e+01 2.017895e+01 0.000000e+00
      vertex   -1.808581e+01 2.020611e+01 2.833333e+00
      vertex   -1.808581e+01 2.020611e+01 0.000000e+00
    endloop
  endfacet
  facet normal 1.387122e-02 9.999038e-01 -0.000000e+00
    outer loop
      vertex   -1.808581e+01 2.020611e+01 0.000000e+00
      vertex   -1.808581e+01 2.020611e+01 2.833333e+00
      vertex   -1.791368e+01 2.020373e+01 0.000000e+00
    endloop
  endfacet
  facet normal 1.387122e-02 9.999038e-01 -0.000000e+00
    outer loop
      vertex   -1.791368e+01 2.020373e+01 0.000000e+00
      vertex   -1.808581e+01 2.020611e+01 2.833333e+00
      vertex   -1.791368e+01 2.020373e+01 2.833333e+00
    endloop
  endfacet
  facet normal 1.851491e-01 9.827104e-01 -0.000000e+00
    outer loop
      vertex   -1.791368e+01 2.020373e+01 0.000000e+00
      vertex   -1.791368e+01 2.020373e+01 2.833333e+00
      vertex   -1.774452e+01 2.017185e+01 0.000000e+00
    endloop
  endfacet
  facet normal 1.851491e-01 9.827104e-01 -0.000000e+00
    outer loop
      vertex   -1.774452e+01 2.017185e+01 0.000000e+00
      vertex   -1.791368e+01 2.020373e+01 2.833333e+00
      vertex   -1.774452e+01 2.017185e+01 2.833333e+00
    endloop
  endfacet
  facet normal 3.509407e-01 9.363977e-01 -0.000000e+00
    outer loop
      vertex   -1.774452e+01 2.017185e+01 0.000000e+00
      vertex   -1.774452e+01 2.017185e+01 2.833333e+00
      vertex   -1.758333e+01 2.011144e+01 0.000000e+00
    endloop
  endfacet
  facet normal 3.509407e-01 9.363977e-01 -0.000000e+00
    outer loop
      vertex   -1.758333e+01 2.011144e+01 0.000000e+00
      vertex   -1.774452e+01 2.017185e+01 2.833333e+00
      vertex   -1.758333e+01 2.011144e+01 2.833333e+00
    endloop
  endfacet
  facet normal 5.063334e-01 8.623378e-01 -0.000000e+00
    outer loop
      vertex   -1.758333e+01 2.011144e+01 0.000000e+00
      vertex   -1.758333e+01 2.011144e+01 2.833333e+00
      vertex   -1.743489e+01 2.002428e+01 0.000000e+00
    endloop
  endfacet
  facet normal 5.063334e-01 8.623378e-01 -6.348909e-16
    outer loop
      vertex   -1.743489e+01 2.002428e+01 0.000000e+00
      vertex   -1.758333e+01 2.011144e+01 2.833333e+00
      vertex   -1.743489e+01 2.002428e+01 2.833333e+00
    endloop
  endfacet
  facet normal 6.467225e-01 7.627254e-01 -8.109246e-16
    outer loop
      vertex   -1.743489e+01 2.002428e+01 0.000000e+00
      vertex   -1.743489e+01 2.002428e+01 2.833333e+00
      vertex   -1.730360e+01 1.991296e+01 0.000000e+00
    endloop
  endfacet
  facet normal 6.467225e-01 7.627254e-01 -0.000000e+00
    outer loop
      vertex   -1.730360e+01 1.991296e+01 0.000000e+00
      vertex   -1.743489e+01 2.002428e+01 2.833333e+00
      vertex   -1.730360e+01 1.991296e+01 2.833333e+00
    endloop
  endfacet
  facet normal 7.679481e-01 6.405121e-01 -0.000000e+00
    outer loop
      vertex   -1.730360e+01 1.991296e+01 0.000000e+00
      vertex   -1.730360e+01 1.991296e+01 2.833333e+00
      vertex   -1.719334e+01 1.978077e+01 0.000000e+00
    endloop
  endfacet
  facet normal 7.679481e-01 6.405121e-01 -9.629293e-16
    outer loop
      vertex   -1.719334e+01 1.978077e+01 0.000000e+00
      vertex   -1.730360e+01 1.991296e+01 2.833333e+00
      vertex   -1.719334e+01 1.978077e+01 2.833333e+00
    endloop
  endfacet
  facet normal 8.664180e-01 4.993193e-01 -1.086401e-15
    outer loop
      vertex   -1.719334e+01 1.978077e+01 0.000000e+00
      vertex   -1.719334e+01 1.978077e+01 2.833333e+00
      vertex   -1.710739e+01 1.963162e+01 0.000000e+00
    endloop
  endfacet
  facet normal 8.664180e-01 4.993193e-01 6.258853e-16
    outer loop
      vertex   -1.710739e+01 1.963162e+01 0.000000e+00
      vertex   -1.719334e+01 1.978077e+01 2.833333e+00
      vertex   -1.719334e+01 1.978077e+01 5.666667e+00
    endloop
  endfacet
  facet normal 8.664180e-01 4.993193e-01 2.086987e-16
    outer loop
      vertex   -1.710739e+01 1.963162e+01 0.000000e+00
      vertex   -1.719334e+01 1.978077e+01 5.666667e+00
      vertex   -1.710739e+01 1.963162e+01 8.500000e+00
    endloop
  endfacet
  facet normal 8.664180e-01 4.993193e-01 -2.106752e-19
    outer loop
      vertex   -1.710739e+01 1.963162e+01 8.500000e+00
      vertex   -1.719334e+01 1.978077e+01 5.666667e+00
      vertex   -1.719334e+01 1.978077e+01 8.500000e+00
    endloop
  endfacet
  facet normal 7.679481e-01 6.405121e-01 0.000000e+00
    outer loop
      vertex   -1.719334e+01 1.978077e+01 8.500000e+00
      vertex   -1.719334e+01 1.978077e+01 5.666667e+00
      vertex   -1.730360e+01 1.991296e+01 8.500000e+00
    endloop
  endfacet
  facet normal 7.679481e-01 6.405121e-01 0.000000e+00
    outer loop
      vertex   -1.730360e+01 1.991296e+01 8.500000e+00
      vertex   -1.719334e+01 1.978077e+01 5.666667e+00
      vertex   -1.730360e+01 1.991296e+01 5.666667e+00
    endloop
  endfacet
  facet normal 6.467225e-01 7.627254e-01 0.000000e+00
    outer loop
      vertex   -1.730360e+01 1.991296e+01 8.500000e+00
      vertex   -1.730360e+01 1.991296e+01 5.666667e+00
      vertex   -1.743489e+01 2.002428e+01 8.500000e+00
    endloop
  endfacet
  facet normal 6.467225e-01 7.627254e-01 9.563806e-16
    outer loop
      vertex   -1.743489e+01 2.002428e+01 8.500000e+00
      vertex   -1.730360e+01 1.991296e+01 5.666667e+00
      vertex   -1.743489e+01 2.002428e+01 5.666667e+00
    endloop
  endfacet
  facet normal 5.063334e-01 8.623378e-01 1.081284e-15
    outer loop
      vertex   -1.743489e+01 2.002428e+01 8.500000e+00
      vertex   -1.743489e+01 2.002428e+01 5.666667e+00
      vertex   -1.758333e+01 2.011144e+01 8.500000e+00
    endloop
  endfacet
  facet normal 5.063334e-01 8.623378e-01 0.000000e+00
    outer loop
      vertex   -1.758333e+01 2.011144e+01 8.500000e+00
      vertex   -1.743489e+01 2.002428e+01 5.666667e+00
      vertex   -1.758333e+01 2.011144e+01 5.666667e+00
    endloop
  endfacet
  facet normal 3.509407e-01 9.363977e-01 0.000000e+00
    outer loop
      vertex   -1.758333e+01 2.011144e+01 8.500000e+00
      vertex   -1.758333e+01 2.011144e+01 5.666667e+00
      vertex   -1.774452e+01 2.017185e+01 8.500000e+00
    endloop
  endfacet
  facet normal 3.509407e-01 9.363977e-01 0.000000e+00
    outer loop
      vertex   -1.774452e+01 2.017185e+01 8.500000e+00
      vertex   -1.758333e+01 2.011144e+01 5.666667e+00
      vertex   -1.774452e+01 2.017185e+01 5.666667e+00
    endloop
  endfacet
  facet normal 1.851491e-01 9.827104e-01 0.000000e+00
    outer loop
      vertex   -1.774452e+01 2.017185e+01 8.500000e+00
      vertex   -1.774452e+01 2.017185e+01 5.666667e+00
      vertex   -1.791368e+01 2.020373e+01 8.500000e+00
    endloop
  endfacet
  facet normal 1.851491e-01 9.827104e-01 0.000000e+00
    outer loop
      vertex   -1.791368e+01 2.020373e+01 8.500000e+00
      vertex   -1.774452e+01 2.017185e+01 5.666667e+00
      vertex   -1.791368e+01 2.020373e+01 5.666667e+00
    endloop
  endfacet
  facet normal 1.387122e-02 9.999038e-01 0.000000e+00
    outer loop
      vertex   -1.791368e+01 2.020373e+01 8.500000e+00
      vertex   -1.791368e+01 2.020373e+01 5.666667e+00
      vertex   -1.808581e+01 2.020611e+01 8.500000e+00
    endloop
  endfacet
  facet normal 1.387122e-02 9.999038e-01 0.000000e+00
    outer loop
      vertex   -1.808581e+01 2.020611e+01 8.500000e+00
      vertex   -1.791368e+01 2.020373e+01 5.666667e+00
      vertex   -1.808581e+01 2.020611e+01 5.666667e+00
    endloop
  endfacet
  facet normal 1.387122e-02 9.999038e-01 -5.536119e-20
    outer loop
      vertex   -1.791368e+01 2.020373e+01 2.833333e+00
      vertex   -1.808581e+01 2.020611e+01 2.833333e+00
      vertex   -1.808581e+01 2.020611e+01 5.666667e+00
    endloop
  endfacet
  facet normal 1.387122e-02 9.999038e-01 -0.000000e+00
    outer loop
      vertex   -1.791368e+01 2.020373e+01 2.833333e+00
      vertex   -1.808581e+01 2.020611e+01 5.666667e+00
      vertex   -1.791368e+01 2.020373e+01 5.666667e+00
    endloop
  endfacet
  facet normal 1.851491e-01 9.827104e-01 6.415703e-19
    outer loop
      vertex   -1.774452e+01 2.017185e+01 2.833333e+00
      vertex   -1.791368e+01 2.020373e+01 2.833333e+00
      vertex   -1.791368e+01 2.020373e+01 5.666667e+00
    endloop
  endfacet
  facet normal 1.851491e-01 9.827104e-01 -0.000000e+00
    outer loop
      vertex   -1.774452e+01 2.017185e+01 2.833333e+00
      vertex   -1.791368e+01 2.020373e+01 5.666667e+00
      vertex   -1.774452e+01 2.017185e+01 5.666667e+00
    endloop
  endfacet
  facet normal 3.509407e-01 9.363977e-01 -4.310645e-19
    outer loop
      vertex   -1.758333e+01 2.011144e+01 2.833333e+00
      vertex   -1.774452e+01 2.017185e+01 2.833333e+00
      vertex   -1.774452e+01 2.017185e+01 5.666667e+00
    endloop
  endfacet
  facet normal 3.509407e-01 9.363977e-01 -0.000000e+00
    outer loop
      vertex   -1.758333e+01 2.011144e+01 2.833333e+00
      vertex   -1.774452e+01 2.017185e+01 5.666667e+00
      vertex   -1.758333e+01 2.011144e+01 5.666667e+00
    endloop
  endfacet
  facet normal 5.063334e-01 8.623378e-01 2.590777e-19
    outer loop
      vertex   -1.743489e+01 2.002428e+01 2.833333e+00
      vertex   -1.758333e+01 2.011144e+01 2.833333e+00
      vertex   -1.758333e+01 2.011144e+01 5.666667e+00
    endloop
  endfacet
  facet normal 5.063334e-01 8.623378e-01 -0.000000e+00
    outer loop
      vertex   -1.743489e+01 2.002428e+01 2.833333e+00
      vertex   -1.758333e+01 2.011144e+01 5.666667e+00
      vertex   -1.743489e+01 2.002428e+01 5.666667e+00
    endloop
  endfacet
  facet normal 6.467225e-01 7.627254e-01 9.247902e-19
    outer loop
      vertex   -1.730360e+01 1.991296e+01 2.833333e+00
      vertex   -1.743489e+01 2.002428e+01 2.833333e+00
      vertex   -1.743489e+01 2.002428e+01 5.666667e+00
    endloop
  endfacet
  facet normal 6.467225e-01 7.627254e-01 -0.000000e+00
    outer loop
      vertex   -1.730360e+01 1.991296e+01 2.833333e+00
      vertex   -1.743489e+01 2.002428e+01 5.666667e+00
      vertex   -1.730360e+01 1.991296e+01 5.666667e+00
    endloop
  endfacet
  facet normal 7.679481e-01 6.405121e-01 -7.378875e-19
    outer loop
      vertex   -1.719334e+01 1.978077e+01 2.833333e+00
      vertex   -1.730360e+01 1.991296e+01 2.833333e+00
      vertex   -1.730360e+01 1.991296e+01 5.666667e+00
    endloop
  endfacet
  facet normal 7.679481e-01 6.405121e-01 8.031375e-16
    outer loop
      vertex   -1.719334e+01 1.978077e+01 2.833333e+00
      vertex   -1.730360e+01 1.991296e+01 5.666667e+00
      vertex   -1.719334e+01 1.978077e+01 5.666667e+00
    endloop
  endfacet
  facet normal -2.422228e-01 9.702206e-01 0.000000e+00
    outer loop
      vertex   -1.825579e+01 2.017895e+01 8.500000e+00
      vertex   -1.825579e+01 2.017895e+01 0.000000e+00
      vertex   -3.900000e+01 1.500000e+01 8.500000e+00
    endloop
  endfacet
  facet normal -2.422228e-01 9.702206e-01 0.000000e+00
    outer loop
      vertex   -3.900000e+01 1.500000e+01 8.500000e+00
      vertex   -1.825579e+01 2.017895e+01 0.000000e+00
      vertex   -3.900000e+01 1.500000e+01 -1.900000e+01
    endloop
  endfacet
  facet normal -2.422228e-01 9.702206e-01 1.829077e-15
    outer loop
      vertex   -3.900000e+01 1.500000e+01 -1.900000e+01
      vertex   -1.825579e+01 2.017895e+01 0.000000e+00
      vertex   -1.118003e+01 2.194546e+01 -6.000000e+00
    endloop
  endfacet
  facet normal -2.422228e-01 9.702206e-01 -2.004413e-15
    outer loop
      vertex   -3.900000e+01 1.500000e+01 -1.900000e+01
      vertex   -1.118003e+01 2.194546e+01 -6.000000e+00
      vertex   -5.813348e+00 2.328530e+01 -1.900000e+01
    endloop
  endfacet
  facet normal -2.422228e-01 9.702206e-01 0.000000e+00
    outer loop
      vertex   -5.813348e+00 2.328530e+01 -1.900000e+01
      vertex   -1.118003e+01 2.194546e+01 -6.000000e+00
      vertex   -5.813348e+00 2.328530e+01 -6.000000e+00
    endloop
  endfacet
  facet normal -2.422228e-01 9.702206e-01 7.145175e-18
    outer loop
      vertex   -1.825579e+01 2.017895e+01 0.000000e+00
      vertex   -1.118003e+01 2.194546e+01 0.000000e+00
      vertex   -1.118003e+01 2.194546e+01 -6.000000e+00
    endloop
  endfacet
  facet normal 0.000000e+00 -0.000000e+00 1.000000e+00
    outer loop
      vertex   -2.187941e+01 1.404605e+01 9.500000e+00
      vertex   -2.137963e+01 1.479566e+01 9.500000e+00
      vertex   -2.434737e+01 1.492092e+01 9.500000e+00
    endloop
  endfacet
  facet normal -0.000000e+00 0.000000e+00 1.000000e+00
    outer loop
      vertex   -2.434737e+01 1.492092e+01 9.500000e+00
      vertex   -2.137963e+01 1.479566e+01 9.500000e+00
      vertex   -2.085418e+01 1.552750e+01 9.500000e+00
    endloop
  endfacet
  facet normal 0.000000e+00 0.000000e+00 1.000000e+00
    outer loop
      vertex   -2.434737e+01 1.492092e+01 9.500000e+00
      vertex   -2.085418e+01 1.552750e+01 9.500000e+00
      vertex   -2.030368e+01 1.624070e+01 9.500000e+00
    endloop
  endfacet
  facet normal 0.000000e+00 -0.000000e+00 1.000000e+00
    outer loop
      vertex   -2.030368e+01 1.624070e+01 9.500000e+00
      vertex   -1.972881e+01 1.693441e+01 9.500000e+00
      vertex   -2.434737e+01 1.492092e+01 9.500000e+00
    endloop
  endfacet
  facet normal 0.000000e+00 -0.000000e+00 1.000000e+00
    outer loop
      vertex   -2.434737e+01 1.492092e+01 9.500000e+00
      vertex   -1.972881e+01 1.693441e+01 9.500000e+00
      vertex   -2.470094e+01 1.502815e+01 9.500000e+00
    endloop
  endfacet
  facet normal 0.000000e+00 0.000000e+00 1.000000e+00
    outer loop
      vertex   -2.470094e+01 1.502815e+01 9.500000e+00
      vertex   -1.972881e+01 1.693441e+01 9.500000e+00
      vertex   -1.913025e+01 1.760777e+01 9.500000e+00
    endloop
  endfacet
  facet normal 0.000000e+00 0.000000e+00 1.000000e+00
    outer loop
      vertex   -2.470094e+01 1.502815e+01 9.500000e+00
      vertex   -1.913025e+01 1.760777e+01 9.500000e+00
      vertex   -1.801357e+01 1.920873e+01 9.500000e+00
    endloop
  endfacet
  facet normal 0.000000e+00 0.000000e+00 1.000000e+00
    outer loop
      vertex   -1.801357e+01 1.920873e+01 9.500000e+00
      vertex   -1.913025e+01 1.760777e+01 9.500000e+00
      vertex   -1.850872e+01 1.826000e+01 9.500000e+00
    endloop
  endfacet
  facet normal 0.000000e+00 0.000000e+00 1.000000e+00
    outer loop
      vertex   -1.801357e+01 1.920873e+01 9.500000e+00
      vertex   -1.850872e+01 1.826000e+01 9.500000e+00
      vertex   -1.786496e+01 1.889029e+01 9.500000e+00
    endloop
  endfacet
  facet normal 0.000000e+00 0.000000e+00 1.000000e+00
    outer loop
      vertex   -3.800000e+01 1.421896e+01 9.500000e+00
      vertex   -2.688932e+01 1.496482e+01 9.500000e+00
      vertex   -1.801357e+01 1.920873e+01 9.500000e+00
    endloop
  endfacet
  facet normal 0.000000e+00 0.000000e+00 1.000000e+00
    outer loop
      vertex   -1.801357e+01 1.920873e+01 9.500000e+00
      vertex   -2.688932e+01 1.496482e+01 9.500000e+00
      vertex   -2.653227e+01 1.505978e+01 9.500000e+00
    endloop
  endfacet
  facet normal 0.000000e+00 0.000000e+00 1.000000e+00
    outer loop
      vertex   -1.801357e+01 1.920873e+01 9.500000e+00
      vertex   -2.653227e+01 1.505978e+01 9.500000e+00
      vertex   -2.616797e+01 1.512139e+01 9.500000e+00
    endloop
  endfacet
  facet normal 0.000000e+00 0.000000e+00 1.000000e+00
    outer loop
      vertex   -3.800000e+01 -1.421896e+01 9.500000e+00
      vertex   -3.200000e+01 -5.750000e+00 9.500000e+00
      vertex   -3.800000e+01 1.421896e+01 9.500000e+00
    endloop
  endfacet
  facet normal 0.000000e+00 0.000000e+00 1.000000e+00
    outer loop
      vertex   -3.800000e+01 1.421896e+01 9.500000e+00
      vertex   -3.200000e+01 -5.750000e+00 9.500000e+00
      vertex   -3.200000e+01 5.750000e+00 9.500000e+00
    endloop
  endfacet
  facet normal 0.000000e+00 0.000000e+00 1.000000e+00
    outer loop
      vertex   -3.800000e+01 1.421896e+01 9.500000e+00
      vertex   -3.200000e+01 5.750000e+00 9.500000e+00
      vertex   -2.967579e+01 1.140450e+01 9.500000e+00
    endloop
  endfacet
  facet normal 0.000000e+00 0.000000e+00 1.000000e+00
    outer loop
      vertex   -2.967579e+01 1.140450e+01 9.500000e+00
      vertex   -3.200000e+01 5.750000e+00 9.500000e+00
      vertex   -2.968217e+01 1.103509e+01 9.500000e+00
    endloop
  endfacet
  facet normal 0.000000e+00 0.000000e+00 1.000000e+00
    outer loop
      vertex   -2.968217e+01 1.103509e+01 9.500000e+00
      vertex   -3.200000e+01 5.750000e+00 9.500000e+00
      vertex   -2.965444e+01 1.066666e+01 9.500000e+00
    endloop
  endfacet
  facet normal 0.000000e+00 0.000000e+00 1.000000e+00
    outer loop
      vertex   -2.965444e+01 1.066666e+01 9.500000e+00
      vertex   -3.200000e+01 5.750000e+00 9.500000e+00
      vertex   -2.959283e+01 1.030237e+01 9.500000e+00
    endloop
  endfacet
  facet normal 0.000000e+00 0.000000e+00 1.000000e+00
    outer loop
      vertex   -2.959283e+01 1.030237e+01 9.500000e+00
      vertex   -3.200000e+01 5.750000e+00 9.500000e+00
      vertex   -2.949787e+01 9.945310e+00 9.500000e+00
    endloop
  endfacet
  facet normal 0.000000e+00 0.000000e+00 1.000000e+00
    outer loop
      vertex   -2.949787e+01 9.945310e+00 9.500000e+00
      vertex   -3.200000e+01 5.750000e+00 9.500000e+00
      vertex   -2.937038e+01 9.598538e+00 9.500000e+00
    endloop
  endfacet
  facet normal 0.000000e+00 0.000000e+00 1.000000e+00
    outer loop
      vertex   -2.937038e+01 9.598538e+00 9.500000e+00
      vertex   -3.200000e+01 5.750000e+00 9.500000e+00
      vertex   -2.921143e+01 9.265010e+00 9.500000e+00
    endloop
  endfacet
  facet normal 0.000000e+00 0.000000e+00 1.000000e+00
    outer loop
      vertex   -2.921143e+01 9.265010e+00 9.500000e+00
      vertex   -3.200000e+01 5.750000e+00 9.500000e+00
      vertex   -2.902238e+01 8.947570e+00 9.500000e+00
    endloop
  endfacet
  facet normal 0.000000e+00 0.000000e+00 1.000000e+00
    outer loop
      vertex   -2.902238e+01 8.947570e+00 9.500000e+00
      vertex   -3.200000e+01 5.750000e+00 9.500000e+00
      vertex   -2.880485e+01 8.648927e+00 9.500000e+00
    endloop
  endfacet
  facet normal 0.000000e+00 0.000000e+00 1.000000e+00
    outer loop
      vertex   -2.880485e+01 8.648927e+00 9.500000e+00
      vertex   -3.200000e+01 5.750000e+00 9.500000e+00
      vertex   -2.856069e+01 8.371630e+00 9.500000e+00
    endloop
  endfacet
  facet normal 0.000000e+00 0.000000e+00 1.000000e+00
    outer loop
      vertex   -2.856069e+01 8.371630e+00 9.500000e+00
      vertex   -3.200000e+01 5.750000e+00 9.500000e+00
      vertex   -2.829199e+01 8.118043e+00 9.500000e+00
    endloop
  endfacet
  facet normal 0.000000e+00 0.000000e+00 1.000000e+00
    outer loop
      vertex   -2.829199e+01 8.118043e+00 9.500000e+00
      vertex   -3.200000e+01 5.750000e+00 9.500000e+00
      vertex   -2.800104e+01 7.890331e+00 9.500000e+00
    endloop
  endfacet
  facet normal 0.000000e+00 0.000000e+00 1.000000e+00
    outer loop
      vertex   -2.800104e+01 7.890331e+00 9.500000e+00
      vertex   -3.200000e+01 5.750000e+00 9.500000e+00
      vertex   -2.769032e+01 7.690435e+00 9.500000e+00
    endloop
  endfacet
  facet normal 0.000000e+00 0.000000e+00 1.000000e+00
    outer loop
      vertex   -2.769032e+01 7.690435e+00 9.500000e+00
      vertex   -3.200000e+01 5.750000e+00 9.500000e+00
      vertex   -2.736248e+01 7.520062e+00 9.500000e+00
    endloop
  endfacet
  facet normal 0.000000e+00 0.000000e+00 1.000000e+00
    outer loop
      vertex   -2.736248e+01 7.520062e+00 9.500000e+00
      vertex   -3.200000e+01 5.750000e+00 9.500000e+00
      vertex   -2.535621e+01 5.750000e+00 9.500000e+00
    endloop
  endfacet
  facet normal 0.000000e+00 0.000000e+00 1.000000e+00
    outer loop
      vertex   -2.736248e+01 7.520062e+00 9.500000e+00
      vertex   -2.535621e+01 5.750000e+00 9.500000e+00
      vertex   -2.702032e+01 7.380666e+00 9.500000e+00
    endloop
  endfacet
  facet normal 0.000000e+00 0.000000e+00 1.000000e+00
    outer loop
      vertex   -2.702032e+01 7.380666e+00 9.500000e+00
      vertex   -2.535621e+01 5.750000e+00 9.500000e+00
      vertex   -2.528152e+01 6.069997e+00 9.500000e+00
    endloop
  endfacet
  facet normal 0.000000e+00 0.000000e+00 1.000000e+00
    outer loop
      vertex   -2.702032e+01 7.380666e+00 9.500000e+00
      vertex   -2.528152e+01 6.069997e+00 9.500000e+00
      vertex   -2.520278e+01 6.389025e+00 9.500000e+00
    endloop
  endfacet
  facet normal 0.000000e+00 0.000000e+00 1.000000e+00
    outer loop
      vertex   -1.801357e+01 -1.920873e+01 9.500000e+00
      vertex   -1.973234e+01 -1.693029e+01 9.500000e+00
      vertex   -3.800000e+01 -1.421896e+01 9.500000e+00
    endloop
  endfacet
  facet normal 0.000000e+00 0.000000e+00 1.000000e+00
    outer loop
      vertex   -3.800000e+01 -1.421896e+01 9.500000e+00
      vertex   -1.973234e+01 -1.693029e+01 9.500000e+00
      vertex   -2.030820e+01 -1.623506e+01 9.500000e+00
    endloop
  endfacet
  facet normal 0.000000e+00 0.000000e+00 1.000000e+00
    outer loop
      vertex   -3.800000e+01 -1.421896e+01 9.500000e+00
      vertex   -2.030820e+01 -1.623506e+01 9.500000e+00
      vertex   -2.085957e+01 -1.552025e+01 9.500000e+00
    endloop
  endfacet
  facet normal 0.000000e+00 0.000000e+00 1.000000e+00
    outer loop
      vertex   -1.786496e+01 -1.889029e+01 9.500000e+00
      vertex   -1.850999e+01 -1.825871e+01 9.500000e+00
      vertex   -1.801357e+01 -1.920873e+01 9.500000e+00
    endloop
  endfacet
  facet normal 0.000000e+00 0.000000e+00 1.000000e+00
    outer loop
      vertex   -1.801357e+01 -1.920873e+01 9.500000e+00
      vertex   -1.850999e+01 -1.825871e+01 9.500000e+00
      vertex   -1.913270e+01 -1.760511e+01 9.500000e+00
    endloop
  endfacet
  facet normal 0.000000e+00 0.000000e+00 1.000000e+00
    outer loop
      vertex   -1.801357e+01 -1.920873e+01 9.500000e+00
      vertex   -1.913270e+01 -1.760511e+01 9.500000e+00
      vertex   -1.973234e+01 -1.693029e+01 9.500000e+00
    endloop
  endfacet
  facet normal 0.000000e+00 0.000000e+00 1.000000e+00
    outer loop
      vertex   -2.085957e+01 -1.552025e+01 9.500000e+00
      vertex   -2.138580e+01 -1.478674e+01 9.500000e+00
      vertex   -3.800000e+01 -1.421896e+01 9.500000e+00
    endloop
  endfacet
  facet normal -0.000000e+00 0.000000e+00 1.000000e+00
    outer loop
      vertex   -3.800000e+01 -1.421896e+01 9.500000e+00
      vertex   -2.138580e+01 -1.478674e+01 9.500000e+00
      vertex   -2.188624e+01 -1.403540e+01 9.500000e+00
    endloop
  endfacet
  facet normal 0.000000e+00 0.000000e+00 1.000000e+00
    outer loop
      vertex   -3.800000e+01 -1.421896e+01 9.500000e+00
      vertex   -2.188624e+01 -1.403540e+01 9.500000e+00
      vertex   -2.236030e+01 -1.326713e+01 9.500000e+00
    endloop
  endfacet
  facet normal 0.000000e+00 0.000000e+00 1.000000e+00
    outer loop
      vertex   -2.236030e+01 -1.326713e+01 9.500000e+00
      vertex   -2.280741e+01 -1.248288e+01 9.500000e+00
      vertex   -3.800000e+01 -1.421896e+01 9.500000e+00
    endloop
  endfacet
  facet normal 0.000000e+00 0.000000e+00 1.000000e+00
    outer loop
      vertex   -3.800000e+01 -1.421896e+01 9.500000e+00
      vertex   -2.280741e+01 -1.248288e+01 9.500000e+00
      vertex   -2.322701e+01 -1.168357e+01 9.500000e+00
    endloop
  endfacet
  facet normal 0.000000e+00 0.000000e+00 1.000000e+00
    outer loop
      vertex   -3.800000e+01 -1.421896e+01 9.500000e+00
      vertex   -2.322701e+01 -1.168357e+01 9.500000e+00
      vertex   -2.361862e+01 -1.087018e+01 9.500000e+00
    endloop
  endfacet
  facet normal 0.000000e+00 0.000000e+00 1.000000e+00
    outer loop
      vertex   -3.800000e+01 -1.421896e+01 9.500000e+00
      vertex   -2.361862e+01 -1.087018e+01 9.500000e+00
      vertex   -3.200000e+01 -5.750000e+00 9.500000e+00
    endloop
  endfacet
  facet normal 0.000000e+00 0.000000e+00 1.000000e+00
    outer loop
      vertex   -3.200000e+01 -5.750000e+00 9.500000e+00
      vertex   -2.361862e+01 -1.087018e+01 9.500000e+00
      vertex   -2.398175e+01 -1.004369e+01 9.500000e+00
    endloop
  endfacet
  facet normal 0.000000e+00 0.000000e+00 1.000000e+00
    outer loop
      vertex   -3.200000e+01 -5.750000e+00 9.500000e+00
      vertex   -2.398175e+01 -1.004369e+01 9.500000e+00
      vertex   -2.431597e+01 -9.205083e+00 9.500000e+00
    endloop
  endfacet
  facet normal 0.000000e+00 0.000000e+00 1.000000e+00
    outer loop
      vertex   -2.431597e+01 -9.205083e+00 9.500000e+00
      vertex   -2.462088e+01 -8.355383e+00 9.500000e+00
      vertex   -3.200000e+01 -5.750000e+00 9.500000e+00
    endloop
  endfacet
  facet normal 0.000000e+00 0.000000e+00 1.000000e+00
    outer loop
      vertex   -3.200000e+01 -5.750000e+00 9.500000e+00
      vertex   -2.462088e+01 -8.355383e+00 9.500000e+00
      vertex   -2.489610e+01 -7.495609e+00 9.500000e+00
    endloop
  endfacet
  facet normal 0.000000e+00 0.000000e+00 1.000000e+00
    outer loop
      vertex   -3.200000e+01 -5.750000e+00 9.500000e+00
      vertex   -2.489610e+01 -7.495609e+00 9.500000e+00
      vertex   -2.514131e+01 -6.626799e+00 9.500000e+00
    endloop
  endfacet
  facet normal 0.000000e+00 0.000000e+00 1.000000e+00
    outer loop
      vertex   -2.514131e+01 -6.626799e+00 9.500000e+00
      vertex   -2.535621e+01 -5.750000e+00 9.500000e+00
      vertex   -3.200000e+01 -5.750000e+00 9.500000e+00
    endloop
  endfacet
  facet normal 0.000000e+00 -0.000000e+00 1.000000e+00
    outer loop
      vertex   -2.520278e+01 6.389025e+00 9.500000e+00
      vertex   -2.512003e+01 6.707032e+00 9.500000e+00
      vertex   -2.702032e+01 7.380666e+00 9.500000e+00
    endloop
  endfacet
  facet normal 0.000000e+00 -0.000000e+00 1.000000e+00
    outer loop
      vertex   -2.967579e+01 1.140450e+01 9.500000e+00
      vertex   -2.963535e+01 1.177175e+01 9.500000e+00
      vertex   -3.800000e+01 1.421896e+01 9.500000e+00
    endloop
  endfacet
  facet normal 0.000000e+00 0.000000e+00 1.000000e+00
    outer loop
      vertex   -3.800000e+01 1.421896e+01 9.500000e+00
      vertex   -2.963535e+01 1.177175e+01 9.500000e+00
      vertex   -2.956120e+01 1.213370e+01 9.500000e+00
    endloop
  endfacet
  facet normal 0.000000e+00 0.000000e+00 1.000000e+00
    outer loop
      vertex   -3.800000e+01 1.421896e+01 9.500000e+00
      vertex   -2.956120e+01 1.213370e+01 9.500000e+00
      vertex   -2.945397e+01 1.248726e+01 9.500000e+00
    endloop
  endfacet
  facet normal 0.000000e+00 -0.000000e+00 1.000000e+00
    outer loop
      vertex   -2.945397e+01 1.248726e+01 9.500000e+00
      vertex   -2.931457e+01 1.282942e+01 9.500000e+00
      vertex   -3.800000e+01 1.421896e+01 9.500000e+00
    endloop
  endfacet
  facet normal 0.000000e+00 0.000000e+00 1.000000e+00
    outer loop
      vertex   -3.800000e+01 1.421896e+01 9.500000e+00
      vertex   -2.931457e+01 1.282942e+01 9.500000e+00
      vertex   -2.914420e+01 1.315727e+01 9.500000e+00
    endloop
  endfacet
  facet normal 0.000000e+00 0.000000e+00 1.000000e+00
    outer loop
      vertex   -3.800000e+01 1.421896e+01 9.500000e+00
      vertex   -2.914420e+01 1.315727e+01 9.500000e+00
      vertex   -2.894430e+01 1.346799e+01 9.500000e+00
    endloop
  endfacet
  facet normal 0.000000e+00 -0.000000e+00 1.000000e+00
    outer loop
      vertex   -2.894430e+01 1.346799e+01 9.500000e+00
      vertex   -2.871659e+01 1.375894e+01 9.500000e+00
      vertex   -3.800000e+01 1.421896e+01 9.500000e+00
    endloop
  endfacet
  facet normal 0.000000e+00 0.000000e+00 1.000000e+00
    outer loop
      vertex   -3.800000e+01 1.421896e+01 9.500000e+00
      vertex   -2.871659e+01 1.375894e+01 9.500000e+00
      vertex   -2.846301e+01 1.402764e+01 9.500000e+00
    endloop
  endfacet
  facet normal -0.000000e+00 0.000000e+00 1.000000e+00
    outer loop
      vertex   -3.800000e+01 1.421896e+01 9.500000e+00
      vertex   -2.846301e+01 1.402764e+01 9.500000e+00
      vertex   -2.818571e+01 1.427180e+01 9.500000e+00
    endloop
  endfacet
  facet normal 0.000000e+00 -0.000000e+00 1.000000e+00
    outer loop
      vertex   -2.818571e+01 1.427180e+01 9.500000e+00
      vertex   -2.788707e+01 1.448933e+01 9.500000e+00
      vertex   -3.800000e+01 1.421896e+01 9.500000e+00
    endloop
  endfacet
  facet normal 0.000000e+00 0.000000e+00 1.000000e+00
    outer loop
      vertex   -3.800000e+01 1.421896e+01 9.500000e+00
      vertex   -2.788707e+01 1.448933e+01 9.500000e+00
      vertex   -2.756963e+01 1.467837e+01 9.500000e+00
    endloop
  endfacet
  facet normal 0.000000e+00 0.000000e+00 1.000000e+00
    outer loop
      vertex   -3.800000e+01 1.421896e+01 9.500000e+00
      vertex   -2.756963e+01 1.467837e+01 9.500000e+00
      vertex   -2.723610e+01 1.483732e+01 9.500000e+00
    endloop
  endfacet
  facet normal 0.000000e+00 -0.000000e+00 1.000000e+00
    outer loop
      vertex   -2.723610e+01 1.483732e+01 9.500000e+00
      vertex   -2.688932e+01 1.496482e+01 9.500000e+00
      vertex   -3.800000e+01 1.421896e+01 9.500000e+00
    endloop
  endfacet
  facet normal 0.000000e+00 0.000000e+00 1.000000e+00
    outer loop
      vertex   -2.616797e+01 1.512139e+01 9.500000e+00
      vertex   -2.579955e+01 1.514912e+01 9.500000e+00
      vertex   -1.801357e+01 1.920873e+01 9.500000e+00
    endloop
  endfacet
  facet normal 0.000000e+00 0.000000e+00 1.000000e+00
    outer loop
      vertex   -1.801357e+01 1.920873e+01 9.500000e+00
      vertex   -2.579955e+01 1.514912e+01 9.500000e+00
      vertex   -2.543014e+01 1.514274e+01 9.500000e+00
    endloop
  endfacet
  facet normal 0.000000e+00 0.000000e+00 1.000000e+00
    outer loop
      vertex   -1.801357e+01 1.920873e+01 9.500000e+00
      vertex   -2.543014e+01 1.514274e+01 9.500000e+00
      vertex   -2.506289e+01 1.510230e+01 9.500000e+00
    endloop
  endfacet
  facet normal -0.000000e+00 0.000000e+00 1.000000e+00
    outer loop
      vertex   -2.506289e+01 1.510230e+01 9.500000e+00
      vertex   -2.470094e+01 1.502815e+01 9.500000e+00
      vertex   -1.801357e+01 1.920873e+01 9.500000e+00
    endloop
  endfacet
  facet normal -1.712774e-01 -6.860496e-01 -7.071068e-01
    outer loop
      vertex   -3.900000e+01 -1.396931e+01 -2.000000e+01
      vertex   -5.571125e+00 -2.231507e+01 -2.000000e+01
      vertex   -3.900000e+01 -1.500000e+01 -1.900000e+01
    endloop
  endfacet
  facet normal -1.712774e-01 -6.860496e-01 -7.071068e-01
    outer loop
      vertex   -3.900000e+01 -1.500000e+01 -1.900000e+01
      vertex   -5.571125e+00 -2.231507e+01 -2.000000e+01
      vertex   -5.813348e+00 -2.328530e+01 -1.900000e+01
    endloop
  endfacet
  facet normal -1.581509e-01 6.892602e-01 -7.070422e-01
    outer loop
      vertex   -5.813348e+00 2.328530e+01 -1.900000e+01
      vertex   -4.919354e+00 2.349042e+01 -1.900000e+01
      vertex   -5.571125e+00 2.231507e+01 -2.000000e+01
    endloop
  endfacet
  facet normal -1.578385e-01 6.891979e-01 -7.071727e-01
    outer loop
      vertex   -5.571125e+00 2.231507e+01 -2.000000e+01
      vertex   -4.919354e+00 2.349042e+01 -1.900000e+01
      vertex   -4.695876e+00 2.251552e+01 -2.000000e+01
    endloop
  endfacet
  facet normal -1.317216e-01 6.949227e-01 -7.069172e-01
    outer loop
      vertex   -4.695876e+00 2.251552e+01 -2.000000e+01
      vertex   -4.919354e+00 2.349042e+01 -1.900000e+01
      vertex   -4.018175e+00 2.366124e+01 -1.900000e+01
    endloop
  endfacet
  facet normal -1.307938e-01 6.947082e-01 -7.073002e-01
    outer loop
      vertex   -4.695876e+00 2.251552e+01 -2.000000e+01
      vertex   -4.018175e+00 2.366124e+01 -1.900000e+01
      vertex   -3.813470e+00 2.268165e+01 -2.000000e+01
    endloop
  endfacet
  facet normal -1.050896e-01 6.995666e-01 -7.067976e-01
    outer loop
      vertex   -3.813470e+00 2.268165e+01 -2.000000e+01
      vertex   -4.018175e+00 2.366124e+01 -1.900000e+01
      vertex   -3.111126e+00 2.379750e+01 -1.900000e+01
    endloop
  endfacet
  facet normal -1.035604e-01 6.991635e-01 -7.074218e-01
    outer loop
      vertex   -3.813470e+00 2.268165e+01 -2.000000e+01
      vertex   -3.111126e+00 2.379750e+01 -1.900000e+01
      vertex   -2.925252e+00 2.281322e+01 -2.000000e+01
    endloop
  endfacet
  facet normal -7.829453e-02 7.031846e-01 -7.066834e-01
    outer loop
      vertex   -2.925252e+00 2.281322e+01 -2.000000e+01
      vertex   -3.111126e+00 2.379750e+01 -1.900000e+01
      vertex   -2.199534e+00 2.389900e+01 -1.900000e+01
    endloop
  endfacet
  facet normal -7.617920e-02 7.025575e-01 -7.075377e-01
    outer loop
      vertex   -2.925252e+00 2.281322e+01 -2.000000e+01
      vertex   -2.199534e+00 2.389900e+01 -1.900000e+01
      vertex   -2.032576e+00 2.291001e+01 -2.000000e+01
    endloop
  endfacet
  facet normal -5.137602e-02 7.057710e-01 -7.065747e-01
    outer loop
      vertex   -2.032576e+00 2.291001e+01 -2.000000e+01
      vertex   -2.199534e+00 2.389900e+01 -1.900000e+01
      vertex   -1.284729e+00 2.396559e+01 -1.900000e+01
    endloop
  endfacet
  facet normal -4.869128e-02 7.048856e-01 -7.076478e-01
    outer loop
      vertex   -2.032576e+00 2.291001e+01 -2.000000e+01
      vertex   -1.284729e+00 2.396559e+01 -1.900000e+01
      vertex   -1.136801e+00 2.297189e+01 -2.000000e+01
    endloop
  endfacet
  facet normal -2.437401e-02 7.073217e-01 -7.064714e-01
    outer loop
      vertex   -1.136801e+00 2.297189e+01 -2.000000e+01
      vertex   -1.284729e+00 2.396559e+01 -1.900000e+01
      vertex   -3.680478e-01 2.399718e+01 -1.900000e+01
    endloop
  endfacet
  facet normal -2.113790e-02 7.061445e-01 -7.077522e-01
    outer loop
      vertex   -1.136801e+00 2.297189e+01 -2.000000e+01
      vertex   -3.680478e-01 2.399718e+01 -1.900000e+01
      vertex   -2.392947e-01 2.299876e+01 -2.000000e+01
    endloop
  endfacet
  facet normal 2.671450e-03 7.078341e-01 -7.063736e-01
    outer loop
      vertex   -2.392947e-01 2.299876e+01 -2.000000e+01
      vertex   -3.680478e-01 2.399718e+01 -1.900000e+01
      vertex   5.491711e-01 2.399372e+01 -1.900000e+01
    endloop
  endfacet
  facet normal 6.439593e-03 7.063326e-01 -7.078508e-01
    outer loop
      vertex   -2.392947e-01 2.299876e+01 -2.000000e+01
      vertex   5.491711e-01 2.399372e+01 -1.900000e+01
      vertex   6.585767e-01 2.299057e+01 -2.000000e+01
    endloop
  endfacet
  facet normal 2.972024e-02 7.073071e-01 -7.062813e-01
    outer loop
      vertex   6.585767e-01 2.299057e+01 -2.000000e+01
      vertex   5.491711e-01 2.399372e+01 -1.900000e+01
      vertex   1.465588e+00 2.395521e+01 -1.900000e+01
    endloop
  endfacet
  facet normal 3.399983e-02 7.054501e-01 -7.079436e-01
    outer loop
      vertex   6.585767e-01 2.299057e+01 -2.000000e+01
      vertex   1.465588e+00 2.395521e+01 -1.900000e+01
      vertex   1.555444e+00 2.294734e+01 -2.000000e+01
    endloop
  endfacet
  facet normal 5.673221e-02 7.057413e-01 -7.061945e-01
    outer loop
      vertex   1.555444e+00 2.294734e+01 -2.000000e+01
      vertex   1.465588e+00 2.395521e+01 -1.900000e+01
      vertex   2.379864e+00 2.388171e+01 -1.900000e+01
    endloop
  endfacet
  facet normal 6.150150e-02 7.034985e-01 -7.080307e-01
    outer loop
      vertex   1.555444e+00 2.294734e+01 -2.000000e+01
      vertex   2.379864e+00 2.388171e+01 -1.900000e+01
      vertex   2.449942e+00 2.286914e+01 -2.000000e+01
    endloop
  endfacet
  facet normal 8.366727e-02 7.031387e-01 -7.061131e-01
    outer loop
      vertex   2.449942e+00 2.286914e+01 -2.000000e+01
      vertex   2.379864e+00 2.388171e+01 -1.900000e+01
      vertex   3.290664e+00 2.377334e+01 -1.900000e+01
    endloop
  endfacet
  facet normal 8.890337e-02 7.004809e-01 -7.081121e-01
    outer loop
      vertex   2.449942e+00 2.286914e+01 -2.000000e+01
      vertex   3.290664e+00 2.377334e+01 -1.900000e+01
      vertex   3.340705e+00 2.275609e+01 -2.000000e+01
    endloop
  endfacet
  facet normal 1.104854e-01 6.995029e-01 -7.060373e-01
    outer loop
      vertex   3.340705e+00 2.275609e+01 -2.000000e+01
      vertex   3.290664e+00 2.377334e+01 -1.900000e+01
      vertex   4.196658e+00 2.363024e+01 -1.900000e+01
    endloop
  endfacet
  facet normal 1.161644e-01 6.964022e-01 -7.081877e-01
    outer loop
      vertex   3.340705e+00 2.275609e+01 -2.000000e+01
      vertex   4.196658e+00 2.363024e+01 -1.900000e+01
      vertex   4.226376e+00 2.260836e+01 -2.000000e+01
    endloop
  endfacet
  facet normal 1.371469e-01 6.948392e-01 -7.059669e-01
    outer loop
      vertex   4.226376e+00 2.260836e+01 -2.000000e+01
      vertex   4.196658e+00 2.363024e+01 -1.900000e+01
      vertex   5.096522e+00 2.345262e+01 -1.900000e+01
    endloop
  endfacet
  facet normal 1.432436e-01 6.912687e-01 -7.082576e-01
    outer loop
      vertex   4.226376e+00 2.260836e+01 -2.000000e+01
      vertex   5.096522e+00 2.345262e+01 -1.900000e+01
      vertex   5.105607e+00 2.242616e+01 -2.000000e+01
    endloop
  endfacet
  facet normal 1.636120e-01 6.891542e-01 -7.059020e-01
    outer loop
      vertex   5.105607e+00 2.242616e+01 -2.000000e+01
      vertex   5.096522e+00 2.345262e+01 -1.900000e+01
      vertex   5.988943e+00 2.324075e+01 -1.900000e+01
    endloop
  endfacet
  facet normal 1.701006e-01 6.850884e-01 -7.083217e-01
    outer loop
      vertex   5.105607e+00 2.242616e+01 -2.000000e+01
      vertex   5.988943e+00 2.324075e+01 -1.900000e+01
      vertex   5.977056e+00 2.220979e+01 -2.000000e+01
    endloop
  endfacet
  facet normal 1.898414e-01 6.824561e-01 -7.058427e-01
    outer loop
      vertex   5.977056e+00 2.220979e+01 -2.000000e+01
      vertex   5.988943e+00 2.324075e+01 -1.900000e+01
      vertex   6.872616e+00 2.299494e+01 -1.900000e+01
    endloop
  endfacet
  facet normal 1.966951e-01 6.778706e-01 -7.083802e-01
    outer loop
      vertex   5.977056e+00 2.220979e+01 -2.000000e+01
      vertex   6.872616e+00 2.299494e+01 -1.900000e+01
      vertex   6.839395e+00 2.195957e+01 -2.000000e+01
    endloop
  endfacet
  facet normal 2.157963e-01 6.747549e-01 -7.057888e-01
    outer loop
      vertex   6.839395e+00 2.195957e+01 -2.000000e+01
      vertex   6.872616e+00 2.299494e+01 -1.900000e+01
      vertex   7.746250e+00 2.271554e+01 -1.900000e+01
    endloop
  endfacet
  facet normal 2.229872e-01 6.696264e-01 -7.084329e-01
    outer loop
      vertex   6.839395e+00 2.195957e+01 -2.000000e+01
      vertex   7.746250e+00 2.271554e+01 -1.900000e+01
      vertex   7.691311e+00 2.167588e+01 -2.000000e+01
    endloop
  endfacet
  facet normal 2.414380e-01 6.660616e-01 -7.057405e-01
    outer loop
      vertex   7.691311e+00 2.167588e+01 -2.000000e+01
      vertex   7.746250e+00 2.271554e+01 -1.900000e+01
      vertex   8.608571e+00 2.240296e+01 -1.900000e+01
    endloop
  endfacet
  facet normal 2.489375e-01 6.603683e-01 -7.084799e-01
    outer loop
      vertex   7.691311e+00 2.167588e+01 -2.000000e+01
      vertex   8.608571e+00 2.240296e+01 -1.900000e+01
      vertex   8.531504e+00 2.135915e+01 -2.000000e+01
    endloop
  endfacet
  facet normal 2.667285e-01 6.563892e-01 -7.056976e-01
    outer loop
      vertex   8.531504e+00 2.135915e+01 -2.000000e+01
      vertex   8.608571e+00 2.240296e+01 -1.900000e+01
      vertex   9.458318e+00 2.205766e+01 -1.900000e+01
    endloop
  endfacet
  facet normal 2.745072e-01 6.501103e-01 -7.085213e-01
    outer loop
      vertex   8.531504e+00 2.135915e+01 -2.000000e+01
      vertex   9.458318e+00 2.205766e+01 -1.900000e+01
      vertex   9.358695e+00 2.100987e+01 -2.000000e+01
    endloop
  endfacet
  facet normal 2.916301e-01 6.457518e-01 -7.056603e-01
    outer loop
      vertex   9.358695e+00 2.100987e+01 -2.000000e+01
      vertex   9.458318e+00 2.205766e+01 -1.900000e+01
      vertex   1.029425e+01 2.168014e+01 -1.900000e+01
    endloop
  endfacet
  facet normal 2.996580e-01 6.388680e-01 -7.085569e-01
    outer loop
      vertex   9.358695e+00 2.100987e+01 -2.000000e+01
      vertex   1.029425e+01 2.168014e+01 -1.900000e+01
      vertex   1.017162e+01 2.062857e+01 -2.000000e+01
    endloop
  endfacet
  facet normal 3.161059e-01 6.341651e-01 -7.056285e-01
    outer loop
      vertex   1.017162e+01 2.062857e+01 -2.000000e+01
      vertex   1.029425e+01 2.168014e+01 -1.900000e+01
      vertex   1.111515e+01 2.127095e+01 -1.900000e+01
    endloop
  endfacet
  facet normal 3.243522e-01 6.266582e-01 -7.085868e-01
    outer loop
      vertex   1.017162e+01 2.062857e+01 -2.000000e+01
      vertex   1.111515e+01 2.127095e+01 -1.900000e+01
      vertex   1.096905e+01 2.021584e+01 -2.000000e+01
    endloop
  endfacet
  facet normal 3.401195e-01 6.216463e-01 -7.056023e-01
    outer loop
      vertex   1.096905e+01 2.021584e+01 -2.000000e+01
      vertex   1.111515e+01 2.127095e+01 -1.900000e+01
      vertex   1.191981e+01 2.083070e+01 -1.900000e+01
    endloop
  endfacet
  facet normal 3.485527e-01 6.134994e-01 -7.086110e-01
    outer loop
      vertex   1.096905e+01 2.021584e+01 -2.000000e+01
      vertex   1.191981e+01 2.083070e+01 -1.900000e+01
      vertex   1.174975e+01 1.977229e+01 -2.000000e+01
    endloop
  endfacet
  facet normal 3.636353e-01 6.082138e-01 -7.055815e-01
    outer loop
      vertex   1.174975e+01 1.977229e+01 -2.000000e+01
      vertex   1.191981e+01 2.083070e+01 -1.900000e+01
      vertex   1.270706e+01 2.036003e+01 -1.900000e+01
    endloop
  endfacet
  facet normal 3.722235e-01 5.994113e-01 -7.086295e-01
    outer loop
      vertex   1.174975e+01 1.977229e+01 -2.000000e+01
      vertex   1.270706e+01 2.036003e+01 -1.900000e+01
      vertex   1.251255e+01 1.929860e+01 -2.000000e+01
    endloop
  endfacet
  facet normal 3.866183e-01 5.938876e-01 -7.055663e-01
    outer loop
      vertex   1.251255e+01 1.929860e+01 -2.000000e+01
      vertex   1.270706e+01 2.036003e+01 -1.900000e+01
      vertex   1.347575e+01 1.985961e+01 -1.900000e+01
    endloop
  endfacet
  facet normal 3.953289e-01 5.844152e-01 -7.086423e-01
    outer loop
      vertex   1.251255e+01 1.929860e+01 -2.000000e+01
      vertex   1.347575e+01 1.985961e+01 -1.900000e+01
      vertex   1.325628e+01 1.879550e+01 -2.000000e+01
    endloop
  endfacet
  facet normal 4.090344e-01 5.786887e-01 -7.055567e-01
    outer loop
      vertex   1.325628e+01 1.879550e+01 -2.000000e+01
      vertex   1.347575e+01 1.985961e+01 -1.900000e+01
      vertex   1.422476e+01 1.933019e+01 -1.900000e+01
    endloop
  endfacet
  facet normal 4.178343e-01 5.685336e-01 -7.086494e-01
    outer loop
      vertex   1.325628e+01 1.879550e+01 -2.000000e+01
      vertex   1.422476e+01 1.933019e+01 -1.900000e+01
      vertex   1.397981e+01 1.826376e+01 -2.000000e+01
    endloop
  endfacet
  facet normal 4.308503e-01 5.626399e-01 -7.055525e-01
    outer loop
      vertex   1.397981e+01 1.826376e+01 -2.000000e+01
      vertex   1.422476e+01 1.933019e+01 -1.900000e+01
      vertex   1.495299e+01 1.877253e+01 -1.900000e+01
    endloop
  endfacet
  facet normal 4.397061e-01 5.517903e-01 -7.086508e-01
    outer loop
      vertex   1.397981e+01 1.826376e+01 -2.000000e+01
      vertex   1.495299e+01 1.877253e+01 -1.900000e+01
      vertex   1.468203e+01 1.770418e+01 -2.000000e+01
    endloop
  endfacet
  facet normal 4.520337e-01 5.457648e-01 -7.055539e-01
    outer loop
      vertex   1.468203e+01 1.770418e+01 -2.000000e+01
      vertex   1.495299e+01 1.877253e+01 -1.900000e+01
      vertex   1.565939e+01 1.818746e+01 -1.900000e+01
    endloop
  endfacet
  facet normal 4.609113e-01 5.342104e-01 -7.086466e-01
    outer loop
      vertex   1.468203e+01 1.770418e+01 -2.000000e+01
      vertex   1.565939e+01 1.818746e+01 -1.900000e+01
      vertex   1.536187e+01 1.711762e+01 -2.000000e+01
    endloop
  endfacet
  facet normal 4.725531e-01 5.280886e-01 -7.055608e-01
    outer loop
      vertex   1.536187e+01 1.711762e+01 -2.000000e+01
      vertex   1.565939e+01 1.818746e+01 -1.900000e+01
      vertex   1.634291e+01 1.757582e+01 -1.900000e+01
    endloop
  endfacet
  facet normal 4.814183e-01 5.158203e-01 -7.086366e-01
    outer loop
      vertex   1.536187e+01 1.711762e+01 -2.000000e+01
      vertex   1.634291e+01 1.757582e+01 -1.900000e+01
      vertex   1.601830e+01 1.650497e+01 -2.000000e+01
    endloop
  endfacet
  facet normal 4.923780e-01 5.096374e-01 -7.055733e-01
    outer loop
      vertex   1.601830e+01 1.650497e+01 -2.000000e+01
      vertex   1.634291e+01 1.757582e+01 -1.900000e+01
      vertex   1.700256e+01 1.693851e+01 -1.900000e+01
    endloop
  endfacet
  facet normal 5.011961e-01 4.966476e-01 -7.086209e-01
    outer loop
      vertex   1.601830e+01 1.650497e+01 -2.000000e+01
      vertex   1.700256e+01 1.693851e+01 -1.900000e+01
      vertex   1.665032e+01 1.586717e+01 -2.000000e+01
    endloop
  endfacet
  facet normal 5.114791e-01 4.904387e-01 -7.055912e-01
    outer loop
      vertex   1.665032e+01 1.586717e+01 -2.000000e+01
      vertex   1.700256e+01 1.693851e+01 -1.900000e+01
      vertex   1.763737e+01 1.627646e+01 -1.900000e+01
    endloop
  endfacet
  facet normal 5.202152e-01 4.767209e-01 -7.085996e-01
    outer loop
      vertex   1.665032e+01 1.586717e+01 -2.000000e+01
      vertex   1.763737e+01 1.627646e+01 -1.900000e+01
      vertex   1.725696e+01 1.520518e+01 -2.000000e+01
    endloop
  endfacet
  facet normal 5.298281e-01 4.705210e-01 -7.056147e-01
    outer loop
      vertex   1.725696e+01 1.520518e+01 -2.000000e+01
      vertex   1.763737e+01 1.627646e+01 -1.900000e+01
      vertex   1.824643e+01 1.559063e+01 -1.900000e+01
    endloop
  endfacet
  facet normal 5.384469e-01 4.560701e-01 -7.085725e-01
    outer loop
      vertex   1.725696e+01 1.520518e+01 -2.000000e+01
      vertex   1.824643e+01 1.559063e+01 -1.900000e+01
      vertex   1.783730e+01 1.452002e+01 -2.000000e+01
    endloop
  endfacet
  facet normal 5.473978e-01 4.499139e-01 -7.056437e-01
    outer loop
      vertex   1.783730e+01 1.452002e+01 -2.000000e+01
      vertex   1.824643e+01 1.559063e+01 -1.900000e+01
      vertex   1.882883e+01 1.488204e+01 -1.900000e+01
    endloop
  endfacet
  facet normal 5.558638e-01 4.347261e-01 -7.085398e-01
    outer loop
      vertex   1.783730e+01 1.452002e+01 -2.000000e+01
      vertex   1.882883e+01 1.488204e+01 -1.900000e+01
      vertex   1.839045e+01 1.381272e+01 -2.000000e+01
    endloop
  endfacet
  facet normal 5.641622e-01 4.286480e-01 -7.056783e-01
    outer loop
      vertex   1.839045e+01 1.381272e+01 -2.000000e+01
      vertex   1.882883e+01 1.488204e+01 -1.900000e+01
      vertex   1.938374e+01 1.415171e+01 -1.900000e+01
    endloop
  endfacet
  facet normal 5.724398e-01 4.127209e-01 -7.085013e-01
    outer loop
      vertex   1.839045e+01 1.381272e+01 -2.000000e+01
      vertex   1.938374e+01 1.415171e+01 -1.900000e+01
      vertex   1.891557e+01 1.308438e+01 -2.000000e+01
    endloop
  endfacet
  facet normal 5.800965e-01 4.067550e-01 -7.057184e-01
    outer loop
      vertex   1.891557e+01 1.308438e+01 -2.000000e+01
      vertex   1.938374e+01 1.415171e+01 -1.900000e+01
      vertex   1.991033e+01 1.340070e+01 -1.900000e+01
    endloop
  endfacet
  facet normal 5.881499e-01 3.900874e-01 -7.084571e-01
    outer loop
      vertex   1.891557e+01 1.308438e+01 -2.000000e+01
      vertex   1.991033e+01 1.340070e+01 -1.900000e+01
      vertex   1.941187e+01 1.233610e+01 -2.000000e+01
    endloop
  endfacet
  facet normal 5.951771e-01 3.842674e-01 -7.057639e-01
    outer loop
      vertex   1.941187e+01 1.233610e+01 -2.000000e+01
      vertex   1.991033e+01 1.340070e+01 -1.900000e+01
      vertex   2.040784e+01 1.263013e+01 -1.900000e+01
    endloop
  endfacet
  facet normal 6.029704e-01 3.668594e-01 -7.084073e-01
    outer loop
      vertex   1.941187e+01 1.233610e+01 -2.000000e+01
      vertex   2.040784e+01 1.263013e+01 -1.900000e+01
      vertex   1.987858e+01 1.156901e+01 -2.000000e+01
    endloop
  endfacet
  facet normal 6.093818e-01 3.612187e-01 -7.058150e-01
    outer loop
      vertex   1.987858e+01 1.156901e+01 -2.000000e+01
      vertex   2.040784e+01 1.263013e+01 -1.900000e+01
      vertex   2.087554e+01 1.184111e+01 -1.900000e+01
    endloop
  endfacet
  facet normal 6.168790e-01 3.430718e-01 -7.083517e-01
    outer loop
      vertex   1.987858e+01 1.156901e+01 -2.000000e+01
      vertex   2.087554e+01 1.184111e+01 -1.900000e+01
      vertex   2.031500e+01 1.078429e+01 -2.000000e+01
    endloop
  endfacet
  facet normal 6.226897e-01 3.376430e-01 -7.058716e-01
    outer loop
      vertex   2.031500e+01 1.078429e+01 -2.000000e+01
      vertex   2.087554e+01 1.184111e+01 -1.900000e+01
      vertex   2.131275e+01 1.103479e+01 -1.900000e+01
    endloop
  endfacet
  facet normal 6.298546e-01 3.187601e-01 -7.082904e-01
    outer loop
      vertex   2.031500e+01 1.078429e+01 -2.000000e+01
      vertex   2.131275e+01 1.103479e+01 -1.900000e+01
      vertex   2.072045e+01 9.983138e+00 -2.000000e+01
    endloop
  endfacet
  facet normal 6.350810e-01 3.135756e-01 -7.059338e-01
    outer loop
      vertex   2.072045e+01 9.983138e+00 -2.000000e+01
      vertex   2.131275e+01 1.103479e+01 -1.900000e+01
      vertex   2.171884e+01 1.021235e+01 -1.900000e+01
    endloop
  endfacet
  facet normal 6.418776e-01 2.939606e-01 -7.082233e-01
    outer loop
      vertex   2.072045e+01 9.983138e+00 -2.000000e+01
      vertex   2.171884e+01 1.021235e+01 -1.900000e+01
      vertex   2.109432e+01 9.166768e+00 -2.000000e+01
    endloop
  endfacet
  facet normal 6.465376e-01 2.890522e-01 -7.060014e-01
    outer loop
      vertex   2.109432e+01 9.166768e+00 -2.000000e+01
      vertex   2.171884e+01 1.021235e+01 -1.900000e+01
      vertex   2.209320e+01 9.375003e+00 -1.900000e+01
    endloop
  endfacet
  facet normal 6.529298e-01 2.687106e-01 -7.081506e-01
    outer loop
      vertex   2.109432e+01 9.166768e+00 -2.000000e+01
      vertex   2.209320e+01 9.375003e+00 -1.900000e+01
      vertex   2.143604e+01 8.336427e+00 -2.000000e+01
    endloop
  endfacet
  facet normal 6.570427e-01 2.641092e-01 -7.060745e-01
    outer loop
      vertex   2.143604e+01 8.336427e+00 -2.000000e+01
      vertex   2.209320e+01 9.375003e+00 -1.900000e+01
      vertex   2.243529e+01 8.523959e+00 -1.900000e+01
    endloop
  endfacet
  facet normal 6.629945e-01 2.430477e-01 -7.080721e-01
    outer loop
      vertex   2.143604e+01 8.336427e+00 -2.000000e+01
      vertex   2.243529e+01 8.523959e+00 -1.900000e+01
      vertex   2.174510e+01 7.493382e+00 -2.000000e+01
    endloop
  endfacet
  facet normal 6.665809e-01 2.387838e-01 -7.061531e-01
    outer loop
      vertex   2.174510e+01 7.493382e+00 -2.000000e+01
      vertex   2.243529e+01 8.523959e+00 -1.900000e+01
      vertex   2.274461e+01 7.660465e+00 -1.900000e+01
    endloop
  endfacet
  facet normal 6.720563e-01 2.170104e-01 -7.079879e-01
    outer loop
      vertex   2.174510e+01 7.493382e+00 -2.000000e+01
      vertex   2.274461e+01 7.660465e+00 -1.900000e+01
      vertex   2.202101e+01 6.638915e+00 -2.000000e+01
    endloop
  endfacet
  facet normal 6.751382e-01 2.131136e-01 -7.062372e-01
    outer loop
      vertex   2.202101e+01 6.638915e+00 -2.000000e+01
      vertex   2.274461e+01 7.660465e+00 -1.900000e+01
      vertex   2.302071e+01 6.785782e+00 -1.900000e+01
    endloop
  endfacet
  facet normal 6.801013e-01 1.906376e-01 -7.078979e-01
    outer loop
      vertex   2.202101e+01 6.638915e+00 -2.000000e+01
      vertex   2.302071e+01 6.785782e+00 -1.900000e+01
      vertex   2.226336e+01 5.774330e+00 -2.000000e+01
    endloop
  endfacet
  facet normal 6.827022e-01 1.871368e-01 -7.063268e-01
    outer loop
      vertex   2.226336e+01 5.774330e+00 -2.000000e+01
      vertex   2.302071e+01 6.785782e+00 -1.900000e+01
      vertex   2.326319e+01 5.901187e+00 -1.900000e+01
    endloop
  endfacet
  facet normal 6.871174e-01 1.639688e-01 -7.078022e-01
    outer loop
      vertex   2.226336e+01 5.774330e+00 -2.000000e+01
      vertex   2.326319e+01 5.901187e+00 -1.900000e+01
      vertex   2.247178e+01 4.900945e+00 -2.000000e+01
    endloop
  endfacet
  facet normal 6.892619e-01 1.608920e-01 -7.064219e-01
    outer loop
      vertex   2.247178e+01 4.900945e+00 -2.000000e+01
      vertex   2.326319e+01 5.901187e+00 -1.900000e+01
      vertex   2.347169e+01 5.007974e+00 -1.900000e+01
    endloop
  endfacet
  facet normal 6.930935e-01 1.370440e-01 -7.077007e-01
    outer loop
      vertex   2.247178e+01 4.900945e+00 -2.000000e+01
      vertex   2.347169e+01 5.007974e+00 -1.900000e+01
      vertex   2.264595e+01 4.020090e+00 -2.000000e+01
    endloop
  endfacet
  facet normal 6.948078e-01 1.344182e-01 -7.065224e-01
    outer loop
      vertex   2.264595e+01 4.020090e+00 -2.000000e+01
      vertex   2.347169e+01 5.007974e+00 -1.900000e+01
      vertex   2.364591e+01 4.107446e+00 -1.900000e+01
    endloop
  endfacet
  facet normal 6.980205e-01 1.099034e-01 -7.075935e-01
    outer loop
      vertex   2.264595e+01 4.020090e+00 -2.000000e+01
      vertex   2.364591e+01 4.107446e+00 -1.900000e+01
      vertex   2.278560e+01 3.133109e+00 -2.000000e+01
    endloop
  endfacet
  facet normal 6.993320e-01 1.077548e-01 -7.066284e-01
    outer loop
      vertex   2.278560e+01 3.133109e+00 -2.000000e+01
      vertex   2.364591e+01 4.107446e+00 -1.900000e+01
      vertex   2.378559e+01 3.200918e+00 -1.900000e+01
    endloop
  endfacet
  facet normal 7.018907e-01 8.258764e-02 -7.074805e-01
    outer loop
      vertex   2.278560e+01 3.133109e+00 -2.000000e+01
      vertex   2.378559e+01 3.200918e+00 -1.900000e+01
      vertex   2.289053e+01 2.241352e+00 -2.000000e+01
    endloop
  endfacet
  facet normal 7.028281e-01 8.094141e-02 -7.067398e-01
    outer loop
      vertex   2.289053e+01 2.241352e+00 -2.000000e+01
      vertex   2.378559e+01 3.200918e+00 -1.900000e+01
      vertex   2.389053e+01 2.289715e+00 -1.900000e+01
    endloop
  endfacet
  facet normal 7.046980e-01 5.513773e-02 -7.073617e-01
    outer loop
      vertex   2.289053e+01 2.241352e+00 -2.000000e+01
      vertex   2.389053e+01 2.289715e+00 -1.900000e+01
      vertex   2.296057e+01 1.346179e+00 -2.000000e+01
    endloop
  endfacet
  facet normal 7.052912e-01 5.401779e-02 -7.068567e-01
    outer loop
      vertex   2.296057e+01 1.346179e+00 -2.000000e+01
      vertex   2.389053e+01 2.289715e+00 -1.900000e+01
      vertex   2.396057e+01 1.375168e+00 -1.900000e+01
    endloop
  endfacet
  facet normal 7.064377e-01 2.759475e-02 -7.072371e-01
    outer loop
      vertex   2.296057e+01 1.346179e+00 -2.000000e+01
      vertex   2.396057e+01 1.375168e+00 -1.900000e+01
      vertex   2.299562e+01 4.489544e-01 -2.000000e+01
    endloop
  endfacet
  facet normal 7.067180e-01 2.702396e-02 -7.069790e-01
    outer loop
      vertex   2.299562e+01 4.489544e-01 -2.000000e+01
      vertex   2.396057e+01 1.375168e+00 -1.900000e+01
      vertex   2.399562e+01 4.586127e-01 -1.900000e+01
    endloop
  endfacet
  facet normal 7.071068e-01 0.000000e+00 -7.071068e-01
    outer loop
      vertex   2.299562e+01 4.489544e-01 -2.000000e+01
      vertex   2.399562e+01 4.586127e-01 -1.900000e+01
      vertex   2.399562e+01 -4.586127e-01 -1.900000e+01
    endloop
  endfacet
  facet normal 7.071068e-01 0.000000e+00 -7.071068e-01
    outer loop
      vertex   2.299562e+01 4.489544e-01 -2.000000e+01
      vertex   2.399562e+01 -4.586127e-01 -1.900000e+01
      vertex   2.299562e+01 -4.489544e-01 -2.000000e+01
    endloop
  endfacet
  facet normal 7.067180e-01 -2.702396e-02 -7.069790e-01
    outer loop
      vertex   2.299562e+01 -4.489544e-01 -2.000000e+01
      vertex   2.399562e+01 -4.586127e-01 -1.900000e+01
      vertex   2.396057e+01 -1.375168e+00 -1.900000e+01
    endloop
  endfacet
  facet normal 7.064377e-01 -2.759475e-02 -7.072371e-01
    outer loop
      vertex   2.299562e+01 -4.489544e-01 -2.000000e+01
      vertex   2.396057e+01 -1.375168e+00 -1.900000e+01
      vertex   2.296057e+01 -1.346179e+00 -2.000000e+01
    endloop
  endfacet
  facet normal 7.052912e-01 -5.401779e-02 -7.068567e-01
    outer loop
      vertex   2.296057e+01 -1.346179e+00 -2.000000e+01
      vertex   2.396057e+01 -1.375168e+00 -1.900000e+01
      vertex   2.389053e+01 -2.289715e+00 -1.900000e+01
    endloop
  endfacet
  facet normal 7.046980e-01 -5.513773e-02 -7.073617e-01
    outer loop
      vertex   2.296057e+01 -1.346179e+00 -2.000000e+01
      vertex   2.389053e+01 -2.289715e+00 -1.900000e+01
      vertex   2.289053e+01 -2.241352e+00 -2.000000e+01
    endloop
  endfacet
  facet normal 7.028281e-01 -8.094141e-02 -7.067398e-01
    outer loop
      vertex   2.289053e+01 -2.241352e+00 -2.000000e+01
      vertex   2.389053e+01 -2.289715e+00 -1.900000e+01
      vertex   2.378559e+01 -3.200918e+00 -1.900000e+01
    endloop
  endfacet
  facet normal 7.018907e-01 -8.258764e-02 -7.074805e-01
    outer loop
      vertex   2.289053e+01 -2.241352e+00 -2.000000e+01
      vertex   2.378559e+01 -3.200918e+00 -1.900000e+01
      vertex   2.278560e+01 -3.133109e+00 -2.000000e+01
    endloop
  endfacet
  facet normal 6.993320e-01 -1.077548e-01 -7.066284e-01
    outer loop
      vertex   2.278560e+01 -3.133109e+00 -2.000000e+01
      vertex   2.378559e+01 -3.200918e+00 -1.900000e+01
      vertex   2.364591e+01 -4.107446e+00 -1.900000e+01
    endloop
  endfacet
  facet normal 6.980205e-01 -1.099034e-01 -7.075935e-01
    outer loop
      vertex   2.278560e+01 -3.133109e+00 -2.000000e+01
      vertex   2.364591e+01 -4.107446e+00 -1.900000e+01
      vertex   2.264595e+01 -4.020090e+00 -2.000000e+01
    endloop
  endfacet
  facet normal 6.948078e-01 -1.344182e-01 -7.065224e-01
    outer loop
      vertex   2.264595e+01 -4.020090e+00 -2.000000e+01
      vertex   2.364591e+01 -4.107446e+00 -1.900000e+01
      vertex   2.347169e+01 -5.007974e+00 -1.900000e+01
    endloop
  endfacet
  facet normal 6.930935e-01 -1.370440e-01 -7.077007e-01
    outer loop
      vertex   2.264595e+01 -4.020090e+00 -2.000000e+01
      vertex   2.347169e+01 -5.007974e+00 -1.900000e+01
      vertex   2.247178e+01 -4.900945e+00 -2.000000e+01
    endloop
  endfacet
  facet normal 6.892619e-01 -1.608920e-01 -7.064219e-01
    outer loop
      vertex   2.247178e+01 -4.900945e+00 -2.000000e+01
      vertex   2.347169e+01 -5.007974e+00 -1.900000e+01
      vertex   2.326319e+01 -5.901187e+00 -1.900000e+01
    endloop
  endfacet
  facet normal 6.871174e-01 -1.639688e-01 -7.078022e-01
    outer loop
      vertex   2.247178e+01 -4.900945e+00 -2.000000e+01
      vertex   2.326319e+01 -5.901187e+00 -1.900000e+01
      vertex   2.226336e+01 -5.774330e+00 -2.000000e+01
    endloop
  endfacet
  facet normal 6.827022e-01 -1.871368e-01 -7.063268e-01
    outer loop
      vertex   2.226336e+01 -5.774330e+00 -2.000000e+01
      vertex   2.326319e+01 -5.901187e+00 -1.900000e+01
      vertex   2.302071e+01 -6.785782e+00 -1.900000e+01
    endloop
  endfacet
  facet normal 6.801013e-01 -1.906376e-01 -7.078979e-01
    outer loop
      vertex   2.226336e+01 -5.774330e+00 -2.000000e+01
      vertex   2.302071e+01 -6.785782e+00 -1.900000e+01
      vertex   2.202101e+01 -6.638915e+00 -2.000000e+01
    endloop
  endfacet
  facet normal 6.751382e-01 -2.131136e-01 -7.062372e-01
    outer loop
      vertex   2.202101e+01 -6.638915e+00 -2.000000e+01
      vertex   2.302071e+01 -6.785782e+00 -1.900000e+01
      vertex   2.274461e+01 -7.660465e+00 -1.900000e+01
    endloop
  endfacet
  facet normal 6.720563e-01 -2.170104e-01 -7.079879e-01
    outer loop
      vertex   2.202101e+01 -6.638915e+00 -2.000000e+01
      vertex   2.274461e+01 -7.660465e+00 -1.900000e+01
      vertex   2.174510e+01 -7.493382e+00 -2.000000e+01
    endloop
  endfacet
  facet normal 6.665809e-01 -2.387838e-01 -7.061531e-01
    outer loop
      vertex   2.174510e+01 -7.493382e+00 -2.000000e+01
      vertex   2.274461e+01 -7.660465e+00 -1.900000e+01
      vertex   2.243529e+01 -8.523959e+00 -1.900000e+01
    endloop
  endfacet
  facet normal 6.629945e-01 -2.430477e-01 -7.080721e-01
    outer loop
      vertex   2.174510e+01 -7.493382e+00 -2.000000e+01
      vertex   2.243529e+01 -8.523959e+00 -1.900000e+01
      vertex   2.143604e+01 -8.336427e+00 -2.000000e+01
    endloop
  endfacet
  facet normal 6.570427e-01 -2.641092e-01 -7.060745e-01
    outer loop
      vertex   2.143604e+01 -8.336427e+00 -2.000000e+01
      vertex   2.243529e+01 -8.523959e+00 -1.900000e+01
      vertex   2.209320e+01 -9.375003e+00 -1.900000e+01
    endloop
  endfacet
  facet normal 6.529298e-01 -2.687106e-01 -7.081506e-01
    outer loop
      vertex   2.143604e+01 -8.336427e+00 -2.000000e+01
      vertex   2.209320e+01 -9.375003e+00 -1.900000e+01
      vertex   2.109432e+01 -9.166768e+00 -2.000000e+01
    endloop
  endfacet
  facet normal 6.465376e-01 -2.890522e-01 -7.060014e-01
    outer loop
      vertex   2.109432e+01 -9.166768e+00 -2.000000e+01
      vertex   2.209320e+01 -9.375003e+00 -1.900000e+01
      vertex   2.171884e+01 -1.021235e+01 -1.900000e+01
    endloop
  endfacet
  facet normal 6.418776e-01 -2.939606e-01 -7.082233e-01
    outer loop
      vertex   2.109432e+01 -9.166768e+00 -2.000000e+01
      vertex   2.171884e+01 -1.021235e+01 -1.900000e+01
      vertex   2.072045e+01 -9.983138e+00 -2.000000e+01
    endloop
  endfacet
  facet normal 6.350810e-01 -3.135756e-01 -7.059338e-01
    outer loop
      vertex   2.072045e+01 -9.983138e+00 -2.000000e+01
      vertex   2.171884e+01 -1.021235e+01 -1.900000e+01
      vertex   2.131275e+01 -1.103479e+01 -1.900000e+01
    endloop
  endfacet
  facet normal 6.298546e-01 -3.187601e-01 -7.082904e-01
    outer loop
      vertex   2.072045e+01 -9.983138e+00 -2.000000e+01
      vertex   2.131275e+01 -1.103479e+01 -1.900000e+01
      vertex   2.031500e+01 -1.078429e+01 -2.000000e+01
    endloop
  endfacet
  facet normal 6.226897e-01 -3.376430e-01 -7.058716e-01
    outer loop
      vertex   2.031500e+01 -1.078429e+01 -2.000000e+01
      vertex   2.131275e+01 -1.103479e+01 -1.900000e+01
      vertex   2.087554e+01 -1.184111e+01 -1.900000e+01
    endloop
  endfacet
  facet normal 6.168790e-01 -3.430718e-01 -7.083517e-01
    outer loop
      vertex   2.031500e+01 -1.078429e+01 -2.000000e+01
      vertex   2.087554e+01 -1.184111e+01 -1.900000e+01
      vertex   1.987858e+01 -1.156901e+01 -2.000000e+01
    endloop
  endfacet
  facet normal 6.093818e-01 -3.612187e-01 -7.058150e-01
    outer loop
      vertex   1.987858e+01 -1.156901e+01 -2.000000e+01
      vertex   2.087554e+01 -1.184111e+01 -1.900000e+01
      vertex   2.040784e+01 -1.263013e+01 -1.900000e+01
    endloop
  endfacet
  facet normal 6.029704e-01 -3.668594e-01 -7.084073e-01
    outer loop
      vertex   1.987858e+01 -1.156901e+01 -2.000000e+01
      vertex   2.040784e+01 -1.263013e+01 -1.900000e+01
      vertex   1.941187e+01 -1.233610e+01 -2.000000e+01
    endloop
  endfacet
  facet normal 5.951771e-01 -3.842674e-01 -7.057639e-01
    outer loop
      vertex   1.941187e+01 -1.233610e+01 -2.000000e+01
      vertex   2.040784e+01 -1.263013e+01 -1.900000e+01
      vertex   1.991033e+01 -1.340070e+01 -1.900000e+01
    endloop
  endfacet
  facet normal 5.881499e-01 -3.900874e-01 -7.084571e-01
    outer loop
      vertex   1.941187e+01 -1.233610e+01 -2.000000e+01
      vertex   1.991033e+01 -1.340070e+01 -1.900000e+01
      vertex   1.891557e+01 -1.308438e+01 -2.000000e+01
    endloop
  endfacet
  facet normal 5.800965e-01 -4.067550e-01 -7.057184e-01
    outer loop
      vertex   1.891557e+01 -1.308438e+01 -2.000000e+01
      vertex   1.991033e+01 -1.340070e+01 -1.900000e+01
      vertex   1.938374e+01 -1.415171e+01 -1.900000e+01
    endloop
  endfacet
  facet normal 5.724398e-01 -4.127209e-01 -7.085013e-01
    outer loop
      vertex   1.891557e+01 -1.308438e+01 -2.000000e+01
      vertex   1.938374e+01 -1.415171e+01 -1.900000e+01
      vertex   1.839045e+01 -1.381272e+01 -2.000000e+01
    endloop
  endfacet
  facet normal 5.641622e-01 -4.286480e-01 -7.056783e-01
    outer loop
      vertex   1.839045e+01 -1.381272e+01 -2.000000e+01
      vertex   1.938374e+01 -1.415171e+01 -1.900000e+01
      vertex   1.882883e+01 -1.488204e+01 -1.900000e+01
    endloop
  endfacet
  facet normal 5.558638e-01 -4.347261e-01 -7.085398e-01
    outer loop
      vertex   1.839045e+01 -1.381272e+01 -2.000000e+01
      vertex   1.882883e+01 -1.488204e+01 -1.900000e+01
      vertex   1.783730e+01 -1.452002e+01 -2.000000e+01
    endloop
  endfacet
  facet normal 5.473978e-01 -4.499139e-01 -7.056437e-01
    outer loop
      vertex   1.783730e+01 -1.452002e+01 -2.000000e+01
      vertex   1.882883e+01 -1.488204e+01 -1.900000e+01
      vertex   1.824643e+01 -1.559063e+01 -1.900000e+01
    endloop
  endfacet
  facet normal 5.384469e-01 -4.560701e-01 -7.085725e-01
    outer loop
      vertex   1.783730e+01 -1.452002e+01 -2.000000e+01
      vertex   1.824643e+01 -1.559063e+01 -1.900000e+01
      vertex   1.725696e+01 -1.520518e+01 -2.000000e+01
    endloop
  endfacet
  facet normal 5.298281e-01 -4.705210e-01 -7.056147e-01
    outer loop
      vertex   1.725696e+01 -1.520518e+01 -2.000000e+01
      vertex   1.824643e+01 -1.559063e+01 -1.900000e+01
      vertex   1.763737e+01 -1.627646e+01 -1.900000e+01
    endloop
  endfacet
  facet normal 5.202152e-01 -4.767209e-01 -7.085996e-01
    outer loop
      vertex   1.725696e+01 -1.520518e+01 -2.000000e+01
      vertex   1.763737e+01 -1.627646e+01 -1.900000e+01
      vertex   1.665032e+01 -1.586717e+01 -2.000000e+01
    endloop
  endfacet
  facet normal 5.114791e-01 -4.904387e-01 -7.055912e-01
    outer loop
      vertex   1.665032e+01 -1.586717e+01 -2.000000e+01
      vertex   1.763737e+01 -1.627646e+01 -1.900000e+01
      vertex   1.700256e+01 -1.693851e+01 -1.900000e+01
    endloop
  endfacet
  facet normal 5.011961e-01 -4.966476e-01 -7.086209e-01
    outer loop
      vertex   1.665032e+01 -1.586717e+01 -2.000000e+01
      vertex   1.700256e+01 -1.693851e+01 -1.900000e+01
      vertex   1.601830e+01 -1.650497e+01 -2.000000e+01
    endloop
  endfacet
  facet normal 4.923780e-01 -5.096374e-01 -7.055733e-01
    outer loop
      vertex   1.601830e+01 -1.650497e+01 -2.000000e+01
      vertex   1.700256e+01 -1.693851e+01 -1.900000e+01
      vertex   1.634291e+01 -1.757582e+01 -1.900000e+01
    endloop
  endfacet
  facet normal 4.814183e-01 -5.158203e-01 -7.086366e-01
    outer loop
      vertex   1.601830e+01 -1.650497e+01 -2.000000e+01
      vertex   1.634291e+01 -1.757582e+01 -1.900000e+01
      vertex   1.536187e+01 -1.711762e+01 -2.000000e+01
    endloop
  endfacet
  facet normal 4.725531e-01 -5.280886e-01 -7.055608e-01
    outer loop
      vertex   1.536187e+01 -1.711762e+01 -2.000000e+01
      vertex   1.634291e+01 -1.757582e+01 -1.900000e+01
      vertex   1.565939e+01 -1.818746e+01 -1.900000e+01
    endloop
  endfacet
  facet normal 4.609113e-01 -5.342104e-01 -7.086466e-01
    outer loop
      vertex   1.536187e+01 -1.711762e+01 -2.000000e+01
      vertex   1.565939e+01 -1.818746e+01 -1.900000e+01
      vertex   1.468203e+01 -1.770418e+01 -2.000000e+01
    endloop
  endfacet
  facet normal 4.520337e-01 -5.457648e-01 -7.055539e-01
    outer loop
      vertex   1.468203e+01 -1.770418e+01 -2.000000e+01
      vertex   1.565939e+01 -1.818746e+01 -1.900000e+01
      vertex   1.495299e+01 -1.877253e+01 -1.900000e+01
    endloop
  endfacet
  facet normal 4.397061e-01 -5.517903e-01 -7.086508e-01
    outer loop
      vertex   1.468203e+01 -1.770418e+01 -2.000000e+01
      vertex   1.495299e+01 -1.877253e+01 -1.900000e+01
      vertex   1.397981e+01 -1.826376e+01 -2.000000e+01
    endloop
  endfacet
  facet normal 4.308503e-01 -5.626399e-01 -7.055525e-01
    outer loop
      vertex   1.397981e+01 -1.826376e+01 -2.000000e+01
      vertex   1.495299e+01 -1.877253e+01 -1.900000e+01
      vertex   1.422476e+01 -1.933019e+01 -1.900000e+01
    endloop
  endfacet
  facet normal 4.178343e-01 -5.685336e-01 -7.086494e-01
    outer loop
      vertex   1.397981e+01 -1.826376e+01 -2.000000e+01
      vertex   1.422476e+01 -1.933019e+01 -1.900000e+01
      vertex   1.325628e+01 -1.879550e+01 -2.000000e+01
    endloop
  endfacet
  facet normal 4.090344e-01 -5.786887e-01 -7.055567e-01
    outer loop
      vertex   1.325628e+01 -1.879550e+01 -2.000000e+01
      vertex   1.422476e+01 -1.933019e+01 -1.900000e+01
      vertex   1.347575e+01 -1.985961e+01 -1.900000e+01
    endloop
  endfacet
  facet normal 3.953289e-01 -5.844152e-01 -7.086423e-01
    outer loop
      vertex   1.325628e+01 -1.879550e+01 -2.000000e+01
      vertex   1.347575e+01 -1.985961e+01 -1.900000e+01
      vertex   1.251255e+01 -1.929860e+01 -2.000000e+01
    endloop
  endfacet
  facet normal 3.866183e-01 -5.938876e-01 -7.055663e-01
    outer loop
      vertex   1.251255e+01 -1.929860e+01 -2.000000e+01
      vertex   1.347575e+01 -1.985961e+01 -1.900000e+01
      vertex   1.270706e+01 -2.036003e+01 -1.900000e+01
    endloop
  endfacet
  facet normal 3.722235e-01 -5.994113e-01 -7.086295e-01
    outer loop
      vertex   1.251255e+01 -1.929860e+01 -2.000000e+01
      vertex   1.270706e+01 -2.036003e+01 -1.900000e+01
      vertex   1.174975e+01 -1.977229e+01 -2.000000e+01
    endloop
  endfacet
  facet normal 3.636353e-01 -6.082138e-01 -7.055815e-01
    outer loop
      vertex   1.174975e+01 -1.977229e+01 -2.000000e+01
      vertex   1.270706e+01 -2.036003e+01 -1.900000e+01
      vertex   1.191981e+01 -2.083070e+01 -1.900000e+01
    endloop
  endfacet
  facet normal 3.485527e-01 -6.134994e-01 -7.086110e-01
    outer loop
      vertex   1.174975e+01 -1.977229e+01 -2.000000e+01
      vertex   1.191981e+01 -2.083070e+01 -1.900000e+01
      vertex   1.096905e+01 -2.021584e+01 -2.000000e+01
    endloop
  endfacet
  facet normal 3.401195e-01 -6.216463e-01 -7.056023e-01
    outer loop
      vertex   1.096905e+01 -2.021584e+01 -2.000000e+01
      vertex   1.191981e+01 -2.083070e+01 -1.900000e+01
      vertex   1.111515e+01 -2.127095e+01 -1.900000e+01
    endloop
  endfacet
  facet normal 3.243522e-01 -6.266582e-01 -7.085868e-01
    outer loop
      vertex   1.096905e+01 -2.021584e+01 -2.000000e+01
      vertex   1.111515e+01 -2.127095e+01 -1.900000e+01
      vertex   1.017162e+01 -2.062857e+01 -2.000000e+01
    endloop
  endfacet
  facet normal 3.161059e-01 -6.341651e-01 -7.056285e-01
    outer loop
      vertex   1.017162e+01 -2.062857e+01 -2.000000e+01
      vertex   1.111515e+01 -2.127095e+01 -1.900000e+01
      vertex   1.029425e+01 -2.168014e+01 -1.900000e+01
    endloop
  endfacet
  facet normal 2.996580e-01 -6.388680e-01 -7.085569e-01
    outer loop
      vertex   1.017162e+01 -2.062857e+01 -2.000000e+01
      vertex   1.029425e+01 -2.168014e+01 -1.900000e+01
      vertex   9.358695e+00 -2.100987e+01 -2.000000e+01
    endloop
  endfacet
  facet normal 2.916301e-01 -6.457518e-01 -7.056603e-01
    outer loop
      vertex   9.358695e+00 -2.100987e+01 -2.000000e+01
      vertex   1.029425e+01 -2.168014e+01 -1.900000e+01
      vertex   9.458318e+00 -2.205766e+01 -1.900000e+01
    endloop
  endfacet
  facet normal 2.745072e-01 -6.501103e-01 -7.085213e-01
    outer loop
      vertex   9.358695e+00 -2.100987e+01 -2.000000e+01
      vertex   9.458318e+00 -2.205766e+01 -1.900000e+01
      vertex   8.531504e+00 -2.135915e+01 -2.000000e+01
    endloop
  endfacet
  facet normal 2.667285e-01 -6.563892e-01 -7.056976e-01
    outer loop
      vertex   8.531504e+00 -2.135915e+01 -2.000000e+01
      vertex   9.458318e+00 -2.205766e+01 -1.900000e+01
      vertex   8.608571e+00 -2.240296e+01 -1.900000e+01
    endloop
  endfacet
  facet normal 2.489375e-01 -6.603683e-01 -7.084799e-01
    outer loop
      vertex   8.531504e+00 -2.135915e+01 -2.000000e+01
      vertex   8.608571e+00 -2.240296e+01 -1.900000e+01
      vertex   7.691311e+00 -2.167588e+01 -2.000000e+01
    endloop
  endfacet
  facet normal 2.414380e-01 -6.660616e-01 -7.057405e-01
    outer loop
      vertex   7.691311e+00 -2.167588e+01 -2.000000e+01
      vertex   8.608571e+00 -2.240296e+01 -1.900000e+01
      vertex   7.746250e+00 -2.271554e+01 -1.900000e+01
    endloop
  endfacet
  facet normal 2.229872e-01 -6.696264e-01 -7.084329e-01
    outer loop
      vertex   7.691311e+00 -2.167588e+01 -2.000000e+01
      vertex   7.746250e+00 -2.271554e+01 -1.900000e+01
      vertex   6.839395e+00 -2.195957e+01 -2.000000e+01
    endloop
  endfacet
  facet normal 2.157963e-01 -6.747549e-01 -7.057888e-01
    outer loop
      vertex   6.839395e+00 -2.195957e+01 -2.000000e+01
      vertex   7.746250e+00 -2.271554e+01 -1.900000e+01
      vertex   6.872616e+00 -2.299494e+01 -1.900000e+01
    endloop
  endfacet
  facet normal 1.966951e-01 -6.778706e-01 -7.083802e-01
    outer loop
      vertex   6.839395e+00 -2.195957e+01 -2.000000e+01
      vertex   6.872616e+00 -2.299494e+01 -1.900000e+01
      vertex   5.977056e+00 -2.220979e+01 -2.000000e+01
    endloop
  endfacet
  facet normal 1.898414e-01 -6.824561e-01 -7.058427e-01
    outer loop
      vertex   5.977056e+00 -2.220979e+01 -2.000000e+01
      vertex   6.872616e+00 -2.299494e+01 -1.900000e+01
      vertex   5.988943e+00 -2.324075e+01 -1.900000e+01
    endloop
  endfacet
  facet normal 1.701006e-01 -6.850884e-01 -7.083217e-01
    outer loop
      vertex   5.977056e+00 -2.220979e+01 -2.000000e+01
      vertex   5.988943e+00 -2.324075e+01 -1.900000e+01
      vertex   5.105607e+00 -2.242616e+01 -2.000000e+01
    endloop
  endfacet
  facet normal 1.636120e-01 -6.891542e-01 -7.059020e-01
    outer loop
      vertex   5.105607e+00 -2.242616e+01 -2.000000e+01
      vertex   5.988943e+00 -2.324075e+01 -1.900000e+01
      vertex   5.096522e+00 -2.345262e+01 -1.900000e+01
    endloop
  endfacet
  facet normal 1.432436e-01 -6.912687e-01 -7.082576e-01
    outer loop
      vertex   5.105607e+00 -2.242616e+01 -2.000000e+01
      vertex   5.096522e+00 -2.345262e+01 -1.900000e+01
      vertex   4.226376e+00 -2.260836e+01 -2.000000e+01
    endloop
  endfacet
  facet normal 1.371469e-01 -6.948392e-01 -7.059669e-01
    outer loop
      vertex   4.226376e+00 -2.260836e+01 -2.000000e+01
      vertex   5.096522e+00 -2.345262e+01 -1.900000e+01
      vertex   4.196658e+00 -2.363024e+01 -1.900000e+01
    endloop
  endfacet
  facet normal 1.161644e-01 -6.964022e-01 -7.081877e-01
    outer loop
      vertex   4.226376e+00 -2.260836e+01 -2.000000e+01
      vertex   4.196658e+00 -2.363024e+01 -1.900000e+01
      vertex   3.340705e+00 -2.275609e+01 -2.000000e+01
    endloop
  endfacet
  facet normal 1.104854e-01 -6.995029e-01 -7.060373e-01
    outer loop
      vertex   3.340705e+00 -2.275609e+01 -2.000000e+01
      vertex   4.196658e+00 -2.363024e+01 -1.900000e+01
      vertex   3.290664e+00 -2.377334e+01 -1.900000e+01
    endloop
  endfacet
  facet normal 8.890337e-02 -7.004809e-01 -7.081121e-01
    outer loop
      vertex   3.340705e+00 -2.275609e+01 -2.000000e+01
      vertex   3.290664e+00 -2.377334e+01 -1.900000e+01
      vertex   2.449942e+00 -2.286914e+01 -2.000000e+01
    endloop
  endfacet
  facet normal 8.366727e-02 -7.031387e-01 -7.061131e-01
    outer loop
      vertex   2.449942e+00 -2.286914e+01 -2.000000e+01
      vertex   3.290664e+00 -2.377334e+01 -1.900000e+01
      vertex   2.379864e+00 -2.388171e+01 -1.900000e+01
    endloop
  endfacet
  facet normal 6.150150e-02 -7.034985e-01 -7.080307e-01
    outer loop
      vertex   2.449942e+00 -2.286914e+01 -2.000000e+01
      vertex   2.379864e+00 -2.388171e+01 -1.900000e+01
      vertex   1.555444e+00 -2.294734e+01 -2.000000e+01
    endloop
  endfacet
  facet normal 5.673221e-02 -7.057413e-01 -7.061945e-01
    outer loop
      vertex   1.555444e+00 -2.294734e+01 -2.000000e+01
      vertex   2.379864e+00 -2.388171e+01 -1.900000e+01
      vertex   1.465588e+00 -2.395521e+01 -1.900000e+01
    endloop
  endfacet
  facet normal 3.399983e-02 -7.054501e-01 -7.079436e-01
    outer loop
      vertex   1.555444e+00 -2.294734e+01 -2.000000e+01
      vertex   1.465588e+00 -2.395521e+01 -1.900000e+01
      vertex   6.585767e-01 -2.299057e+01 -2.000000e+01
    endloop
  endfacet
  facet normal 2.972024e-02 -7.073071e-01 -7.062813e-01
    outer loop
      vertex   6.585767e-01 -2.299057e+01 -2.000000e+01
      vertex   1.465588e+00 -2.395521e+01 -1.900000e+01
      vertex   5.491711e-01 -2.399372e+01 -1.900000e+01
    endloop
  endfacet
  facet normal 6.439593e-03 -7.063326e-01 -7.078508e-01
    outer loop
      vertex   6.585767e-01 -2.299057e+01 -2.000000e+01
      vertex   5.491711e-01 -2.399372e+01 -1.900000e+01
      vertex   -2.392947e-01 -2.299876e+01 -2.000000e+01
    endloop
  endfacet
  facet normal 2.671450e-03 -7.078341e-01 -7.063736e-01
    outer loop
      vertex   -2.392947e-01 -2.299876e+01 -2.000000e+01
      vertex   5.491711e-01 -2.399372e+01 -1.900000e+01
      vertex   -3.680478e-01 -2.399718e+01 -1.900000e+01
    endloop
  endfacet
  facet normal -2.113790e-02 -7.061445e-01 -7.077522e-01
    outer loop
      vertex   -2.392947e-01 -2.299876e+01 -2.000000e+01
      vertex   -3.680478e-01 -2.399718e+01 -1.900000e+01
      vertex   -1.136801e+00 -2.297189e+01 -2.000000e+01
    endloop
  endfacet
  facet normal -2.437401e-02 -7.073217e-01 -7.064714e-01
    outer loop
      vertex   -1.136801e+00 -2.297189e+01 -2.000000e+01
      vertex   -3.680478e-01 -2.399718e+01 -1.900000e+01
      vertex   -1.284729e+00 -2.396559e+01 -1.900000e+01
    endloop
  endfacet
  facet normal -4.869128e-02 -7.048856e-01 -7.076478e-01
    outer loop
      vertex   -1.136801e+00 -2.297189e+01 -2.000000e+01
      vertex   -1.284729e+00 -2.396559e+01 -1.900000e+01
      vertex   -2.032576e+00 -2.291001e+01 -2.000000e+01
    endloop
  endfacet
  facet normal -5.137602e-02 -7.057710e-01 -7.065747e-01
    outer loop
      vertex   -2.032576e+00 -2.291001e+01 -2.000000e+01
      vertex   -1.284729e+00 -2.396559e+01 -1.900000e+01
      vertex   -2.199534e+00 -2.389900e+01 -1.900000e+01
    endloop
  endfacet
  facet normal -7.617920e-02 -7.025575e-01 -7.075377e-01
    outer loop
      vertex   -2.032576e+00 -2.291001e+01 -2.000000e+01
      vertex   -2.199534e+00 -2.389900e+01 -1.900000e+01
      vertex   -2.925252e+00 -2.281322e+01 -2.000000e+01
    endloop
  endfacet
  facet normal -7.829453e-02 -7.031846e-01 -7.066834e-01
    outer loop
      vertex   -2.925252e+00 -2.281322e+01 -2.000000e+01
      vertex   -2.199534e+00 -2.389900e+01 -1.900000e+01
      vertex   -3.111126e+00 -2.379750e+01 -1.900000e+01
    endloop
  endfacet
  facet normal -1.035604e-01 -6.991635e-01 -7.074218e-01
    outer loop
      vertex   -2.925252e+00 -2.281322e+01 -2.000000e+01
      vertex   -3.111126e+00 -2.379750e+01 -1.900000e+01
      vertex   -3.813470e+00 -2.268165e+01 -2.000000e+01
    endloop
  endfacet
  facet normal -1.050896e-01 -6.995666e-01 -7.067976e-01
    outer loop
      vertex   -3.813470e+00 -2.268165e+01 -2.000000e+01
      vertex   -3.111126e+00 -2.379750e+01 -1.900000e+01
      vertex   -4.018175e+00 -2.366124e+01 -1.900000e+01
    endloop
  endfacet
  facet normal -1.307938e-01 -6.947082e-01 -7.073002e-01
    outer loop
      vertex   -3.813470e+00 -2.268165e+01 -2.000000e+01
      vertex   -4.018175e+00 -2.366124e+01 -1.900000e+01
      vertex   -4.695876e+00 -2.251552e+01 -2.000000e+01
    endloop
  endfacet
  facet normal -1.317216e-01 -6.949227e-01 -7.069172e-01
    outer loop
      vertex   -4.695876e+00 -2.251552e+01 -2.000000e+01
      vertex   -4.018175e+00 -2.366124e+01 -1.900000e+01
      vertex   -4.919354e+00 -2.349042e+01 -1.900000e+01
    endloop
  endfacet
  facet normal -1.578385e-01 -6.891979e-01 -7.071727e-01
    outer loop
      vertex   -4.695876e+00 -2.251552e+01 -2.000000e+01
      vertex   -4.919354e+00 -2.349042e+01 -1.900000e+01
      vertex   -5.571125e+00 -2.231507e+01 -2.000000e+01
    endloop
  endfacet
  facet normal -1.581509e-01 -6.892602e-01 -7.070422e-01
    outer loop
      vertex   -5.571125e+00 -2.231507e+01 -2.000000e+01
      vertex   -4.919354e+00 -2.349042e+01 -1.900000e+01
      vertex   -5.813348e+00 -2.328530e+01 -1.900000e+01
    endloop
  endfacet
  facet normal -1.712774e-01 6.860496e-01 -7.071068e-01
    outer loop
      vertex   -3.900000e+01 1.396931e+01 -2.000000e+01
      vertex   -3.900000e+01 1.500000e+01 -1.900000e+01
      vertex   -5.571125e+00 2.231507e+01 -2.000000e+01
    endloop
  endfacet
  facet normal -1.712774e-01 6.860496e-01 -7.071068e-01
    outer loop
      vertex   -5.571125e+00 2.231507e+01 -2.000000e+01
      vertex   -3.900000e+01 1.500000e+01 -1.900000e+01
      vertex   -5.813348e+00 2.328530e+01 -1.900000e+01
    endloop
  endfacet
  facet normal -2.237461e-01 -9.746475e-01 -0.000000e+00
    outer loop
      vertex   -5.813348e+00 -2.328530e+01 0.000000e+00
      vertex   -5.813348e+00 -2.328530e+01 -1.900000e+01
      vertex   -4.924526e+00 -2.348934e+01 0.000000e+00
    endloop
  endfacet
  facet normal -2.236388e-01 -9.746721e-01 -5.284269e-06
    outer loop
      vertex   -4.924526e+00 -2.348934e+01 0.000000e+00
      vertex   -5.813348e+00 -2.328530e+01 -1.900000e+01
      vertex   -4.919354e+00 -2.349042e+01 -1.900000e+01
    endloop
  endfacet
  facet normal -1.865570e-01 -9.824441e-01 5.253653e-06
    outer loop
      vertex   -4.924526e+00 -2.348934e+01 0.000000e+00
      vertex   -4.919354e+00 -2.349042e+01 -1.900000e+01
      vertex   -4.028594e+00 -2.365947e+01 0.000000e+00
    endloop
  endfacet
  facet normal -1.862325e-01 -9.825057e-01 -1.050731e-05
    outer loop
      vertex   -4.028594e+00 -2.365947e+01 0.000000e+00
      vertex   -4.919354e+00 -2.349042e+01 -1.900000e+01
      vertex   -4.018175e+00 -2.366124e+01 -1.900000e+01
    endloop
  endfacet
  facet normal -1.490986e-01 -9.888223e-01 1.044607e-05
    outer loop
      vertex   -4.028594e+00 -2.365947e+01 0.000000e+00
      vertex   -4.018175e+00 -2.366124e+01 -1.900000e+01
      vertex   -3.126846e+00 -2.379544e+01 0.000000e+00
    endloop
  endfacet
  facet normal -1.485542e-01 -9.889043e-01 -1.566911e-05
    outer loop
      vertex   -3.126846e+00 -2.379544e+01 0.000000e+00
      vertex   -4.018175e+00 -2.366124e+01 -1.900000e+01
      vertex   -3.111126e+00 -2.379750e+01 -1.900000e+01
    endloop
  endfacet
  facet normal -1.114249e-01 -9.937729e-01 1.557726e-05
    outer loop
      vertex   -3.126846e+00 -2.379544e+01 0.000000e+00
      vertex   -3.111126e+00 -2.379750e+01 -1.900000e+01
      vertex   -2.220583e+00 -2.389705e+01 0.000000e+00
    endloop
  endfacet
  facet normal -1.106590e-01 -9.938584e-01 -2.076968e-05
    outer loop
      vertex   -2.220583e+00 -2.389705e+01 0.000000e+00
      vertex   -3.111126e+00 -2.379750e+01 -1.900000e+01
      vertex   -2.199534e+00 -2.389900e+01 -1.900000e+01
    endloop
  endfacet
  facet normal -7.359029e-02 -9.972886e-01 2.064721e-05
    outer loop
      vertex   -2.220583e+00 -2.389705e+01 0.000000e+00
      vertex   -2.199534e+00 -2.389900e+01 -1.900000e+01
      vertex   -1.311114e+00 -2.396416e+01 0.000000e+00
    endloop
  endfacet
  facet normal -7.260208e-02 -9.973610e-01 -2.580902e-05
    outer loop
      vertex   -1.311114e+00 -2.396416e+01 0.000000e+00
      vertex   -2.199534e+00 -2.389900e+01 -1.900000e+01
      vertex   -1.284729e+00 -2.396559e+01 -1.900000e+01
    endloop
  endfacet
  facet normal -3.564945e-02 -9.993644e-01 2.565593e-05
    outer loop
      vertex   -1.311114e+00 -2.396416e+01 0.000000e+00
      vertex   -1.284729e+00 -2.396559e+01 -1.900000e+01
      vertex   -3.997514e-01 -2.399667e+01 0.000000e+00
    endloop
  endfacet
  facet normal -3.443914e-02 -9.994068e-01 -3.078712e-05
    outer loop
      vertex   -3.997514e-01 -2.399667e+01 0.000000e+00
      vertex   -1.284729e+00 -2.396559e+01 -1.900000e+01
      vertex   -3.680478e-01 -2.399718e+01 -1.900000e+01
    endloop
  endfacet
  facet normal 2.342850e-03 -9.999973e-01 3.060342e-05
    outer loop
      vertex   -3.997514e-01 -2.399667e+01 0.000000e+00
      vertex   -3.680478e-01 -2.399718e+01 -1.900000e+01
      vertex   5.121879e-01 -2.399453e+01 0.000000e+00
    endloop
  endfacet
  facet normal 3.774091e-03 -9.999929e-01 -3.570399e-05
    outer loop
      vertex   5.121879e-01 -2.399453e+01 0.000000e+00
      vertex   -3.680478e-01 -2.399718e+01 -1.900000e+01
      vertex   5.491711e-01 -2.399372e+01 -1.900000e+01
    endloop
  endfacet
  facet normal 4.033177e-02 -9.991863e-01 3.548967e-05
    outer loop
      vertex   5.121879e-01 -2.399453e+01 0.000000e+00
      vertex   5.491711e-01 -2.399372e+01 -1.900000e+01
      vertex   1.423388e+00 -2.395775e+01 0.000000e+00
    endloop
  endfacet
  facet normal 4.198181e-02 -9.991184e-01 -4.055963e-05
    outer loop
      vertex   1.423388e+00 -2.395775e+01 0.000000e+00
      vertex   5.491711e-01 -2.399372e+01 -1.900000e+01
      vertex   1.465588e+00 -2.395521e+01 -1.900000e+01
    endloop
  endfacet
  facet normal 7.826246e-02 -9.969328e-01 4.031469e-05
    outer loop
      vertex   1.423388e+00 -2.395775e+01 0.000000e+00
      vertex   1.465588e+00 -2.395521e+01 -1.900000e+01
      vertex   2.332532e+00 -2.388638e+01 0.000000e+00
    endloop
  endfacet
  facet normal 8.012822e-02 -9.967846e-01 -4.535403e-05
    outer loop
      vertex   2.332532e+00 -2.388638e+01 0.000000e+00
      vertex   1.465588e+00 -2.395521e+01 -1.900000e+01
      vertex   2.379864e+00 -2.388171e+01 -1.900000e+01
    endloop
  endfacet
  facet normal 1.160802e-01 -9.932398e-01 4.507848e-05
    outer loop
      vertex   2.332532e+00 -2.388638e+01 0.000000e+00
      vertex   2.379864e+00 -2.388171e+01 -1.900000e+01
      vertex   3.238309e+00 -2.378052e+01 0.000000e+00
    endloop
  endfacet
  facet normal 1.181576e-01 -9.929949e-01 -5.008719e-05
    outer loop
      vertex   3.238309e+00 -2.378052e+01 0.000000e+00
      vertex   2.379864e+00 -2.388171e+01 -1.900000e+01
      vertex   3.290664e+00 -2.377334e+01 -1.900000e+01
    endloop
  endfacet
  facet normal 1.537303e-01 -9.881129e-01 4.978103e-05
    outer loop
      vertex   3.238309e+00 -2.378052e+01 0.000000e+00
      vertex   3.290664e+00 -2.377334e+01 -1.900000e+01
      vertex   4.139411e+00 -2.364033e+01 0.000000e+00
    endloop
  endfacet
  facet normal 1.560144e-01 -9.877548e-01 -5.475913e-05
    outer loop
      vertex   4.139411e+00 -2.364033e+01 0.000000e+00
      vertex   3.290664e+00 -2.377334e+01 -1.900000e+01
      vertex   4.196658e+00 -2.363024e+01 -1.900000e+01
    endloop
  endfacet
  facet normal 1.911584e-01 -9.815592e-01 5.442234e-05
    outer loop
      vertex   4.139411e+00 -2.364033e+01 0.000000e+00
      vertex   4.196658e+00 -2.363024e+01 -1.900000e+01
      vertex   5.034536e+00 -2.346601e+01 0.000000e+00
    endloop
  endfacet
  facet normal 1.936433e-01 -9.810720e-01 -5.936982e-05
    outer loop
      vertex   5.034536e+00 -2.346601e+01 0.000000e+00
      vertex   4.196658e+00 -2.363024e+01 -1.900000e+01
      vertex   5.096522e+00 -2.345262e+01 -1.900000e+01
    endloop
  endfacet
  facet normal 2.283105e-01 -9.735884e-01 5.900242e-05
    outer loop
      vertex   5.034536e+00 -2.346601e+01 0.000000e+00
      vertex   5.096522e+00 -2.345262e+01 -1.900000e+01
      vertex   5.922392e+00 -2.325780e+01 0.000000e+00
    endloop
  endfacet
  facet normal 2.309894e-01 -9.729563e-01 -6.391928e-05
    outer loop
      vertex   5.922392e+00 -2.325780e+01 0.000000e+00
      vertex   5.096522e+00 -2.345262e+01 -1.900000e+01
      vertex   5.988943e+00 -2.324075e+01 -1.900000e+01
    endloop
  endfacet
  facet normal 2.651330e-01 -9.642118e-01 6.352126e-05
    outer loop
      vertex   5.922392e+00 -2.325780e+01 0.000000e+00
      vertex   5.988943e+00 -2.324075e+01 -1.900000e+01
      vertex   6.801697e+00 -2.301601e+01 0.000000e+00
    endloop
  endfacet
  facet normal 2.679981e-01 -9.634194e-01 -6.840751e-05
    outer loop
      vertex   6.801697e+00 -2.301601e+01 0.000000e+00
      vertex   5.988943e+00 -2.324075e+01 -1.900000e+01
      vertex   6.872616e+00 -2.299494e+01 -1.900000e+01
    endloop
  endfacet
  facet normal 3.015727e-01 -9.534432e-01 6.797887e-05
    outer loop
      vertex   6.801697e+00 -2.301601e+01 0.000000e+00
      vertex   6.872616e+00 -2.299494e+01 -1.900000e+01
      vertex   7.671182e+00 -2.274100e+01 0.000000e+00
    endloop
  endfacet
  facet normal 3.046153e-01 -9.524755e-01 -7.283450e-05
    outer loop
      vertex   7.671182e+00 -2.274100e+01 0.000000e+00
      vertex   6.872616e+00 -2.299494e+01 -1.900000e+01
      vertex   7.746250e+00 -2.271554e+01 -1.900000e+01
    endloop
  endfacet
  facet normal 3.375770e-01 -9.412979e-01 7.237524e-05
    outer loop
      vertex   7.671182e+00 -2.274100e+01 0.000000e+00
      vertex   7.746250e+00 -2.271554e+01 -1.900000e+01
      vertex   8.529590e+00 -2.243315e+01 0.000000e+00
    endloop
  endfacet
  facet normal 3.407877e-01 -9.401403e-01 -7.720026e-05
    outer loop
      vertex   8.529590e+00 -2.243315e+01 0.000000e+00
      vertex   7.746250e+00 -2.271554e+01 -1.900000e+01
      vertex   8.608571e+00 -2.240296e+01 -1.900000e+01
    endloop
  endfacet
  facet normal 3.730939e-01 -9.277936e-01 7.671038e-05
    outer loop
      vertex   8.529590e+00 -2.243315e+01 0.000000e+00
      vertex   8.608571e+00 -2.240296e+01 -1.900000e+01
      vertex   9.375684e+00 -2.209291e+01 0.000000e+00
    endloop
  endfacet
  facet normal 3.764623e-01 -9.264320e-01 -8.150477e-05
    outer loop
      vertex   9.375684e+00 -2.209291e+01 0.000000e+00
      vertex   8.608571e+00 -2.240296e+01 -1.900000e+01
      vertex   9.458318e+00 -2.205766e+01 -1.900000e+01
    endloop
  endfacet
  facet normal 4.080721e-01 -9.129497e-01 8.098428e-05
    outer loop
      vertex   9.375684e+00 -2.209291e+01 0.000000e+00
      vertex   9.458318e+00 -2.205766e+01 -1.900000e+01
      vertex   1.020824e+01 -2.172077e+01 0.000000e+00
    endloop
  endfacet
  facet normal 4.115870e-01 -9.113705e-01 -8.574806e-05
    outer loop
      vertex   1.020824e+01 -2.172077e+01 0.000000e+00
      vertex   9.458318e+00 -2.205766e+01 -1.900000e+01
      vertex   1.029425e+01 -2.168014e+01 -1.900000e+01
    endloop
  endfacet
  facet normal 4.424611e-01 -8.967877e-01 8.519694e-05
    outer loop
      vertex   1.020824e+01 -2.172077e+01 0.000000e+00
      vertex   1.029425e+01 -2.168014e+01 -1.900000e+01
      vertex   1.102606e+01 -2.131727e+01 0.000000e+00
    endloop
  endfacet
  facet normal 4.461106e-01 -8.949779e-01 -8.993010e-05
    outer loop
      vertex   1.102606e+01 -2.131727e+01 0.000000e+00
      vertex   1.029425e+01 -2.168014e+01 -1.900000e+01
      vertex   1.111515e+01 -2.127095e+01 -1.900000e+01
    endloop
  endfacet
  facet normal 4.762113e-01 -8.793309e-01 8.934837e-05
    outer loop
      vertex   1.102606e+01 -2.131727e+01 0.000000e+00
      vertex   1.111515e+01 -2.127095e+01 -1.900000e+01
      vertex   1.182796e+01 -2.088299e+01 0.000000e+00
    endloop
  endfacet
  facet normal 4.799825e-01 -8.772780e-01 -9.405091e-05
    outer loop
      vertex   1.182796e+01 -2.088299e+01 0.000000e+00
      vertex   1.111515e+01 -2.127095e+01 -1.900000e+01
      vertex   1.191981e+01 -2.083070e+01 -1.900000e+01
    endloop
  endfacet
  facet normal 5.092739e-01 -8.606045e-01 9.343856e-05
    outer loop
      vertex   1.182796e+01 -2.088299e+01 0.000000e+00
      vertex   1.191981e+01 -2.083070e+01 -1.900000e+01
      vertex   1.261278e+01 -2.041857e+01 0.000000e+00
    endloop
  endfacet
  facet normal 5.131535e-01 -8.582969e-01 -9.811048e-05
    outer loop
      vertex   1.261278e+01 -2.041857e+01 0.000000e+00
      vertex   1.191981e+01 -2.083070e+01 -1.900000e+01
      vertex   1.270706e+01 -2.036003e+01 -1.900000e+01
    endloop
  endfacet
  facet normal 5.416013e-01 -8.406355e-01 9.746752e-05
    outer loop
      vertex   1.261278e+01 -2.041857e+01 0.000000e+00
      vertex   1.270706e+01 -2.036003e+01 -1.900000e+01
      vertex   1.337939e+01 -1.992466e+01 0.000000e+00
    endloop
  endfacet
  facet normal 5.455749e-01 -8.380621e-01 -1.021088e-04
    outer loop
      vertex   1.337939e+01 -1.992466e+01 0.000000e+00
      vertex   1.270706e+01 -2.036003e+01 -1.900000e+01
      vertex   1.347575e+01 -1.985961e+01 -1.900000e+01
    endloop
  endfacet
  facet normal 5.731466e-01 -8.194528e-01 1.014352e-04
    outer loop
      vertex   1.337939e+01 -1.992466e+01 0.000000e+00
      vertex   1.347575e+01 -1.985961e+01 -1.900000e+01
      vertex   1.412668e+01 -1.940198e+01 0.000000e+00
    endloop
  endfacet
  facet normal 5.771994e-01 -8.166032e-01 -1.060459e-04
    outer loop
      vertex   1.412668e+01 -1.940198e+01 0.000000e+00
      vertex   1.347575e+01 -1.985961e+01 -1.900000e+01
      vertex   1.422476e+01 -1.933019e+01 -1.900000e+01
    endloop
  endfacet
  facet normal 6.038645e-01 -7.970870e-01 1.053417e-04
    outer loop
      vertex   1.412668e+01 -1.940198e+01 0.000000e+00
      vertex   1.422476e+01 -1.933019e+01 -1.900000e+01
      vertex   1.485358e+01 -1.885129e+01 0.000000e+00
    endloop
  endfacet
  facet normal 6.079809e-01 -7.939516e-01 -1.099218e-04
    outer loop
      vertex   1.485358e+01 -1.885129e+01 0.000000e+00
      vertex   1.422476e+01 -1.933019e+01 -1.900000e+01
      vertex   1.495299e+01 -1.877253e+01 -1.900000e+01
    endloop
  endfacet
  facet normal 6.337105e-01 -7.735703e-01 1.091870e-04
    outer loop
      vertex   1.485358e+01 -1.885129e+01 0.000000e+00
      vertex   1.495299e+01 -1.877253e+01 -1.900000e+01
      vertex   1.555903e+01 -1.827338e+01 0.000000e+00
    endloop
  endfacet
  facet normal 6.378744e-01 -7.701404e-01 -1.137364e-04
    outer loop
      vertex   1.555903e+01 -1.827338e+01 0.000000e+00
      vertex   1.495299e+01 -1.877253e+01 -1.900000e+01
      vertex   1.565939e+01 -1.818746e+01 -1.900000e+01
    endloop
  endfacet
  facet normal 6.626415e-01 -7.489368e-01 1.129710e-04
    outer loop
      vertex   1.555903e+01 -1.827338e+01 0.000000e+00
      vertex   1.565939e+01 -1.818746e+01 -1.900000e+01
      vertex   1.624202e+01 -1.766909e+01 0.000000e+00
    endloop
  endfacet
  facet normal 6.668362e-01 -7.452043e-01 -1.174898e-04
    outer loop
      vertex   1.624202e+01 -1.766909e+01 0.000000e+00
      vertex   1.565939e+01 -1.818746e+01 -1.900000e+01
      vertex   1.634291e+01 -1.757582e+01 -1.900000e+01
    endloop
  endfacet
  facet normal 6.906157e-01 -7.232219e-01 1.166937e-04
    outer loop
      vertex   1.624202e+01 -1.766909e+01 0.000000e+00
      vertex   1.634291e+01 -1.757582e+01 -1.900000e+01
      vertex   1.690155e+01 -1.703929e+01 0.000000e+00
    endloop
  endfacet
  facet normal 6.948240e-01 -7.191798e-01 -1.211819e-04
    outer loop
      vertex   1.690155e+01 -1.703929e+01 0.000000e+00
      vertex   1.634291e+01 -1.757582e+01 -1.900000e+01
      vertex   1.700256e+01 -1.693851e+01 -1.900000e+01
    endloop
  endfacet
  facet normal 7.175929e-01 -6.964628e-01 1.203552e-04
    outer loop
      vertex   1.690155e+01 -1.703929e+01 0.000000e+00
      vertex   1.700256e+01 -1.693851e+01 -1.900000e+01
      vertex   1.753669e+01 -1.638489e+01 0.000000e+00
    endloop
  endfacet
  facet normal 7.217970e-01 -6.921048e-01 -1.248128e-04
    outer loop
      vertex   1.753669e+01 -1.638489e+01 0.000000e+00
      vertex   1.700256e+01 -1.693851e+01 -1.900000e+01
      vertex   1.763737e+01 -1.627646e+01 -1.900000e+01
    endloop
  endfacet
  facet normal 7.435340e-01 -6.686981e-01 1.239555e-04
    outer loop
      vertex   1.753669e+01 -1.638489e+01 0.000000e+00
      vertex   1.763737e+01 -1.627646e+01 -1.900000e+01
      vertex   1.814650e+01 -1.570683e+01 0.000000e+00
    endloop
  endfacet
  facet normal 7.477157e-01 -6.640190e-01 -1.283825e-04
    outer loop
      vertex   1.814650e+01 -1.570683e+01 0.000000e+00
      vertex   1.763737e+01 -1.627646e+01 -1.900000e+01
      vertex   1.824643e+01 -1.559063e+01 -1.900000e+01
    endloop
  endfacet
  facet normal 7.684015e-01 -6.399680e-01 1.274946e-04
    outer loop
      vertex   1.814650e+01 -1.570683e+01 0.000000e+00
      vertex   1.824643e+01 -1.559063e+01 -1.900000e+01
      vertex   1.873012e+01 -1.500609e+01 0.000000e+00
    endloop
  endfacet
  facet normal 7.725423e-01 -6.349633e-01 -1.318909e-04
    outer loop
      vertex   1.873012e+01 -1.500609e+01 0.000000e+00
      vertex   1.824643e+01 -1.559063e+01 -1.900000e+01
      vertex   1.882883e+01 -1.488204e+01 -1.900000e+01
    endloop
  endfacet
  facet normal 7.921597e-01 -6.103139e-01 1.309724e-04
    outer loop
      vertex   1.873012e+01 -1.500609e+01 0.000000e+00
      vertex   1.882883e+01 -1.488204e+01 -1.900000e+01
      vertex   1.928669e+01 -1.428369e+01 0.000000e+00
    endloop
  endfacet
  facet normal 7.962406e-01 -6.049801e-01 -1.353381e-04
    outer loop
      vertex   1.928669e+01 -1.428369e+01 0.000000e+00
      vertex   1.882883e+01 -1.488204e+01 -1.900000e+01
      vertex   1.938374e+01 -1.415171e+01 -1.900000e+01
    endloop
  endfacet
  facet normal 8.147741e-01 -5.797786e-01 1.343890e-04
    outer loop
      vertex   1.928669e+01 -1.428369e+01 0.000000e+00
      vertex   1.938374e+01 -1.415171e+01 -1.900000e+01
      vertex   1.981541e+01 -1.354066e+01 0.000000e+00
    endloop
  endfacet
  facet normal 8.187758e-01 -5.741134e-01 -1.387241e-04
    outer loop
      vertex   1.981541e+01 -1.354066e+01 0.000000e+00
      vertex   1.938374e+01 -1.415171e+01 -1.900000e+01
      vertex   1.991033e+01 -1.340070e+01 -1.900000e+01
    endloop
  endfacet
  facet normal 8.362121e-01 -5.484062e-01 1.377443e-04
    outer loop
      vertex   1.981541e+01 -1.354066e+01 0.000000e+00
      vertex   1.991033e+01 -1.340070e+01 -1.900000e+01
      vertex   2.031553e+01 -1.277808e+01 0.000000e+00
    endloop
  endfacet
  facet normal 8.401152e-01 -5.424081e-01 -1.420488e-04
    outer loop
      vertex   2.031553e+01 -1.277808e+01 0.000000e+00
      vertex   1.991033e+01 -1.340070e+01 -1.900000e+01
      vertex   2.040784e+01 -1.263013e+01 -1.900000e+01
    endloop
  endfacet
  facet normal 8.564428e-01 -5.162420e-01 1.410384e-04
    outer loop
      vertex   2.031553e+01 -1.277808e+01 0.000000e+00
      vertex   2.040784e+01 -1.263013e+01 -1.900000e+01
      vertex   2.078631e+01 -1.199706e+01 0.000000e+00
    endloop
  endfacet
  facet normal 8.602274e-01 -5.099105e-01 -1.453123e-04
    outer loop
      vertex   2.078631e+01 -1.199706e+01 0.000000e+00
      vertex   2.040784e+01 -1.263013e+01 -1.900000e+01
      vertex   2.087554e+01 -1.184111e+01 -1.900000e+01
    endloop
  endfacet
  facet normal 8.754369e-01 -4.833324e-01 1.442713e-04
    outer loop
      vertex   2.078631e+01 -1.199706e+01 0.000000e+00
      vertex   2.087554e+01 -1.184111e+01 -1.900000e+01
      vertex   2.122708e+01 -1.119871e+01 0.000000e+00
    endloop
  endfacet
  facet normal 8.790833e-01 -4.766682e-01 -1.485145e-04
    outer loop
      vertex   2.122708e+01 -1.119871e+01 0.000000e+00
      vertex   2.087554e+01 -1.184111e+01 -1.900000e+01
      vertex   2.131275e+01 -1.103479e+01 -1.900000e+01
    endloop
  endfacet
  facet normal 8.931670e-01 -4.497250e-01 1.474429e-04
    outer loop
      vertex   2.122708e+01 -1.119871e+01 0.000000e+00
      vertex   2.131275e+01 -1.103479e+01 -1.900000e+01
      vertex   2.163720e+01 -1.038419e+01 0.000000e+00
    endloop
  endfacet
  facet normal 8.966551e-01 -4.427296e-01 -1.516555e-04
    outer loop
      vertex   2.163720e+01 -1.038419e+01 0.000000e+00
      vertex   2.131275e+01 -1.103479e+01 -1.900000e+01
      vertex   2.171884e+01 -1.021235e+01 -1.900000e+01
    endloop
  endfacet
  facet normal 9.096076e-01 -4.154683e-01 1.505532e-04
    outer loop
      vertex   2.163720e+01 -1.038419e+01 0.000000e+00
      vertex   2.171884e+01 -1.021235e+01 -1.900000e+01
      vertex   2.201608e+01 -9.554685e+00 0.000000e+00
    endloop
  endfacet
  facet normal 9.129173e-01 -4.081445e-01 -1.547353e-04
    outer loop
      vertex   2.201608e+01 -9.554685e+00 0.000000e+00
      vertex   2.171884e+01 -1.021235e+01 -1.900000e+01
      vertex   2.209320e+01 -9.375003e+00 -1.900000e+01
    endloop
  endfacet
  facet normal 9.247349e-01 -3.806117e-01 1.536024e-04
    outer loop
      vertex   2.201608e+01 -9.554685e+00 0.000000e+00
      vertex   2.209320e+01 -9.375003e+00 -1.900000e+01
      vertex   2.236318e+01 -8.711381e+00 0.000000e+00
    endloop
  endfacet
  facet normal 9.278461e-01 -3.729631e-01 -1.577538e-04
    outer loop
      vertex   2.236318e+01 -8.711381e+00 0.000000e+00
      vertex   2.209320e+01 -9.375003e+00 -1.900000e+01
      vertex   2.243529e+01 -8.523959e+00 -1.900000e+01
    endloop
  endfacet
  facet normal 9.385271e-01 -3.452056e-01 1.565903e-04
    outer loop
      vertex   2.236318e+01 -8.711381e+00 0.000000e+00
      vertex   2.243529e+01 -8.523959e+00 -1.900000e+01
      vertex   2.267799e+01 -7.855499e+00 0.000000e+00
    endloop
  endfacet
  facet normal 9.414197e-01 -3.372371e-01 -1.607110e-04
    outer loop
      vertex   2.267799e+01 -7.855499e+00 0.000000e+00
      vertex   2.243529e+01 -8.523959e+00 -1.900000e+01
      vertex   2.274461e+01 -7.660465e+00 -1.900000e+01
    endloop
  endfacet
  facet normal 9.509641e-01 -3.093011e-01 1.595169e-04
    outer loop
      vertex   2.267799e+01 -7.855499e+00 0.000000e+00
      vertex   2.274461e+01 -7.660465e+00 -1.900000e+01
      vertex   2.296005e+01 -6.988275e+00 0.000000e+00
    endloop
  endfacet
  facet normal 9.536183e-01 -3.010184e-01 -1.636071e-04
    outer loop
      vertex   2.296005e+01 -6.988275e+00 0.000000e+00
      vertex   2.274461e+01 -7.660465e+00 -1.900000e+01
      vertex   2.302071e+01 -6.785782e+00 -1.900000e+01
    endloop
  endfacet
  facet normal 9.620282e-01 -2.729500e-01 1.623823e-04
    outer loop
      vertex   2.296005e+01 -6.988275e+00 0.000000e+00
      vertex   2.302071e+01 -6.785782e+00 -1.900000e+01
      vertex   2.320897e+01 -6.110961e+00 0.000000e+00
    endloop
  endfacet
  facet normal 9.644240e-01 -2.643601e-01 -1.664419e-04
    outer loop
      vertex   2.320897e+01 -6.110961e+00 0.000000e+00
      vertex   2.302071e+01 -6.785782e+00 -1.900000e+01
      vertex   2.326319e+01 -5.901187e+00 -1.900000e+01
    endloop
  endfacet
  facet normal 9.717033e-01 -2.362048e-01 1.651865e-04
    outer loop
      vertex   2.320897e+01 -6.110961e+00 0.000000e+00
      vertex   2.326319e+01 -5.901187e+00 -1.900000e+01
      vertex   2.342437e+01 -5.224824e+00 0.000000e+00
    endloop
  endfacet
  facet normal 9.738211e-01 -2.273157e-01 -1.692154e-04
    outer loop
      vertex   2.342437e+01 -5.224824e+00 0.000000e+00
      vertex   2.326319e+01 -5.901187e+00 -1.900000e+01
      vertex   2.347169e+01 -5.007974e+00 -1.900000e+01
    endloop
  endfacet
  facet normal 9.799754e-01 -1.991186e-01 1.679295e-04
    outer loop
      vertex   2.342437e+01 -5.224824e+00 0.000000e+00
      vertex   2.347169e+01 -5.007974e+00 -1.900000e+01
      vertex   2.360596e+01 -4.331144e+00 0.000000e+00
    endloop
  endfacet
  facet normal 9.817958e-01 -1.899392e-01 -1.719277e-04
    outer loop
      vertex   2.360596e+01 -4.331144e+00 0.000000e+00
      vertex   2.347169e+01 -5.007974e+00 -1.900000e+01
      vertex   2.364591e+01 -4.107446e+00 -1.900000e+01
    endloop
  endfacet
  facet normal 9.868326e-01 -1.617449e-01 1.706112e-04
    outer loop
      vertex   2.360596e+01 -4.331144e+00 0.000000e+00
      vertex   2.364591e+01 -4.107446e+00 -1.900000e+01
      vertex   2.375346e+01 -3.431210e+00 0.000000e+00
    endloop
  endfacet
  facet normal 9.883365e-01 -1.522854e-01 -1.745788e-04
    outer loop
      vertex   2.375346e+01 -3.431210e+00 0.000000e+00
      vertex   2.364591e+01 -4.107446e+00 -1.900000e+01
      vertex   2.378559e+01 -3.200918e+00 -1.900000e+01
    endloop
  endfacet
  facet normal 9.922650e-01 -1.241376e-01 1.732316e-04
    outer loop
      vertex   2.375346e+01 -3.431210e+00 0.000000e+00
      vertex   2.378559e+01 -3.200918e+00 -1.900000e+01
      vertex   2.386667e+01 -2.526322e+00 0.000000e+00
    endloop
  endfacet
  facet normal 9.934337e-01 -1.144091e-01 -1.771687e-04
    outer loop
      vertex   2.386667e+01 -2.526322e+00 0.000000e+00
      vertex   2.378559e+01 -3.200918e+00 -1.900000e+01
      vertex   2.389053e+01 -2.289715e+00 -1.900000e+01
    endloop
  endfacet
  facet normal 9.962647e-01 -8.635117e-02 1.757908e-04
    outer loop
      vertex   2.386667e+01 -2.526322e+00 0.000000e+00
      vertex   2.389053e+01 -2.289715e+00 -1.900000e+01
      vertex   2.394541e+01 -1.617786e+00 0.000000e+00
    endloop
  endfacet
  facet normal 9.970799e-01 -7.636569e-02 -1.796972e-04
    outer loop
      vertex   2.394541e+01 -1.617786e+00 0.000000e+00
      vertex   2.389053e+01 -2.289715e+00 -1.900000e+01
      vertex   2.396057e+01 -1.375168e+00 -1.900000e+01
    endloop
  endfacet
  facet normal 9.988261e-01 -4.844001e-02 1.782888e-04
    outer loop
      vertex   2.394541e+01 -1.617786e+00 0.000000e+00
      vertex   2.396057e+01 -1.375168e+00 -1.900000e+01
      vertex   2.398959e+01 -7.069149e-01 0.000000e+00
    endloop
  endfacet
  facet normal 9.992697e-01 -3.821075e-02 -1.821646e-04
    outer loop
      vertex   2.398959e+01 -7.069149e-01 0.000000e+00
      vertex   2.396057e+01 -1.375168e+00 -1.900000e+01
      vertex   2.399562e+01 -4.586127e-01 -1.900000e+01
    endloop
  endfacet
  facet normal 9.999453e-01 -1.045893e-02 1.807255e-04
    outer loop
      vertex   2.398959e+01 -7.069149e-01 0.000000e+00
      vertex   2.399562e+01 -4.586127e-01 -1.900000e+01
      vertex   2.399912e+01 2.049771e-01 0.000000e+00
    endloop
  endfacet
  facet normal 1.000000e+00 0.000000e+00 -1.845707e-04
    outer loop
      vertex   2.399912e+01 2.049771e-01 0.000000e+00
      vertex   2.399562e+01 -4.586127e-01 -1.900000e+01
      vertex   2.399562e+01 4.586127e-01 -1.900000e+01
    endloop
  endfacet
  facet normal 9.996208e-01 2.753726e-02 1.831010e-04
    outer loop
      vertex   2.399912e+01 2.049771e-01 0.000000e+00
      vertex   2.399562e+01 4.586127e-01 -1.900000e+01
      vertex   2.397401e+01 1.116573e+00 0.000000e+00
    endloop
  endfacet
  facet normal 9.992697e-01 3.821075e-02 -1.869156e-04
    outer loop
      vertex   2.397401e+01 1.116573e+00 0.000000e+00
      vertex   2.399562e+01 4.586127e-01 -1.900000e+01
      vertex   2.396057e+01 1.375168e+00 -1.900000e+01
    endloop
  endfacet
  facet normal 9.978530e-01 6.549369e-02 1.854153e-04
    outer loop
      vertex   2.397401e+01 1.116573e+00 0.000000e+00
      vertex   2.396057e+01 1.375168e+00 -1.900000e+01
      vertex   2.391429e+01 2.026557e+00 0.000000e+00
    endloop
  endfacet
  facet normal 9.970799e-01 7.636569e-02 -1.891992e-04
    outer loop
      vertex   2.391429e+01 2.026557e+00 0.000000e+00
      vertex   2.396057e+01 1.375168e+00 -1.900000e+01
      vertex   2.389053e+01 2.289715e+00 -1.900000e+01
    endloop
  endfacet
  facet normal 9.946445e-01 1.033556e-01 1.876683e-04
    outer loop
      vertex   2.391429e+01 2.026557e+00 0.000000e+00
      vertex   2.389053e+01 2.289715e+00 -1.900000e+01
      vertex   2.382003e+01 2.933615e+00 0.000000e+00
    endloop
  endfacet
  facet normal 9.934337e-01 1.144091e-01 -1.914216e-04
    outer loop
      vertex   2.382003e+01 2.933615e+00 0.000000e+00
      vertex   2.389053e+01 2.289715e+00 -1.900000e+01
      vertex   2.378559e+01 3.200918e+00 -1.900000e+01
    endloop
  endfacet
  facet normal 9.899999e-01 1.410682e-01 1.898600e-04
    outer loop
      vertex   2.382003e+01 2.933615e+00 0.000000e+00
      vertex   2.378559e+01 3.200918e+00 -1.900000e+01
      vertex   2.369139e+01 3.836437e+00 0.000000e+00
    endloop
  endfacet
  facet normal 9.883365e-01 1.522854e-01 -1.935827e-04
    outer loop
      vertex   2.369139e+01 3.836437e+00 0.000000e+00
      vertex   2.378559e+01 3.200918e+00 -1.900000e+01
      vertex   2.364591e+01 4.107446e+00 -1.900000e+01
    endloop
  endfacet
  facet normal 9.839259e-01 1.785772e-01 1.919905e-04
    outer loop
      vertex   2.369139e+01 3.836437e+00 0.000000e+00
      vertex   2.364591e+01 4.107446e+00 -1.900000e+01
      vertex   2.352853e+01 4.733720e+00 0.000000e+00
    endloop
  endfacet
  facet normal 9.817958e-01 1.899392e-01 -1.956826e-04
    outer loop
      vertex   2.352853e+01 4.733720e+00 0.000000e+00
      vertex   2.364591e+01 4.107446e+00 -1.900000e+01
      vertex   2.347169e+01 5.007974e+00 -1.900000e+01
    endloop
  endfacet
  facet normal 9.764313e-01 2.158283e-01 1.940598e-04
    outer loop
      vertex   2.352853e+01 4.733720e+00 0.000000e+00
      vertex   2.347169e+01 5.007974e+00 -1.900000e+01
      vertex   2.333171e+01 5.624169e+00 0.000000e+00
    endloop
  endfacet
  facet normal 9.738211e-01 2.273157e-01 -1.977213e-04
    outer loop
      vertex   2.333171e+01 5.624169e+00 0.000000e+00
      vertex   2.347169e+01 5.007974e+00 -1.900000e+01
      vertex   2.326319e+01 5.901187e+00 -1.900000e+01
    endloop
  endfacet
  facet normal 9.675269e-01 2.527678e-01 1.960679e-04
    outer loop
      vertex   2.333171e+01 5.624169e+00 0.000000e+00
      vertex   2.326319e+01 5.901187e+00 -1.900000e+01
      vertex   2.310120e+01 6.506497e+00 0.000000e+00
    endloop
  endfacet
  facet normal 9.644240e-01 2.643601e-01 -1.996987e-04
    outer loop
      vertex   2.310120e+01 6.506497e+00 0.000000e+00
      vertex   2.326319e+01 5.901187e+00 -1.900000e+01
      vertex   2.302071e+01 6.785782e+00 -1.900000e+01
    endloop
  endfacet
  facet normal 9.572256e-01 2.893424e-01 1.980147e-04
    outer loop
      vertex   2.310120e+01 6.506497e+00 0.000000e+00
      vertex   2.302071e+01 6.785782e+00 -1.900000e+01
      vertex   2.283734e+01 7.379431e+00 0.000000e+00
    endloop
  endfacet
  facet normal 9.536183e-01 3.010184e-01 -2.016149e-04
    outer loop
      vertex   2.283734e+01 7.379431e+00 0.000000e+00
      vertex   2.302071e+01 6.785782e+00 -1.900000e+01
      vertex   2.274461e+01 7.660465e+00 -1.900000e+01
    endloop
  endfacet
  facet normal 9.455423e-01 3.254992e-01 1.999002e-04
    outer loop
      vertex   2.283734e+01 7.379431e+00 0.000000e+00
      vertex   2.274461e+01 7.660465e+00 -1.900000e+01
      vertex   2.254050e+01 8.241711e+00 0.000000e+00
    endloop
  endfacet
  facet normal 9.414197e-01 3.372371e-01 -2.034698e-04
    outer loop
      vertex   2.254050e+01 8.241711e+00 0.000000e+00
      vertex   2.274461e+01 7.660465e+00 -1.900000e+01
      vertex   2.243529e+01 8.523959e+00 -1.900000e+01
    endloop
  endfacet
  facet normal 9.324937e-01 3.611861e-01 2.017245e-04
    outer loop
      vertex   2.254050e+01 8.241711e+00 0.000000e+00
      vertex   2.243529e+01 8.523959e+00 -1.900000e+01
      vertex   2.221112e+01 9.092091e+00 0.000000e+00
    endloop
  endfacet
  facet normal 9.278461e-01 3.729631e-01 -2.052635e-04
    outer loop
      vertex   2.221112e+01 9.092091e+00 0.000000e+00
      vertex   2.243529e+01 8.523959e+00 -1.900000e+01
      vertex   2.209320e+01 9.375003e+00 -1.900000e+01
    endloop
  endfacet
  facet normal 9.180989e-01 3.963514e-01 2.034876e-04
    outer loop
      vertex   2.221112e+01 9.092091e+00 0.000000e+00
      vertex   2.209320e+01 9.375003e+00 -1.900000e+01
      vertex   2.184967e+01 9.929344e+00 0.000000e+00
    endloop
  endfacet
  facet normal 9.129173e-01 4.081445e-01 -2.069960e-04
    outer loop
      vertex   2.184967e+01 9.929344e+00 0.000000e+00
      vertex   2.209320e+01 9.375003e+00 -1.900000e+01
      vertex   2.171884e+01 1.021235e+01 -1.900000e+01
    endloop
  endfacet
  facet normal 9.023784e-01 4.309445e-01 2.051894e-04
    outer loop
      vertex   2.184967e+01 9.929344e+00 0.000000e+00
      vertex   2.171884e+01 1.021235e+01 -1.900000e+01
      vertex   2.145667e+01 1.075226e+01 0.000000e+00
    endloop
  endfacet
  facet normal 8.966551e-01 4.427296e-01 -2.086672e-04
    outer loop
      vertex   2.145667e+01 1.075226e+01 0.000000e+00
      vertex   2.171884e+01 1.021235e+01 -1.900000e+01
      vertex   2.131275e+01 1.103479e+01 -1.900000e+01
    endloop
  endfacet
  facet normal 8.853551e-01 4.649154e-01 2.068300e-04
    outer loop
      vertex   2.145667e+01 1.075226e+01 0.000000e+00
      vertex   2.131275e+01 1.103479e+01 -1.900000e+01
      vertex   2.103270e+01 1.155965e+01 0.000000e+00
    endloop
  endfacet
  facet normal 8.790833e-01 4.766682e-01 -2.102771e-04
    outer loop
      vertex   2.103270e+01 1.155965e+01 0.000000e+00
      vertex   2.131275e+01 1.103479e+01 -1.900000e+01
      vertex   2.087554e+01 1.184111e+01 -1.900000e+01
    endloop
  endfacet
  facet normal 8.670535e-01 4.982151e-01 2.084094e-04
    outer loop
      vertex   2.103270e+01 1.155965e+01 0.000000e+00
      vertex   2.087554e+01 1.184111e+01 -1.900000e+01
      vertex   2.057836e+01 1.235036e+01 0.000000e+00
    endloop
  endfacet
  facet normal 8.602274e-01 5.099105e-01 -2.118259e-04
    outer loop
      vertex   2.057836e+01 1.235036e+01 0.000000e+00
      vertex   2.087554e+01 1.184111e+01 -1.900000e+01
      vertex   2.040784e+01 1.263013e+01 -1.900000e+01
    endloop
  endfacet
  facet normal 8.475000e-01 5.307954e-01 2.099275e-04
    outer loop
      vertex   2.057836e+01 1.235036e+01 0.000000e+00
      vertex   2.040784e+01 1.263013e+01 -1.900000e+01
      vertex   2.009430e+01 1.312323e+01 0.000000e+00
    endloop
  endfacet
  facet normal 8.401151e-01 5.424081e-01 -2.133133e-04
    outer loop
      vertex   2.009430e+01 1.312323e+01 0.000000e+00
      vertex   2.040784e+01 1.263013e+01 -1.900000e+01
      vertex   1.991033e+01 1.340070e+01 -1.900000e+01
    endloop
  endfacet
  facet normal 8.267229e-01 5.626093e-01 2.113843e-04
    outer loop
      vertex   2.009430e+01 1.312323e+01 0.000000e+00
      vertex   1.991033e+01 1.340070e+01 -1.900000e+01
      vertex   1.958123e+01 1.387715e+01 0.000000e+00
    endloop
  endfacet
  facet normal 8.187758e-01 5.741134e-01 -2.147396e-04
    outer loop
      vertex   1.958123e+01 1.387715e+01 0.000000e+00
      vertex   1.991033e+01 1.340070e+01 -1.900000e+01
      vertex   1.938374e+01 1.415171e+01 -1.900000e+01
    endloop
  endfacet
  facet normal 8.047521e-01 5.936110e-01 2.127799e-04
    outer loop
      vertex   1.958123e+01 1.387715e+01 0.000000e+00
      vertex   1.938374e+01 1.415171e+01 -1.900000e+01
      vertex   1.903990e+01 1.461104e+01 0.000000e+00
    endloop
  endfacet
  facet normal 7.962405e-01 6.049801e-01 -2.161046e-04
    outer loop
      vertex   1.903990e+01 1.461104e+01 0.000000e+00
      vertex   1.938374e+01 1.415171e+01 -1.900000e+01
      vertex   1.882883e+01 1.488204e+01 -1.900000e+01
    endloop
  endfacet
  facet normal 7.816194e-01 6.237556e-01 2.141143e-04
    outer loop
      vertex   1.903990e+01 1.461104e+01 0.000000e+00
      vertex   1.882883e+01 1.488204e+01 -1.900000e+01
      vertex   1.847107e+01 1.532383e+01 0.000000e+00
    endloop
  endfacet
  facet normal 7.725423e-01 6.349633e-01 -2.174083e-04
    outer loop
      vertex   1.847107e+01 1.532383e+01 0.000000e+00
      vertex   1.882883e+01 1.488204e+01 -1.900000e+01
      vertex   1.824643e+01 1.559063e+01 -1.900000e+01
    endloop
  endfacet
  facet normal 7.573583e-01 6.529995e-01 2.153874e-04
    outer loop
      vertex   1.847107e+01 1.532383e+01 0.000000e+00
      vertex   1.824643e+01 1.559063e+01 -1.900000e+01
      vertex   1.787557e+01 1.601449e+01 0.000000e+00
    endloop
  endfacet
  facet normal 7.477157e-01 6.640190e-01 -2.186508e-04
    outer loop
      vertex   1.787557e+01 1.601449e+01 0.000000e+00
      vertex   1.824643e+01 1.559063e+01 -1.900000e+01
      vertex   1.763737e+01 1.627646e+01 -1.900000e+01
    endloop
  endfacet
  facet normal 7.320036e-01 6.813007e-01 2.165993e-04
    outer loop
      vertex   1.787557e+01 1.601449e+01 0.000000e+00
      vertex   1.763737e+01 1.627646e+01 -1.900000e+01
      vertex   1.725426e+01 1.668204e+01 0.000000e+00
    endloop
  endfacet
  facet normal 7.217970e-01 6.921048e-01 -2.198321e-04
    outer loop
      vertex   1.725426e+01 1.668204e+01 0.000000e+00
      vertex   1.763737e+01 1.627646e+01 -1.900000e+01
      vertex   1.700256e+01 1.693851e+01 -1.900000e+01
    endloop
  endfacet
  facet normal 7.055921e-01 7.086182e-01 2.177500e-04
    outer loop
      vertex   1.725426e+01 1.668204e+01 0.000000e+00
      vertex   1.700256e+01 1.693851e+01 -1.900000e+01
      vertex   1.660804e+01 1.732550e+01 0.000000e+00
    endloop
  endfacet
  facet normal 6.948240e-01 7.191798e-01 -2.209521e-04
    outer loop
      vertex   1.660804e+01 1.732550e+01 0.000000e+00
      vertex   1.700256e+01 1.693851e+01 -1.900000e+01
      vertex   1.634291e+01 1.757582e+01 -1.900000e+01
    endloop
  endfacet
  facet normal 6.781618e-01 7.349126e-01 2.188394e-04
    outer loop
      vertex   1.660804e+01 1.732550e+01 0.000000e+00
      vertex   1.634291e+01 1.757582e+01 -1.900000e+01
      vertex   1.593785e+01 1.794394e+01 0.000000e+00
    endloop
  endfacet
  facet normal 6.668362e-01 7.452043e-01 -2.220109e-04
    outer loop
      vertex   1.593785e+01 1.794394e+01 0.000000e+00
      vertex   1.634291e+01 1.757582e+01 -1.900000e+01
      vertex   1.565939e+01 1.818746e+01 -1.900000e+01
    endloop
  endfacet
  facet normal 6.497523e-01 7.601459e-01 2.198675e-04
    outer loop
      vertex   1.593785e+01 1.794394e+01 0.000000e+00
      vertex   1.565939e+01 1.818746e+01 -1.900000e+01
      vertex   1.524464e+01 1.853648e+01 0.000000e+00
    endloop
  endfacet
  facet normal 6.378744e-01 7.701404e-01 -2.230084e-04
    outer loop
      vertex   1.524464e+01 1.853648e+01 0.000000e+00
      vertex   1.565939e+01 1.818746e+01 -1.900000e+01
      vertex   1.495299e+01 1.877253e+01 -1.900000e+01
    endloop
  endfacet
  facet normal 6.204048e-01 7.842817e-01 2.208344e-04
    outer loop
      vertex   1.524464e+01 1.853648e+01 0.000000e+00
      vertex   1.495299e+01 1.877253e+01 -1.900000e+01
      vertex   1.452942e+01 1.910225e+01 0.000000e+00
    endloop
  endfacet
  facet normal 6.079809e-01 7.939516e-01 -2.239447e-04
    outer loop
      vertex   1.452942e+01 1.910225e+01 0.000000e+00
      vertex   1.495299e+01 1.877253e+01 -1.900000e+01
      vertex   1.422476e+01 1.933019e+01 -1.900000e+01
    endloop
  endfacet
  facet normal 5.901615e-01 8.072852e-01 2.217401e-04
    outer loop
      vertex   1.452942e+01 1.910225e+01 0.000000e+00
      vertex   1.422476e+01 1.933019e+01 -1.900000e+01
      vertex   1.379322e+01 1.964044e+01 0.000000e+00
    endloop
  endfacet
  facet normal 5.771994e-01 8.166032e-01 -2.248198e-04
    outer loop
      vertex   1.379322e+01 1.964044e+01 0.000000e+00
      vertex   1.422476e+01 1.933019e+01 -1.900000e+01
      vertex   1.347575e+01 1.985961e+01 -1.900000e+01
    endloop
  endfacet
  facet normal 5.590661e-01 8.291231e-01 2.225845e-04
    outer loop
      vertex   1.379322e+01 1.964044e+01 0.000000e+00
      vertex   1.347575e+01 1.985961e+01 -1.900000e+01
      vertex   1.303711e+01 2.015028e+01 0.000000e+00
    endloop
  endfacet
  facet normal 5.455749e-01 8.380621e-01 -2.256336e-04
    outer loop
      vertex   1.303711e+01 2.015028e+01 0.000000e+00
      vertex   1.347575e+01 1.985961e+01 -1.900000e+01
      vertex   1.270706e+01 2.036003e+01 -1.900000e+01
    endloop
  endfacet
  facet normal 5.271635e-01 8.497638e-01 2.233677e-04
    outer loop
      vertex   1.303711e+01 2.015028e+01 0.000000e+00
      vertex   1.270706e+01 2.036003e+01 -1.900000e+01
      vertex   1.226217e+01 2.063102e+01 0.000000e+00
    endloop
  endfacet
  facet normal 5.131534e-01 8.582969e-01 -2.263861e-04
    outer loop
      vertex   1.226217e+01 2.063102e+01 0.000000e+00
      vertex   1.270706e+01 2.036003e+01 -1.900000e+01
      vertex   1.191981e+01 2.083070e+01 -1.900000e+01
    endloop
  endfacet
  facet normal 4.944998e-01 8.691777e-01 2.240897e-04
    outer loop
      vertex   1.226217e+01 2.063102e+01 0.000000e+00
      vertex   1.191981e+01 2.083070e+01 -1.900000e+01
      vertex   1.146953e+01 2.108198e+01 0.000000e+00
    endloop
  endfacet
  facet normal 4.799825e-01 8.772780e-01 -2.270775e-04
    outer loop
      vertex   1.146953e+01 2.108198e+01 0.000000e+00
      vertex   1.191981e+01 2.083070e+01 -1.900000e+01
      vertex   1.111515e+01 2.127095e+01 -1.900000e+01
    endloop
  endfacet
  facet normal 4.611222e-01 8.873366e-01 2.247504e-04
    outer loop
      vertex   1.146953e+01 2.108198e+01 0.000000e+00
      vertex   1.111515e+01 2.127095e+01 -1.900000e+01
      vertex   1.066033e+01 2.150249e+01 0.000000e+00
    endloop
  endfacet
  facet normal 4.461105e-01 8.949778e-01 -2.277075e-04
    outer loop
      vertex   1.066033e+01 2.150249e+01 0.000000e+00
      vertex   1.111515e+01 2.127095e+01 -1.900000e+01
      vertex   1.029425e+01 2.168014e+01 -1.900000e+01
    endloop
  endfacet
  facet normal 4.270787e-01 9.042144e-01 2.253498e-04
    outer loop
      vertex   1.066033e+01 2.150249e+01 0.000000e+00
      vertex   1.029425e+01 2.168014e+01 -1.900000e+01
      vertex   9.835744e+00 2.189197e+01 0.000000e+00
    endloop
  endfacet
  facet normal 4.115870e-01 9.113705e-01 -2.282764e-04
    outer loop
      vertex   9.835744e+00 2.189197e+01 0.000000e+00
      vertex   1.029425e+01 2.168014e+01 -1.900000e+01
      vertex   9.458318e+00 2.205766e+01 -1.900000e+01
    endloop
  endfacet
  facet normal 3.924186e-01 9.197867e-01 2.258880e-04
    outer loop
      vertex   9.835744e+00 2.189197e+01 0.000000e+00
      vertex   9.458318e+00 2.205766e+01 -1.900000e+01
      vertex   8.996952e+00 2.224983e+01 0.000000e+00
    endloop
  endfacet
  facet normal 3.764622e-01 9.264319e-01 -2.287840e-04
    outer loop
      vertex   8.996952e+00 2.224983e+01 0.000000e+00
      vertex   9.458318e+00 2.205766e+01 -1.900000e+01
      vertex   8.608571e+00 2.240296e+01 -1.900000e+01
    endloop
  endfacet
  facet normal 3.571920e-01 9.340310e-01 2.263650e-04
    outer loop
      vertex   8.996952e+00 2.224983e+01 0.000000e+00
      vertex   8.608571e+00 2.240296e+01 -1.900000e+01
      vertex   8.145170e+00 2.257557e+01 0.000000e+00
    endloop
  endfacet
  facet normal 3.407877e-01 9.401403e-01 -2.292303e-04
    outer loop
      vertex   8.145170e+00 2.257557e+01 0.000000e+00
      vertex   8.608571e+00 2.240296e+01 -1.900000e+01
      vertex   7.746250e+00 2.271554e+01 -1.900000e+01
    endloop
  endfacet
  facet normal 3.214496e-01 9.469266e-01 2.267807e-04
    outer loop
      vertex   8.145170e+00 2.257557e+01 0.000000e+00
      vertex   7.746250e+00 2.271554e+01 -1.900000e+01
      vertex   7.281628e+00 2.286871e+01 0.000000e+00
    endloop
  endfacet
  facet normal 3.046153e-01 9.524754e-01 -2.296154e-04
    outer loop
      vertex   7.281628e+00 2.286871e+01 0.000000e+00
      vertex   7.746250e+00 2.271554e+01 -1.900000e+01
      vertex   6.872616e+00 2.299494e+01 -1.900000e+01
    endloop
  endfacet
  facet normal 2.852432e-01 9.584552e-01 2.271352e-04
    outer loop
      vertex   7.281628e+00 2.286871e+01 0.000000e+00
      vertex   6.872616e+00 2.299494e+01 -1.900000e+01
      vertex   6.407573e+00 2.312884e+01 0.000000e+00
    endloop
  endfacet
  facet normal 2.679981e-01 9.634194e-01 -2.299393e-04
    outer loop
      vertex   6.407573e+00 2.312884e+01 0.000000e+00
      vertex   6.872616e+00 2.299494e+01 -1.900000e+01
      vertex   5.988943e+00 2.324075e+01 -1.900000e+01
    endloop
  endfacet
  facet normal 2.486248e-01 9.685998e-01 2.274284e-04
    outer loop
      vertex   6.407573e+00 2.312884e+01 0.000000e+00
      vertex   5.988943e+00 2.324075e+01 -1.900000e+01
      vertex   5.524266e+00 2.335557e+01 0.000000e+00
    endloop
  endfacet
  facet normal 2.309894e-01 9.729562e-01 -2.302019e-04
    outer loop
      vertex   5.524266e+00 2.335557e+01 0.000000e+00
      vertex   5.988943e+00 2.324075e+01 -1.900000e+01
      vertex   5.096522e+00 2.345262e+01 -1.900000e+01
    endloop
  endfacet
  facet normal 2.116476e-01 9.773460e-01 2.276604e-04
    outer loop
      vertex   5.524266e+00 2.335557e+01 0.000000e+00
      vertex   5.096522e+00 2.345262e+01 -1.900000e+01
      vertex   4.632983e+00 2.354858e+01 0.000000e+00
    endloop
  endfacet
  facet normal 1.936433e-01 9.810720e-01 -2.304032e-04
    outer loop
      vertex   4.632983e+00 2.354858e+01 0.000000e+00
      vertex   5.096522e+00 2.345262e+01 -1.900000e+01
      vertex   4.196658e+00 2.363024e+01 -1.900000e+01
    endloop
  endfacet
  facet normal 1.743647e-01 9.846811e-01 2.278312e-04
    outer loop
      vertex   4.632983e+00 2.354858e+01 0.000000e+00
      vertex   4.196658e+00 2.363024e+01 -1.900000e+01
      vertex   3.735011e+00 2.370759e+01 0.000000e+00
    endloop
  endfacet
  facet normal 1.560144e-01 9.877548e-01 -2.305434e-04
    outer loop
      vertex   3.735011e+00 2.370759e+01 0.000000e+00
      vertex   4.196658e+00 2.363024e+01 -1.900000e+01
      vertex   3.290664e+00 2.377334e+01 -1.900000e+01
    endloop
  endfacet
  facet normal 1.368301e-01 9.905945e-01 2.279407e-04
    outer loop
      vertex   3.735011e+00 2.370759e+01 0.000000e+00
      vertex   3.290664e+00 2.377334e+01 -1.900000e+01
      vertex   2.831647e+00 2.383237e+01 0.000000e+00
    endloop
  endfacet
  facet normal 1.181576e-01 9.929948e-01 -2.306223e-04
    outer loop
      vertex   2.831647e+00 2.383237e+01 0.000000e+00
      vertex   3.290664e+00 2.377334e+01 -1.900000e+01
      vertex   2.379864e+00 2.388171e+01 -1.900000e+01
    endloop
  endfacet
  facet normal 9.909789e-02 9.950777e-01 2.279889e-04
    outer loop
      vertex   2.831647e+00 2.383237e+01 0.000000e+00
      vertex   2.379864e+00 2.388171e+01 -1.900000e+01
      vertex   1.924194e+00 2.392274e+01 0.000000e+00
    endloop
  endfacet
  facet normal 8.012821e-02 9.967845e-01 -2.306399e-04
    outer loop
      vertex   1.924194e+00 2.392274e+01 0.000000e+00
      vertex   2.379864e+00 2.388171e+01 -1.900000e+01
      vertex   1.465588e+00 2.395521e+01 -1.900000e+01
    endloop
  endfacet
  facet normal 6.122264e-02 9.981241e-01 2.279760e-04
    outer loop
      vertex   1.924194e+00 2.392274e+01 0.000000e+00
      vertex   1.465588e+00 2.395521e+01 -1.900000e+01
      vertex   1.013963e+00 2.397857e+01 0.000000e+00
    endloop
  endfacet
  facet normal 4.198181e-02 9.991183e-01 -2.305963e-04
    outer loop
      vertex   1.013963e+00 2.397857e+01 0.000000e+00
      vertex   1.465588e+00 2.395521e+01 -1.900000e+01
      vertex   5.491711e-01 2.399372e+01 -1.900000e+01
    endloop
  endfacet
  facet normal 2.325899e-02 9.997294e-01 2.279017e-04
    outer loop
      vertex   1.013963e+00 2.397857e+01 0.000000e+00
      vertex   5.491711e-01 2.399372e+01 -1.900000e+01
      vertex   1.022674e-01 2.399978e+01 0.000000e+00
    endloop
  endfacet
  facet normal 3.774091e-03 9.999929e-01 -2.304914e-04
    outer loop
      vertex   1.022674e-01 2.399978e+01 0.000000e+00
      vertex   5.491711e-01 2.399372e+01 -1.900000e+01
      vertex   -3.680478e-01 2.399718e+01 -1.900000e+01
    endloop
  endfacet
  facet normal -1.473824e-02 9.998914e-01 2.277663e-04
    outer loop
      vertex   1.022674e-01 2.399978e+01 0.000000e+00
      vertex   -3.680478e-01 2.399718e+01 -1.900000e+01
      vertex   -8.095754e-01 2.398634e+01 0.000000e+00
    endloop
  endfacet
  facet normal -3.443914e-02 9.994068e-01 -2.303254e-04
    outer loop
      vertex   -8.095754e-01 2.398634e+01 0.000000e+00
      vertex   -3.680478e-01 2.399718e+01 -1.900000e+01
      vertex   -1.284729e+00 2.396559e+01 -1.900000e+01
    endloop
  endfacet
  facet normal -5.271419e-02 9.986096e-01 2.275696e-04
    outer loop
      vertex   -8.095754e-01 2.398634e+01 0.000000e+00
      vertex   -1.284729e+00 2.396559e+01 -1.900000e+01
      vertex   -1.720249e+00 2.393827e+01 0.000000e+00
    endloop
  endfacet
  facet normal -7.260207e-02 9.973610e-01 -2.300980e-04
    outer loop
      vertex   -1.720249e+00 2.393827e+01 0.000000e+00
      vertex   -1.284729e+00 2.396559e+01 -1.900000e+01
      vertex   -2.199534e+00 2.389900e+01 -1.900000e+01
    endloop
  endfacet
  facet normal -9.061403e-02 9.958861e-01 2.273116e-04
    outer loop
      vertex   -1.720249e+00 2.393827e+01 0.000000e+00
      vertex   -2.199534e+00 2.389900e+01 -1.900000e+01
      vertex   -2.628439e+00 2.385563e+01 0.000000e+00
    endloop
  endfacet
  facet normal -1.106590e-01 9.938584e-01 -2.298094e-04
    outer loop
      vertex   -2.628439e+00 2.385563e+01 0.000000e+00
      vertex   -2.199534e+00 2.389900e+01 -1.900000e+01
      vertex   -3.111126e+00 2.379750e+01 -1.900000e+01
    endloop
  endfacet
  facet normal -1.283830e-01 9.917246e-01 2.269924e-04
    outer loop
      vertex   -2.628439e+00 2.385563e+01 0.000000e+00
      vertex   -3.111126e+00 2.379750e+01 -1.900000e+01
      vertex   -3.532835e+00 2.373856e+01 0.000000e+00
    endloop
  endfacet
  facet normal -1.485542e-01 9.889042e-01 -2.294596e-04
    outer loop
      vertex   -3.532835e+00 2.373856e+01 0.000000e+00
      vertex   -3.111126e+00 2.379750e+01 -1.900000e+01
      vertex   -4.018175e+00 2.366124e+01 -1.900000e+01
    endloop
  endfacet
  facet normal -1.659667e-01 9.861313e-01 2.266120e-04
    outer loop
      vertex   -3.532835e+00 2.373856e+01 0.000000e+00
      vertex   -4.018175e+00 2.366124e+01 -1.900000e+01
      vertex   -4.432129e+00 2.358720e+01 0.000000e+00
    endloop
  endfacet
  facet normal -1.862325e-01 9.825057e-01 -2.290486e-04
    outer loop
      vertex   -4.432129e+00 2.358720e+01 0.000000e+00
      vertex   -4.018175e+00 2.366124e+01 -1.900000e+01
      vertex   -4.919354e+00 2.349042e+01 -1.900000e+01
    endloop
  endfacet
  facet normal -2.033107e-01 9.791142e-01 2.261703e-04
    outer loop
      vertex   -4.432129e+00 2.358720e+01 0.000000e+00
      vertex   -4.919354e+00 2.349042e+01 -1.900000e+01
      vertex   -5.325024e+00 2.340180e+01 0.000000e+00
    endloop
  endfacet
  facet normal -2.134325e-01 9.769578e-01 0.000000e+00
    outer loop
      vertex   -5.325024e+00 2.340180e+01 0.000000e+00
      vertex   -4.919354e+00 2.349042e+01 -1.900000e+01
      vertex   -5.325024e+00 2.340180e+01 -6.000000e+00
    endloop
  endfacet
  facet normal -2.236388e-01 9.746720e-01 -3.340730e-04
    outer loop
      vertex   -5.325024e+00 2.340180e+01 -6.000000e+00
      vertex   -4.919354e+00 2.349042e+01 -1.900000e+01
      vertex   -5.813348e+00 2.328530e+01 -1.900000e+01
    endloop
  endfacet
  facet normal -2.252741e-01 9.742954e-01 -2.692683e-04
    outer loop
      vertex   -5.325024e+00 2.340180e+01 -6.000000e+00
      vertex   -5.813348e+00 2.328530e+01 -1.900000e+01
      vertex   -5.488068e+00 2.336410e+01 -6.000000e+00
    endloop
  endfacet
  facet normal -2.320621e-01 9.727010e-01 -8.975755e-05
    outer loop
      vertex   -5.488068e+00 2.336410e+01 -6.000000e+00
      vertex   -5.813348e+00 2.328530e+01 -1.900000e+01
      vertex   -5.650845e+00 2.332526e+01 -6.000000e+00
    endloop
  endfacet
  facet normal -2.388388e-01 9.710592e-01 1.049892e-19
    outer loop
      vertex   -5.650845e+00 2.332526e+01 -6.000000e+00
      vertex   -5.813348e+00 2.328530e+01 -1.900000e+01
      vertex   -5.813348e+00 2.328530e+01 -6.000000e+00
    endloop
  endfacet
  facet normal -1.000000e+00 0.000000e+00 0.000000e+00
    outer loop
      vertex   -3.900000e+01 3.750000e+00 -2.000000e+01
      vertex   -3.900000e+01 3.750000e+00 -1.200000e+01
      vertex   -3.900000e+01 1.396931e+01 -2.000000e+01
    endloop
  endfacet
  facet normal -1.000000e+00 0.000000e+00 0.000000e+00
    outer loop
      vertex   -3.900000e+01 1.396931e+01 -2.000000e+01
      vertex   -3.900000e+01 3.750000e+00 -1.200000e+01
      vertex   -3.900000e+01 1.500000e+01 -1.900000e+01
    endloop
  endfacet
  facet normal -1.000000e+00 0.000000e+00 0.000000e+00
    outer loop
      vertex   -3.900000e+01 1.500000e+01 -1.900000e+01
      vertex   -3.900000e+01 3.750000e+00 -1.200000e+01
      vertex   -3.900000e+01 1.500000e+01 8.500000e+00
    endloop
  endfacet
  facet normal -1.000000e+00 0.000000e+00 0.000000e+00
    outer loop
      vertex   -3.900000e+01 1.500000e+01 8.500000e+00
      vertex   -3.900000e+01 3.750000e+00 -1.200000e+01
      vertex   -3.900000e+01 2.123670e+00 3.207064e+00
    endloop
  endfacet
  facet normal -1.000000e+00 0.000000e+00 0.000000e+00
    outer loop
      vertex   -3.900000e+01 1.500000e+01 8.500000e+00
      vertex   -3.900000e+01 2.123670e+00 3.207064e+00
      vertex   -3.900000e+01 2.285708e+00 3.459201e+00
    endloop
  endfacet
  facet normal -1.000000e+00 0.000000e+00 0.000000e+00
    outer loop
      vertex   -3.900000e+01 -3.750000e+00 -1.200000e+01
      vertex   -3.900000e+01 7.495963e-02 2.126070e+00
      vertex   -3.900000e+01 3.750000e+00 -1.200000e+01
    endloop
  endfacet
  facet normal -1.000000e+00 0.000000e+00 0.000000e+00
    outer loop
      vertex   -3.900000e+01 3.750000e+00 -1.200000e+01
      vertex   -3.900000e+01 7.495963e-02 2.126070e+00
      vertex   -3.900000e+01 3.735765e-01 2.151719e+00
    endloop
  endfacet
  facet normal -1.000000e+00 0.000000e+00 0.000000e+00
    outer loop
      vertex   -3.900000e+01 3.750000e+00 -1.200000e+01
      vertex   -3.900000e+01 3.735765e-01 2.151719e+00
      vertex   -3.900000e+01 6.673231e-01 2.211240e+00
    endloop
  endfacet
  facet normal -1.000000e+00 0.000000e+00 0.000000e+00
    outer loop
      vertex   -3.900000e+01 -3.750000e+00 -2.000000e+01
      vertex   -3.900000e+01 -1.396931e+01 -2.000000e+01
      vertex   -3.900000e+01 -3.750000e+00 -1.200000e+01
    endloop
  endfacet
  facet normal -1.000000e+00 0.000000e+00 0.000000e+00
    outer loop
      vertex   -3.900000e+01 -3.750000e+00 -1.200000e+01
      vertex   -3.900000e+01 -1.396931e+01 -2.000000e+01
      vertex   -3.900000e+01 -1.500000e+01 -1.900000e+01
    endloop
  endfacet
  facet normal -1.000000e+00 -0.000000e+00 0.000000e+00
    outer loop
      vertex   -3.900000e+01 -3.750000e+00 -1.200000e+01
      vertex   -3.900000e+01 -1.500000e+01 -1.900000e+01
      vertex   -3.900000e+01 -1.500000e+01 8.500000e+00
    endloop
  endfacet
  facet normal -1.000000e+00 -0.000000e+00 0.000000e+00
    outer loop
      vertex   -3.900000e+01 1.500000e+01 8.500000e+00
      vertex   -3.900000e+01 7.495963e-02 7.373930e+00
      vertex   -3.900000e+01 -1.500000e+01 8.500000e+00
    endloop
  endfacet
  facet normal -1.000000e+00 0.000000e+00 0.000000e+00
    outer loop
      vertex   -3.900000e+01 -1.500000e+01 8.500000e+00
      vertex   -3.900000e+01 7.495963e-02 7.373930e+00
      vertex   -3.900000e+01 -2.246344e-01 7.365371e+00
    endloop
  endfacet
  facet normal -1.000000e+00 0.000000e+00 0.000000e+00
    outer loop
      vertex   -3.900000e+01 -1.500000e+01 8.500000e+00
      vertex   -3.900000e+01 -2.246344e-01 7.365371e+00
      vertex   -3.900000e+01 -5.213000e-01 7.322717e+00
    endloop
  endfacet
  facet normal -1.000000e+00 -0.000000e+00 0.000000e+00
    outer loop
      vertex   -3.900000e+01 -2.607890e+00 5.049227e+00
      vertex   -3.900000e+01 -2.625000e+00 4.750000e+00
      vertex   -3.900000e+01 -1.500000e+01 8.500000e+00
    endloop
  endfacet
  facet normal -1.000000e+00 0.000000e+00 0.000000e+00
    outer loop
      vertex   -3.900000e+01 -1.500000e+01 8.500000e+00
      vertex   -3.900000e+01 -2.625000e+00 4.750000e+00
      vertex   -3.900000e+01 -2.607890e+00 4.450773e+00
    endloop
  endfacet
  facet normal -1.000000e+00 0.000000e+00 0.000000e+00
    outer loop
      vertex   -3.900000e+01 -1.500000e+01 8.500000e+00
      vertex   -3.900000e+01 -2.607890e+00 4.450773e+00
      vertex   -3.900000e+01 -2.556781e+00 4.155446e+00
    endloop
  endfacet
  facet normal -1.000000e+00 -0.000000e+00 -0.000000e+00
    outer loop
      vertex   -3.900000e+01 -2.556781e+00 4.155446e+00
      vertex   -3.900000e+01 -2.472341e+00 3.867870e+00
      vertex   -3.900000e+01 -1.500000e+01 8.500000e+00
    endloop
  endfacet
  facet normal -1.000000e+00 0.000000e+00 0.000000e+00
    outer loop
      vertex   -3.900000e+01 -1.500000e+01 8.500000e+00
      vertex   -3.900000e+01 -2.472341e+00 3.867870e+00
      vertex   -3.900000e+01 -2.355671e+00 3.591795e+00
    endloop
  endfacet
  facet normal -1.000000e+00 0.000000e+00 0.000000e+00
    outer loop
      vertex   -3.900000e+01 -1.500000e+01 8.500000e+00
      vertex   -3.900000e+01 -2.355671e+00 3.591795e+00
      vertex   -3.900000e+01 -2.208291e+00 3.330818e+00
    endloop
  endfacet
  facet normal -1.000000e+00 0.000000e+00 0.000000e+00
    outer loop
      vertex   -3.900000e+01 -1.500000e+01 8.500000e+00
      vertex   -3.900000e+01 -2.208291e+00 3.330818e+00
      vertex   -3.900000e+01 -3.750000e+00 -1.200000e+01
    endloop
  endfacet
  facet normal -1.000000e+00 0.000000e+00 0.000000e+00
    outer loop
      vertex   -3.900000e+01 -3.750000e+00 -1.200000e+01
      vertex   -3.900000e+01 -2.208291e+00 3.330818e+00
      vertex   -3.900000e+01 -2.032122e+00 3.088342e+00
    endloop
  endfacet
  facet normal -1.000000e+00 0.000000e+00 0.000000e+00
    outer loop
      vertex   -3.900000e+01 -3.750000e+00 -1.200000e+01
      vertex   -3.900000e+01 -2.032122e+00 3.088342e+00
      vertex   -3.900000e+01 -1.829461e+00 2.867529e+00
    endloop
  endfacet
  facet normal -1.000000e+00 0.000000e+00 -0.000000e+00
    outer loop
      vertex   -3.900000e+01 -1.829461e+00 2.867529e+00
      vertex   -3.900000e+01 -1.602951e+00 2.671257e+00
      vertex   -3.900000e+01 -3.750000e+00 -1.200000e+01
    endloop
  endfacet
  facet normal -1.000000e+00 0.000000e+00 0.000000e+00
    outer loop
      vertex   -3.900000e+01 -3.750000e+00 -1.200000e+01
      vertex   -3.900000e+01 -1.602951e+00 2.671257e+00
      vertex   -3.900000e+01 -1.355543e+00 2.502084e+00
    endloop
  endfacet
  facet normal -1.000000e+00 0.000000e+00 0.000000e+00
    outer loop
      vertex   -3.900000e+01 -3.750000e+00 -1.200000e+01
      vertex   -3.900000e+01 -1.355543e+00 2.502084e+00
      vertex   -3.900000e+01 -1.090464e+00 2.362216e+00
    endloop
  endfacet
  facet normal -1.000000e+00 0.000000e+00 -0.000000e+00
    outer loop
      vertex   -3.900000e+01 -1.090464e+00 2.362216e+00
      vertex   -3.900000e+01 -8.111696e-01 2.253477e+00
      vertex   -3.900000e+01 -3.750000e+00 -1.200000e+01
    endloop
  endfacet
  facet normal -1.000000e+00 0.000000e+00 0.000000e+00
    outer loop
      vertex   -3.900000e+01 -3.750000e+00 -1.200000e+01
      vertex   -3.900000e+01 -8.111696e-01 2.253477e+00
      vertex   -3.900000e+01 -5.213000e-01 2.177283e+00
    endloop
  endfacet
  facet normal -1.000000e+00 0.000000e+00 0.000000e+00
    outer loop
      vertex   -3.900000e+01 -3.750000e+00 -1.200000e+01
      vertex   -3.900000e+01 -5.213000e-01 2.177283e+00
      vertex   -3.900000e+01 -2.246344e-01 2.134629e+00
    endloop
  endfacet
  facet normal -1.000000e+00 0.000000e+00 -0.000000e+00
    outer loop
      vertex   -3.900000e+01 -2.246344e-01 2.134629e+00
      vertex   -3.900000e+01 7.495963e-02 2.126070e+00
      vertex   -3.900000e+01 -3.750000e+00 -1.200000e+01
    endloop
  endfacet
  facet normal -1.000000e+00 0.000000e+00 0.000000e+00
    outer loop
      vertex   -3.900000e+01 6.673231e-01 2.211240e+00
      vertex   -3.900000e+01 9.523702e-01 2.303857e+00
      vertex   -3.900000e+01 3.750000e+00 -1.200000e+01
    endloop
  endfacet
  facet normal -1.000000e+00 0.000000e+00 0.000000e+00
    outer loop
      vertex   -3.900000e+01 3.750000e+00 -1.200000e+01
      vertex   -3.900000e+01 9.523702e-01 2.303857e+00
      vertex   -3.900000e+01 1.225002e+00 2.428364e+00
    endloop
  endfacet
  facet normal -1.000000e+00 0.000000e+00 0.000000e+00
    outer loop
      vertex   -3.900000e+01 3.750000e+00 -1.200000e+01
      vertex   -3.900000e+01 1.225002e+00 2.428364e+00
      vertex   -3.900000e+01 1.481663e+00 2.583136e+00
    endloop
  endfacet
  facet normal -1.000000e+00 0.000000e+00 0.000000e+00
    outer loop
      vertex   -3.900000e+01 1.481663e+00 2.583136e+00
      vertex   -3.900000e+01 1.719009e+00 2.766157e+00
      vertex   -3.900000e+01 3.750000e+00 -1.200000e+01
    endloop
  endfacet
  facet normal -1.000000e+00 0.000000e+00 0.000000e+00
    outer loop
      vertex   -3.900000e+01 3.750000e+00 -1.200000e+01
      vertex   -3.900000e+01 1.719009e+00 2.766157e+00
      vertex   -3.900000e+01 1.933945e+00 2.975041e+00
    endloop
  endfacet
  facet normal -1.000000e+00 0.000000e+00 0.000000e+00
    outer loop
      vertex   -3.900000e+01 3.750000e+00 -1.200000e+01
      vertex   -3.900000e+01 1.933945e+00 2.975041e+00
      vertex   -3.900000e+01 2.123670e+00 3.207064e+00
    endloop
  endfacet
  facet normal -1.000000e+00 0.000000e+00 0.000000e+00
    outer loop
      vertex   -3.900000e+01 2.285708e+00 3.459201e+00
      vertex   -3.900000e+01 2.417950e+00 3.728166e+00
      vertex   -3.900000e+01 1.500000e+01 8.500000e+00
    endloop
  endfacet
  facet normal -1.000000e+00 0.000000e+00 0.000000e+00
    outer loop
      vertex   -3.900000e+01 1.500000e+01 8.500000e+00
      vertex   -3.900000e+01 2.417950e+00 3.728166e+00
      vertex   -3.900000e+01 2.518669e+00 4.010452e+00
    endloop
  endfacet
  facet normal -1.000000e+00 0.000000e+00 0.000000e+00
    outer loop
      vertex   -3.900000e+01 1.500000e+01 8.500000e+00
      vertex   -3.900000e+01 2.518669e+00 4.010452e+00
      vertex   -3.900000e+01 2.586554e+00 4.302379e+00
    endloop
  endfacet
  facet normal -1.000000e+00 0.000000e+00 0.000000e+00
    outer loop
      vertex   -3.900000e+01 2.586554e+00 4.302379e+00
      vertex   -3.900000e+01 2.620719e+00 4.600142e+00
      vertex   -3.900000e+01 1.500000e+01 8.500000e+00
    endloop
  endfacet
  facet normal -1.000000e+00 0.000000e+00 0.000000e+00
    outer loop
      vertex   -3.900000e+01 1.500000e+01 8.500000e+00
      vertex   -3.900000e+01 2.620719e+00 4.600142e+00
      vertex   -3.900000e+01 2.620719e+00 4.899858e+00
    endloop
  endfacet
  facet normal -1.000000e+00 0.000000e+00 0.000000e+00
    outer loop
      vertex   -3.900000e+01 1.500000e+01 8.500000e+00
      vertex   -3.900000e+01 2.620719e+00 4.899858e+00
      vertex   -3.900000e+01 2.586554e+00 5.197621e+00
    endloop
  endfacet
  facet normal -1.000000e+00 0.000000e+00 0.000000e+00
    outer loop
      vertex   -3.900000e+01 2.586554e+00 5.197621e+00
      vertex   -3.900000e+01 2.518669e+00 5.489548e+00
      vertex   -3.900000e+01 1.500000e+01 8.500000e+00
    endloop
  endfacet
  facet normal -1.000000e+00 0.000000e+00 0.000000e+00
    outer loop
      vertex   -3.900000e+01 1.500000e+01 8.500000e+00
      vertex   -3.900000e+01 2.518669e+00 5.489548e+00
      vertex   -3.900000e+01 2.417950e+00 5.771834e+00
    endloop
  endfacet
  facet normal -1.000000e+00 0.000000e+00 0.000000e+00
    outer loop
      vertex   -3.900000e+01 1.500000e+01 8.500000e+00
      vertex   -3.900000e+01 2.417950e+00 5.771834e+00
      vertex   -3.900000e+01 2.285708e+00 6.040799e+00
    endloop
  endfacet
  facet normal -1.000000e+00 0.000000e+00 0.000000e+00
    outer loop
      vertex   -3.900000e+01 2.285708e+00 6.040799e+00
      vertex   -3.900000e+01 2.123670e+00 6.292936e+00
      vertex   -3.900000e+01 1.500000e+01 8.500000e+00
    endloop
  endfacet
  facet normal -1.000000e+00 0.000000e+00 0.000000e+00
    outer loop
      vertex   -3.900000e+01 1.500000e+01 8.500000e+00
      vertex   -3.900000e+01 2.123670e+00 6.292936e+00
      vertex   -3.900000e+01 1.933945e+00 6.524959e+00
    endloop
  endfacet
  facet normal -1.000000e+00 0.000000e+00 0.000000e+00
    outer loop
      vertex   -3.900000e+01 1.500000e+01 8.500000e+00
      vertex   -3.900000e+01 1.933945e+00 6.524959e+00
      vertex   -3.900000e+01 1.719009e+00 6.733843e+00
    endloop
  endfacet
  facet normal -1.000000e+00 0.000000e+00 0.000000e+00
    outer loop
      vertex   -3.900000e+01 1.719009e+00 6.733843e+00
      vertex   -3.900000e+01 1.481663e+00 6.916864e+00
      vertex   -3.900000e+01 1.500000e+01 8.500000e+00
    endloop
  endfacet
  facet normal -1.000000e+00 0.000000e+00 0.000000e+00
    outer loop
      vertex   -3.900000e+01 1.500000e+01 8.500000e+00
      vertex   -3.900000e+01 1.481663e+00 6.916864e+00
      vertex   -3.900000e+01 1.225002e+00 7.071636e+00
    endloop
  endfacet
  facet normal -1.000000e+00 0.000000e+00 0.000000e+00
    outer loop
      vertex   -3.900000e+01 1.500000e+01 8.500000e+00
      vertex   -3.900000e+01 1.225002e+00 7.071636e+00
      vertex   -3.900000e+01 9.523702e-01 7.196143e+00
    endloop
  endfacet
  facet normal -1.000000e+00 0.000000e+00 0.000000e+00
    outer loop
      vertex   -3.900000e+01 9.523702e-01 7.196143e+00
      vertex   -3.900000e+01 6.673231e-01 7.288760e+00
      vertex   -3.900000e+01 1.500000e+01 8.500000e+00
    endloop
  endfacet
  facet normal -1.000000e+00 0.000000e+00 0.000000e+00
    outer loop
      vertex   -3.900000e+01 1.500000e+01 8.500000e+00
      vertex   -3.900000e+01 6.673231e-01 7.288760e+00
      vertex   -3.900000e+01 3.735765e-01 7.348281e+00
    endloop
  endfacet
  facet normal -1.000000e+00 0.000000e+00 0.000000e+00
    outer loop
      vertex   -3.900000e+01 1.500000e+01 8.500000e+00
      vertex   -3.900000e+01 3.735765e-01 7.348281e+00
      vertex   -3.900000e+01 7.495963e-02 7.373930e+00
    endloop
  endfacet
  facet normal -1.000000e+00 -0.000000e+00 0.000000e+00
    outer loop
      vertex   -3.900000e+01 -5.213000e-01 7.322717e+00
      vertex   -3.900000e+01 -8.111696e-01 7.246523e+00
      vertex   -3.900000e+01 -1.500000e+01 8.500000e+00
    endloop
  endfacet
  facet normal -1.000000e+00 0.000000e+00 0.000000e+00
    outer loop
      vertex   -3.900000e+01 -1.500000e+01 8.500000e+00
      vertex   -3.900000e+01 -8.111696e-01 7.246523e+00
      vertex   -3.900000e+01 -1.090464e+00 7.137784e+00
    endloop
  endfacet
  facet normal -1.000000e+00 0.000000e+00 0.000000e+00
    outer loop
      vertex   -3.900000e+01 -1.500000e+01 8.500000e+00
      vertex   -3.900000e+01 -1.090464e+00 7.137784e+00
      vertex   -3.900000e+01 -1.355543e+00 6.997916e+00
    endloop
  endfacet
  facet normal -1.000000e+00 -0.000000e+00 0.000000e+00
    outer loop
      vertex   -3.900000e+01 -1.355543e+00 6.997916e+00
      vertex   -3.900000e+01 -1.602951e+00 6.828743e+00
      vertex   -3.900000e+01 -1.500000e+01 8.500000e+00
    endloop
  endfacet
  facet normal -1.000000e+00 0.000000e+00 0.000000e+00
    outer loop
      vertex   -3.900000e+01 -1.500000e+01 8.500000e+00
      vertex   -3.900000e+01 -1.602951e+00 6.828743e+00
      vertex   -3.900000e+01 -1.829461e+00 6.632471e+00
    endloop
  endfacet
  facet normal -1.000000e+00 0.000000e+00 0.000000e+00
    outer loop
      vertex   -3.900000e+01 -1.500000e+01 8.500000e+00
      vertex   -3.900000e+01 -1.829461e+00 6.632471e+00
      vertex   -3.900000e+01 -2.032122e+00 6.411658e+00
    endloop
  endfacet
  facet normal -1.000000e+00 -0.000000e+00 0.000000e+00
    outer loop
      vertex   -3.900000e+01 -2.032122e+00 6.411658e+00
      vertex   -3.900000e+01 -2.208291e+00 6.169182e+00
      vertex   -3.900000e+01 -1.500000e+01 8.500000e+00
    endloop
  endfacet
  facet normal -1.000000e+00 0.000000e+00 0.000000e+00
    outer loop
      vertex   -3.900000e+01 -1.500000e+01 8.500000e+00
      vertex   -3.900000e+01 -2.208291e+00 6.169182e+00
      vertex   -3.900000e+01 -2.355671e+00 5.908205e+00
    endloop
  endfacet
  facet normal -1.000000e+00 0.000000e+00 0.000000e+00
    outer loop
      vertex   -3.900000e+01 -1.500000e+01 8.500000e+00
      vertex   -3.900000e+01 -2.355671e+00 5.908205e+00
      vertex   -3.900000e+01 -2.472341e+00 5.632130e+00
    endloop
  endfacet
  facet normal -1.000000e+00 -0.000000e+00 0.000000e+00
    outer loop
      vertex   -3.900000e+01 -2.472341e+00 5.632130e+00
      vertex   -3.900000e+01 -2.556781e+00 5.344554e+00
      vertex   -3.900000e+01 -1.500000e+01 8.500000e+00
    endloop
  endfacet
  facet normal -1.000000e+00 0.000000e+00 0.000000e+00
    outer loop
      vertex   -3.900000e+01 -1.500000e+01 8.500000e+00
      vertex   -3.900000e+01 -2.556781e+00 5.344554e+00
      vertex   -3.900000e+01 -2.607890e+00 5.049227e+00
    endloop
  endfacet
  facet normal -2.422228e-01 -9.702206e-01 -0.000000e+00
    outer loop
      vertex   -1.825579e+01 -2.017895e+01 8.500000e+00
      vertex   -3.900000e+01 -1.500000e+01 8.500000e+00
      vertex   -1.825579e+01 -2.017895e+01 0.000000e+00
    endloop
  endfacet
  facet normal -2.422228e-01 -9.702206e-01 -2.184109e-18
    outer loop
      vertex   -1.825579e+01 -2.017895e+01 0.000000e+00
      vertex   -3.900000e+01 -1.500000e+01 8.500000e+00
      vertex   -3.900000e+01 -1.500000e+01 -1.900000e+01
    endloop
  endfacet
  facet normal -2.422228e-01 -9.702206e-01 -2.523731e-17
    outer loop
      vertex   -1.825579e+01 -2.017895e+01 0.000000e+00
      vertex   -3.900000e+01 -1.500000e+01 -1.900000e+01
      vertex   -5.813348e+00 -2.328530e+01 -1.900000e+01
    endloop
  endfacet
  facet normal -2.422228e-01 -9.702206e-01 0.000000e+00
    outer loop
      vertex   -5.813348e+00 -2.328530e+01 -1.900000e+01
      vertex   -5.813348e+00 -2.328530e+01 0.000000e+00
      vertex   -1.825579e+01 -2.017895e+01 0.000000e+00
    endloop
  endfacet
  facet normal 8.664180e-01 -4.993193e-01 0.000000e+00
    outer loop
      vertex   -1.719334e+01 -1.978077e+01 8.500000e+00
      vertex   -1.719334e+01 -1.978077e+01 5.666667e+00
      vertex   -1.710739e+01 -1.963162e+01 8.500000e+00
    endloop
  endfacet
  facet normal 8.664180e-01 -4.993193e-01 6.261997e-16
    outer loop
      vertex   -1.710739e+01 -1.963162e+01 8.500000e+00
      vertex   -1.719334e+01 -1.978077e+01 5.666667e+00
      vertex   -1.719334e+01 -1.978077e+01 2.833333e+00
    endloop
  endfacet
  facet normal 8.664180e-01 -4.993193e-01 -3.621336e-16
    outer loop
      vertex   -1.710739e+01 -1.963162e+01 8.500000e+00
      vertex   -1.719334e+01 -1.978077e+01 2.833333e+00
      vertex   -1.710739e+01 -1.963162e+01 0.000000e+00
    endloop
  endfacet
  facet normal 8.664180e-01 -4.993193e-01 -1.379424e-18
    outer loop
      vertex   -1.710739e+01 -1.963162e+01 0.000000e+00
      vertex   -1.719334e+01 -1.978077e+01 2.833333e+00
      vertex   -1.719334e+01 -1.978077e+01 0.000000e+00
    endloop
  endfacet
  facet normal 7.679481e-01 -6.405121e-01 0.000000e+00
    outer loop
      vertex   -1.719334e+01 -1.978077e+01 0.000000e+00
      vertex   -1.719334e+01 -1.978077e+01 2.833333e+00
      vertex   -1.730360e+01 -1.991296e+01 0.000000e+00
    endloop
  endfacet
  facet normal 7.679481e-01 -6.405121e-01 8.031375e-16
    outer loop
      vertex   -1.730360e+01 -1.991296e+01 0.000000e+00
      vertex   -1.719334e+01 -1.978077e+01 2.833333e+00
      vertex   -1.730360e+01 -1.991296e+01 2.833333e+00
    endloop
  endfacet
  facet normal 6.467225e-01 -7.627254e-01 9.563806e-16
    outer loop
      vertex   -1.730360e+01 -1.991296e+01 0.000000e+00
      vertex   -1.730360e+01 -1.991296e+01 2.833333e+00
      vertex   -1.743489e+01 -2.002428e+01 0.000000e+00
    endloop
  endfacet
  facet normal 6.467225e-01 -7.627254e-01 0.000000e+00
    outer loop
      vertex   -1.743489e+01 -2.002428e+01 0.000000e+00
      vertex   -1.730360e+01 -1.991296e+01 2.833333e+00
      vertex   -1.743489e+01 -2.002428e+01 2.833333e+00
    endloop
  endfacet
  facet normal 5.063334e-01 -8.623378e-01 0.000000e+00
    outer loop
      vertex   -1.743489e+01 -2.002428e+01 0.000000e+00
      vertex   -1.743489e+01 -2.002428e+01 2.833333e+00
      vertex   -1.758333e+01 -2.011144e+01 0.000000e+00
    endloop
  endfacet
  facet normal 5.063334e-01 -8.623378e-01 0.000000e+00
    outer loop
      vertex   -1.758333e+01 -2.011144e+01 0.000000e+00
      vertex   -1.743489e+01 -2.002428e+01 2.833333e+00
      vertex   -1.758333e+01 -2.011144e+01 2.833333e+00
    endloop
  endfacet
  facet normal 3.509407e-01 -9.363977e-01 0.000000e+00
    outer loop
      vertex   -1.758333e+01 -2.011144e+01 0.000000e+00
      vertex   -1.758333e+01 -2.011144e+01 2.833333e+00
      vertex   -1.774452e+01 -2.017185e+01 0.000000e+00
    endloop
  endfacet
  facet normal 3.509407e-01 -9.363977e-01 0.000000e+00
    outer loop
      vertex   -1.774452e+01 -2.017185e+01 0.000000e+00
      vertex   -1.758333e+01 -2.011144e+01 2.833333e+00
      vertex   -1.774452e+01 -2.017185e+01 2.833333e+00
    endloop
  endfacet
  facet normal 1.851491e-01 -9.827104e-01 0.000000e+00
    outer loop
      vertex   -1.774452e+01 -2.017185e+01 0.000000e+00
      vertex   -1.774452e+01 -2.017185e+01 2.833333e+00
      vertex   -1.791368e+01 -2.020373e+01 0.000000e+00
    endloop
  endfacet
  facet normal 1.851491e-01 -9.827104e-01 1.232220e-15
    outer loop
      vertex   -1.791368e+01 -2.020373e+01 0.000000e+00
      vertex   -1.774452e+01 -2.017185e+01 2.833333e+00
      vertex   -1.791368e+01 -2.020373e+01 2.833333e+00
    endloop
  endfacet
  facet normal 1.387122e-02 -9.999038e-01 1.253778e-15
    outer loop
      vertex   -1.791368e+01 -2.020373e+01 0.000000e+00
      vertex   -1.791368e+01 -2.020373e+01 2.833333e+00
      vertex   -1.808581e+01 -2.020611e+01 0.000000e+00
    endloop
  endfacet
  facet normal 1.387122e-02 -9.999038e-01 0.000000e+00
    outer loop
      vertex   -1.808581e+01 -2.020611e+01 0.000000e+00
      vertex   -1.791368e+01 -2.020373e+01 2.833333e+00
      vertex   -1.808581e+01 -2.020611e+01 2.833333e+00
    endloop
  endfacet
  facet normal -1.578177e-01 -9.874683e-01 0.000000e+00
    outer loop
      vertex   -1.808581e+01 -2.020611e+01 0.000000e+00
      vertex   -1.808581e+01 -2.020611e+01 2.833333e+00
      vertex   -1.825579e+01 -2.017895e+01 0.000000e+00
    endloop
  endfacet
  facet normal -1.578177e-01 -9.874683e-01 6.738375e-19
    outer loop
      vertex   -1.825579e+01 -2.017895e+01 0.000000e+00
      vertex   -1.808581e+01 -2.020611e+01 2.833333e+00
      vertex   -1.808581e+01 -2.020611e+01 5.666667e+00
    endloop
  endfacet
  facet normal -1.578177e-01 -9.874683e-01 0.000000e+00
    outer loop
      vertex   -1.825579e+01 -2.017895e+01 0.000000e+00
      vertex   -1.808581e+01 -2.020611e+01 5.666667e+00
      vertex   -1.825579e+01 -2.017895e+01 8.500000e+00
    endloop
  endfacet
  facet normal -1.578177e-01 -9.874683e-01 -1.237512e-15
    outer loop
      vertex   -1.825579e+01 -2.017895e+01 8.500000e+00
      vertex   -1.808581e+01 -2.020611e+01 5.666667e+00
      vertex   -1.808581e+01 -2.020611e+01 8.500000e+00
    endloop
  endfacet
  facet normal 1.387122e-02 -9.999038e-01 -1.253778e-15
    outer loop
      vertex   -1.808581e+01 -2.020611e+01 8.500000e+00
      vertex   -1.808581e+01 -2.020611e+01 5.666667e+00
      vertex   -1.791368e+01 -2.020373e+01 8.500000e+00
    endloop
  endfacet
  facet normal 1.387122e-02 -9.999038e-01 -1.253778e-15
    outer loop
      vertex   -1.791368e+01 -2.020373e+01 8.500000e+00
      vertex   -1.808581e+01 -2.020611e+01 5.666667e+00
      vertex   -1.791368e+01 -2.020373e+01 5.666667e+00
    endloop
  endfacet
  facet normal 1.851491e-01 -9.827104e-01 -1.232220e-15
    outer loop
      vertex   -1.791368e+01 -2.020373e+01 8.500000e+00
      vertex   -1.791368e+01 -2.020373e+01 5.666667e+00
      vertex   -1.774452e+01 -2.017185e+01 8.500000e+00
    endloop
  endfacet
  facet normal 1.851491e-01 -9.827104e-01 0.000000e+00
    outer loop
      vertex   -1.774452e+01 -2.017185e+01 8.500000e+00
      vertex   -1.791368e+01 -2.020373e+01 5.666667e+00
      vertex   -1.774452e+01 -2.017185e+01 5.666667e+00
    endloop
  endfacet
  facet normal 3.509407e-01 -9.363977e-01 0.000000e+00
    outer loop
      vertex   -1.774452e+01 -2.017185e+01 8.500000e+00
      vertex   -1.774452e+01 -2.017185e+01 5.666667e+00
      vertex   -1.758333e+01 -2.011144e+01 8.500000e+00
    endloop
  endfacet
  facet normal 3.509407e-01 -9.363977e-01 0.000000e+00
    outer loop
      vertex   -1.758333e+01 -2.011144e+01 8.500000e+00
      vertex   -1.774452e+01 -2.017185e+01 5.666667e+00
      vertex   -1.758333e+01 -2.011144e+01 5.666667e+00
    endloop
  endfacet
  facet normal 5.063334e-01 -8.623378e-01 0.000000e+00
    outer loop
      vertex   -1.758333e+01 -2.011144e+01 8.500000e+00
      vertex   -1.758333e+01 -2.011144e+01 5.666667e+00
      vertex   -1.743489e+01 -2.002428e+01 8.500000e+00
    endloop
  endfacet
  facet normal 5.063334e-01 -8.623378e-01 0.000000e+00
    outer loop
      vertex   -1.743489e+01 -2.002428e+01 8.500000e+00
      vertex   -1.758333e+01 -2.011144e+01 5.666667e+00
      vertex   -1.743489e+01 -2.002428e+01 5.666667e+00
    endloop
  endfacet
  facet normal 6.467225e-01 -7.627254e-01 0.000000e+00
    outer loop
      vertex   -1.743489e+01 -2.002428e+01 8.500000e+00
      vertex   -1.743489e+01 -2.002428e+01 5.666667e+00
      vertex   -1.730360e+01 -1.991296e+01 8.500000e+00
    endloop
  endfacet
  facet normal 6.467225e-01 -7.627254e-01 -9.563806e-16
    outer loop
      vertex   -1.730360e+01 -1.991296e+01 8.500000e+00
      vertex   -1.743489e+01 -2.002428e+01 5.666667e+00
      vertex   -1.730360e+01 -1.991296e+01 5.666667e+00
    endloop
  endfacet
  facet normal 7.679481e-01 -6.405121e-01 -8.031375e-16
    outer loop
      vertex   -1.730360e+01 -1.991296e+01 8.500000e+00
      vertex   -1.730360e+01 -1.991296e+01 5.666667e+00
      vertex   -1.719334e+01 -1.978077e+01 8.500000e+00
    endloop
  endfacet
  facet normal 7.679481e-01 -6.405121e-01 0.000000e+00
    outer loop
      vertex   -1.719334e+01 -1.978077e+01 8.500000e+00
      vertex   -1.730360e+01 -1.991296e+01 5.666667e+00
      vertex   -1.719334e+01 -1.978077e+01 5.666667e+00
    endloop
  endfacet
  facet normal 7.679481e-01 -6.405121e-01 8.048269e-16
    outer loop
      vertex   -1.730360e+01 -1.991296e+01 2.833333e+00
      vertex   -1.719334e+01 -1.978077e+01 2.833333e+00
      vertex   -1.719334e+01 -1.978077e+01 5.666667e+00
    endloop
  endfacet
  facet normal 7.679481e-01 -6.405121e-01 0.000000e+00
    outer loop
      vertex   -1.730360e+01 -1.991296e+01 2.833333e+00
      vertex   -1.719334e+01 -1.978077e+01 5.666667e+00
      vertex   -1.730360e+01 -1.991296e+01 5.666667e+00
    endloop
  endfacet
  facet normal 6.467225e-01 -7.627254e-01 -5.537423e-19
    outer loop
      vertex   -1.743489e+01 -2.002428e+01 2.833333e+00
      vertex   -1.730360e+01 -1.991296e+01 2.833333e+00
      vertex   -1.730360e+01 -1.991296e+01 5.666667e+00
    endloop
  endfacet
  facet normal 6.467225e-01 -7.627254e-01 0.000000e+00
    outer loop
      vertex   -1.743489e+01 -2.002428e+01 2.833333e+00
      vertex   -1.730360e+01 -1.991296e+01 5.666667e+00
      vertex   -1.743489e+01 -2.002428e+01 5.666667e+00
    endloop
  endfacet
  facet normal 5.063334e-01 -8.623378e-01 -2.283955e-19
    outer loop
      vertex   -1.758333e+01 -2.011144e+01 2.833333e+00
      vertex   -1.743489e+01 -2.002428e+01 2.833333e+00
      vertex   -1.743489e+01 -2.002428e+01 5.666667e+00
    endloop
  endfacet
  facet normal 5.063334e-01 -8.623378e-01 0.000000e+00
    outer loop
      vertex   -1.758333e+01 -2.011144e+01 2.833333e+00
      vertex   -1.743489e+01 -2.002428e+01 5.666667e+00
      vertex   -1.758333e+01 -2.011144e+01 5.666667e+00
    endloop
  endfacet
  facet normal 3.509407e-01 -9.363977e-01 4.310645e-19
    outer loop
      vertex   -1.774452e+01 -2.017185e+01 2.833333e+00
      vertex   -1.758333e+01 -2.011144e+01 2.833333e+00
      vertex   -1.758333e+01 -2.011144e+01 5.666667e+00
    endloop
  endfacet
  facet normal 3.509407e-01 -9.363977e-01 0.000000e+00
    outer loop
      vertex   -1.774452e+01 -2.017185e+01 2.833333e+00
      vertex   -1.758333e+01 -2.011144e+01 5.666667e+00
      vertex   -1.774452e+01 -2.017185e+01 5.666667e+00
    endloop
  endfacet
  facet normal 1.851491e-01 -9.827104e-01 3.639917e-19
    outer loop
      vertex   -1.791368e+01 -2.020373e+01 2.833333e+00
      vertex   -1.774452e+01 -2.017185e+01 2.833333e+00
      vertex   -1.774452e+01 -2.017185e+01 5.666667e+00
    endloop
  endfacet
  facet normal 1.851491e-01 -9.827104e-01 0.000000e+00
    outer loop
      vertex   -1.791368e+01 -2.020373e+01 2.833333e+00
      vertex   -1.774452e+01 -2.017185e+01 5.666667e+00
      vertex   -1.791368e+01 -2.020373e+01 5.666667e+00
    endloop
  endfacet
  facet normal 1.387122e-02 -9.999038e-01 5.536119e-20
    outer loop
      vertex   -1.808581e+01 -2.020611e+01 2.833333e+00
      vertex   -1.791368e+01 -2.020373e+01 2.833333e+00
      vertex   -1.791368e+01 -2.020373e+01 5.666667e+00
    endloop
  endfacet
  facet normal 1.387122e-02 -9.999038e-01 0.000000e+00
    outer loop
      vertex   -1.808581e+01 -2.020611e+01 2.833333e+00
      vertex   -1.791368e+01 -2.020373e+01 5.666667e+00
      vertex   -1.808581e+01 -2.020611e+01 5.666667e+00
    endloop
  endfacet
  facet normal 9.061790e-01 -4.228944e-01 -3.787523e-16
    outer loop
      vertex   -1.710739e+01 -1.963162e+01 8.500000e+00
      vertex   -1.710739e+01 -1.963162e+01 0.000000e+00
      vertex   -1.664910e+01 -1.864960e+01 8.500000e+00
    endloop
  endfacet
  facet normal 9.061790e-01 -4.228944e-01 0.000000e+00
    outer loop
      vertex   -1.664910e+01 -1.864960e+01 8.500000e+00
      vertex   -1.710739e+01 -1.963162e+01 0.000000e+00
      vertex   -1.664910e+01 -1.864960e+01 0.000000e+00
    endloop
  endfacet
  facet normal 9.789777e-01 2.039672e-01 -4.830914e-17
    outer loop
      vertex   -2.454460e+01 -4.750000e+00 4.750000e+00
      vertex   -2.454460e+01 -4.750000e+00 8.500000e+00
      vertex   -2.439932e+01 -5.447325e+00 0.000000e+00
    endloop
  endfacet
  facet normal 9.781887e-01 2.077178e-01 -3.211769e-04
    outer loop
      vertex   -2.439932e+01 -5.447325e+00 0.000000e+00
      vertex   -2.454460e+01 -4.750000e+00 8.500000e+00
      vertex   -2.435684e+01 -5.634192e+00 8.500000e+00
    endloop
  endfacet
  facet normal 9.718209e-01 2.357203e-01 3.262592e-04
    outer loop
      vertex   -2.439932e+01 -5.447325e+00 0.000000e+00
      vertex   -2.435684e+01 -5.634192e+00 8.500000e+00
      vertex   -2.418359e+01 -6.336714e+00 0.000000e+00
    endloop
  endfacet
  facet normal 9.700403e-01 2.429439e-01 -3.070675e-04
    outer loop
      vertex   -2.418359e+01 -6.336714e+00 0.000000e+00
      vertex   -2.435684e+01 -5.634192e+00 8.500000e+00
      vertex   -2.413725e+01 -6.511019e+00 8.500000e+00
    endloop
  endfacet
  facet normal 9.625421e-01 2.711319e-01 3.118509e-04
    outer loop
      vertex   -2.418359e+01 -6.336714e+00 0.000000e+00
      vertex   -2.413725e+01 -6.511019e+00 8.500000e+00
      vertex   -2.393546e+01 -7.217612e+00 0.000000e+00
    endloop
  endfacet
  facet normal 9.606237e-01 2.778525e-01 -2.923603e-04
    outer loop
      vertex   -2.393546e+01 -7.217612e+00 0.000000e+00
      vertex   -2.413725e+01 -6.511019e+00 8.500000e+00
      vertex   -2.388609e+01 -7.379334e+00 8.500000e+00
    endloop
  endfacet
  facet normal 9.519735e-01 3.061803e-01 2.968446e-04
    outer loop
      vertex   -2.393546e+01 -7.217612e+00 0.000000e+00
      vertex   -2.388609e+01 -7.379334e+00 8.500000e+00
      vertex   -2.365525e+01 -8.088838e+00 0.000000e+00
    endloop
  endfacet
  facet normal 9.499513e-01 3.123978e-01 -2.770550e-04
    outer loop
      vertex   -2.365525e+01 -8.088838e+00 0.000000e+00
      vertex   -2.388609e+01 -7.379334e+00 8.500000e+00
      vertex   -2.360371e+01 -8.238003e+00 8.500000e+00
    endloop
  endfacet
  facet normal 9.401291e-01 3.408183e-01 2.812404e-04
    outer loop
      vertex   -2.365525e+01 -8.088838e+00 0.000000e+00
      vertex   -2.360371e+01 -8.238003e+00 8.500000e+00
      vertex   -2.334334e+01 -8.949224e+00 0.000000e+00
    endloop
  endfacet
  facet normal 9.380371e-01 3.465347e-01 -2.611519e-04
    outer loop
      vertex   -2.334334e+01 -8.949224e+00 0.000000e+00
      vertex   -2.360371e+01 -8.238003e+00 8.500000e+00
      vertex   -2.329048e+01 -9.085902e+00 8.500000e+00
    endloop
  endfacet
  facet normal 9.270249e-01 3.749996e-01 2.650383e-04
    outer loop
      vertex   -2.334334e+01 -8.949224e+00 0.000000e+00
      vertex   -2.329048e+01 -9.085902e+00 8.500000e+00
      vertex   -2.300015e+01 -9.797617e+00 0.000000e+00
    endloop
  endfacet
  facet normal 9.248966e-01 3.802186e-01 -2.446508e-04
    outer loop
      vertex   -2.300015e+01 -9.797617e+00 0.000000e+00
      vertex   -2.329048e+01 -9.085902e+00 8.500000e+00
      vertex   -2.294680e+01 -9.921923e+00 8.500000e+00
    endloop
  endfacet
  facet normal 9.126784e-01 4.086784e-01 2.482382e-04
    outer loop
      vertex   -2.300015e+01 -9.797617e+00 0.000000e+00
      vertex   -2.294680e+01 -9.921923e+00 8.500000e+00
      vertex   -2.262613e+01 -1.063288e+01 0.000000e+00
    endloop
  endfacet
  facet normal 9.105470e-01 4.134055e-01 -2.275518e-04
    outer loop
      vertex   -2.262613e+01 -1.063288e+01 0.000000e+00
      vertex   -2.294680e+01 -9.921923e+00 8.500000e+00
      vertex   -2.257312e+01 -1.074497e+01 8.500000e+00
    endloop
  endfacet
  facet normal 8.971089e-01 4.418095e-01 2.308402e-04
    outer loop
      vertex   -2.262613e+01 -1.063288e+01 0.000000e+00
      vertex   -2.257312e+01 -1.074497e+01 8.500000e+00
      vertex   -2.222180e+01 -1.145390e+01 0.000000e+00
    endloop
  endfacet
  facet normal 8.950071e-01 4.460519e-01 -2.098548e-04
    outer loop
      vertex   -2.222180e+01 -1.145390e+01 0.000000e+00
      vertex   -2.257312e+01 -1.074497e+01 8.500000e+00
      vertex   -2.216993e+01 -1.155398e+01 8.500000e+00
    endloop
  endfacet
  facet normal 8.803371e-01 4.743486e-01 2.128443e-04
    outer loop
      vertex   -2.222180e+01 -1.145390e+01 0.000000e+00
      vertex   -2.216993e+01 -1.155398e+01 8.500000e+00
      vertex   -2.178768e+01 -1.225956e+01 0.000000e+00
    endloop
  endfacet
  facet normal 8.782971e-01 4.781152e-01 -1.915599e-04
    outer loop
      vertex   -2.178768e+01 -1.225956e+01 0.000000e+00
      vertex   -2.216993e+01 -1.155398e+01 8.500000e+00
      vertex   -2.173775e+01 -1.234788e+01 8.500000e+00
    endloop
  endfacet
  facet normal 8.623856e-01 5.062520e-01 1.942505e-04
    outer loop
      vertex   -2.178768e+01 -1.225956e+01 0.000000e+00
      vertex   -2.173775e+01 -1.234788e+01 8.500000e+00
      vertex   -2.132437e+01 -1.304880e+01 0.000000e+00
    endloop
  endfacet
  facet normal 8.604390e-01 5.095535e-01 -1.726671e-04
    outer loop
      vertex   -2.132437e+01 -1.304880e+01 0.000000e+00
      vertex   -2.173775e+01 -1.234788e+01 8.500000e+00
      vertex   -2.127716e+01 -1.312563e+01 8.500000e+00
    endloop
  endfacet
  facet normal 8.432784e-01 5.374769e-01 1.750587e-04
    outer loop
      vertex   -2.132437e+01 -1.304880e+01 0.000000e+00
      vertex   -2.127716e+01 -1.312563e+01 8.500000e+00
      vertex   -2.083249e+01 -1.382055e+01 0.000000e+00
    endloop
  endfacet
  facet normal 8.414560e-01 5.403256e-01 -1.531764e-04
    outer loop
      vertex   -2.083249e+01 -1.382055e+01 0.000000e+00
      vertex   -2.127716e+01 -1.312563e+01 8.500000e+00
      vertex   -2.078876e+01 -1.388623e+01 8.500000e+00
    endloop
  endfacet
  facet normal 8.230412e-01 5.679816e-01 1.552690e-04
    outer loop
      vertex   -2.083249e+01 -1.382055e+01 0.000000e+00
      vertex   -2.078876e+01 -1.388623e+01 8.500000e+00
      vertex   -2.031268e+01 -1.457378e+01 0.000000e+00
    endloop
  endfacet
  facet normal 8.213730e-01 5.703914e-01 -1.330878e-04
    outer loop
      vertex   -2.031268e+01 -1.457378e+01 0.000000e+00
      vertex   -2.078876e+01 -1.388623e+01 8.500000e+00
      vertex   -2.027318e+01 -1.462868e+01 8.500000e+00
    endloop
  endfacet
  facet normal 8.017010e-01 5.977252e-01 1.348815e-04
    outer loop
      vertex   -2.031268e+01 -1.457378e+01 0.000000e+00
      vertex   -2.027318e+01 -1.462868e+01 8.500000e+00
      vertex   -1.976566e+01 -1.530748e+01 0.000000e+00
    endloop
  endfacet
  facet normal 8.002162e-01 5.997116e-01 -1.124012e-04
    outer loop
      vertex   -1.976566e+01 -1.530748e+01 0.000000e+00
      vertex   -2.027318e+01 -1.462868e+01 8.500000e+00
      vertex   -1.973110e+01 -1.535200e+01 8.500000e+00
    endloop
  endfacet
  facet normal 7.792865e-01 6.266678e-01 1.138960e-04
    outer loop
      vertex   -1.976566e+01 -1.530748e+01 0.000000e+00
      vertex   -1.973110e+01 -1.535200e+01 8.500000e+00
      vertex   -1.919214e+01 -1.602066e+01 0.000000e+00
    endloop
  endfacet
  facet normal 7.780134e-01 6.282477e-01 -9.111677e-05
    outer loop
      vertex   -1.919214e+01 -1.602066e+01 0.000000e+00
      vertex   -1.973110e+01 -1.535200e+01 8.500000e+00
      vertex   -1.916322e+01 -1.605525e+01 8.500000e+00
    endloop
  endfacet
  facet normal 7.558277e-01 6.547705e-01 9.231255e-05
    outer loop
      vertex   -1.919214e+01 -1.602066e+01 0.000000e+00
      vertex   -1.916322e+01 -1.605525e+01 8.500000e+00
      vertex   -1.859291e+01 -1.671238e+01 0.000000e+00
    endloop
  endfacet
  facet normal 7.547934e-01 6.559625e-01 -6.923442e-05
    outer loop
      vertex   -1.859291e+01 -1.671238e+01 0.000000e+00
      vertex   -1.916322e+01 -1.605525e+01 8.500000e+00
      vertex   -1.857029e+01 -1.673752e+01 8.500000e+00
    endloop
  endfacet
  facet normal 7.313560e-01 6.819959e-01 7.013125e-05
    outer loop
      vertex   -1.859291e+01 -1.671238e+01 0.000000e+00
      vertex   -1.857029e+01 -1.673752e+01 8.500000e+00
      vertex   -1.796876e+01 -1.738170e+01 0.000000e+00
    endloop
  endfacet
  facet normal 7.305868e-01 6.828199e-01 -4.675417e-05
    outer loop
      vertex   -1.796876e+01 -1.738170e+01 0.000000e+00
      vertex   -1.857029e+01 -1.673752e+01 8.500000e+00
      vertex   -1.795308e+01 -1.739790e+01 8.500000e+00
    endloop
  endfacet
  facet normal 7.059043e-01 7.083073e-01 4.735206e-05
    outer loop
      vertex   -1.796876e+01 -1.738170e+01 0.000000e+00
      vertex   -1.795308e+01 -1.739790e+01 8.500000e+00
      vertex   -1.732054e+01 -1.802773e+01 0.000000e+00
    endloop
  endfacet
  facet normal 7.054250e-01 7.087845e-01 -2.367603e-05
    outer loop
      vertex   -1.732054e+01 -1.802773e+01 0.000000e+00
      vertex   -1.795308e+01 -1.739790e+01 8.500000e+00
      vertex   -1.731241e+01 -1.803554e+01 8.500000e+00
    endloop
  endfacet
  facet normal 6.795065e-01 7.336695e-01 2.397497e-05
    outer loop
      vertex   -1.732054e+01 -1.802773e+01 0.000000e+00
      vertex   -1.731241e+01 -1.803554e+01 8.500000e+00
      vertex   -1.664910e+01 -1.864960e+01 0.000000e+00
    endloop
  endfacet
  facet normal 6.793411e-01 7.338227e-01 -0.000000e+00
    outer loop
      vertex   -1.664910e+01 -1.864960e+01 0.000000e+00
      vertex   -1.731241e+01 -1.803554e+01 8.500000e+00
      vertex   -1.664910e+01 -1.864960e+01 8.500000e+00
    endloop
  endfacet
  facet normal 9.797972e-01 1.999927e-01 6.056664e-04
    outer loop
      vertex   -2.458235e+01 -4.550636e+00 0.000000e+00
      vertex   -2.455451e+01 -4.699301e+00 4.065667e+00
      vertex   -2.439932e+01 -5.447325e+00 0.000000e+00
    endloop
  endfacet
  facet normal 9.801882e-01 1.980658e-01 9.751074e-04
    outer loop
      vertex   -2.439932e+01 -5.447325e+00 0.000000e+00
      vertex   -2.455451e+01 -4.699301e+00 4.065667e+00
      vertex   -2.454905e+01 -4.727490e+00 4.295646e+00
    endloop
  endfacet
  facet normal 9.797098e-01 2.004207e-01 5.638172e-04
    outer loop
      vertex   -2.439932e+01 -5.447325e+00 0.000000e+00
      vertex   -2.454905e+01 -4.727490e+00 4.295646e+00
      vertex   -2.454572e+01 -4.744378e+00 4.524112e+00
    endloop
  endfacet
  facet normal 9.864593e-01 1.639969e-01 1.780320e-03
    outer loop
      vertex   -2.473243e+01 -3.647848e+00 0.000000e+00
      vertex   -2.466698e+01 -4.066466e+00 2.297276e+00
      vertex   -2.458235e+01 -4.550636e+00 0.000000e+00
    endloop
  endfacet
  facet normal 9.859969e-01 1.667596e-01 1.181022e-03
    outer loop
      vertex   -2.458235e+01 -4.550636e+00 0.000000e+00
      vertex   -2.466698e+01 -4.066466e+00 2.297276e+00
      vertex   -2.464740e+01 -4.183707e+00 2.502241e+00
    endloop
  endfacet
  facet normal 9.853716e-01 1.704182e-01 6.282660e-04
    outer loop
      vertex   -2.458235e+01 -4.550636e+00 0.000000e+00
      vertex   -2.464740e+01 -4.183707e+00 2.502241e+00
      vertex   -2.462898e+01 -4.291016e+00 2.713477e+00
    endloop
  endfacet
  facet normal 9.917972e-01 1.277811e-01 3.222474e-03
    outer loop
      vertex   -2.484938e+01 -2.740172e+00 0.000000e+00
      vertex   -2.481646e+01 -3.023035e+00 1.087082e+00
      vertex   -2.473243e+01 -3.647848e+00 0.000000e+00
    endloop
  endfacet
  facet normal 9.918817e-01 1.271126e-01 3.613268e-03
    outer loop
      vertex   -2.473243e+01 -3.647848e+00 0.000000e+00
      vertex   -2.481646e+01 -3.023035e+00 1.087082e+00
      vertex   -2.479486e+01 -3.195833e+00 1.236193e+00
    endloop
  endfacet
  facet normal 9.911892e-01 1.324434e-01 1.629097e-03
    outer loop
      vertex   -2.473243e+01 -3.647848e+00 0.000000e+00
      vertex   -2.479486e+01 -3.195833e+00 1.236193e+00
      vertex   -2.477334e+01 -3.358815e+00 1.391300e+00
    endloop
  endfacet
  facet normal 9.957891e-01 9.139288e-02 7.173481e-03
    outer loop
      vertex   -2.493302e+01 -1.828824e+00 0.000000e+00
      vertex   -2.489864e+01 -2.247860e+00 5.663484e-01
      vertex   -2.484938e+01 -2.740172e+00 0.000000e+00
    endloop
  endfacet
  facet normal 9.953740e-01 9.602549e-02 3.110364e-03
    outer loop
      vertex   -2.484938e+01 -2.740172e+00 0.000000e+00
      vertex   -2.489864e+01 -2.247860e+00 5.663484e-01
      vertex   -2.487923e+01 -2.452834e+00 6.836018e-01
    endloop
  endfacet
  facet normal 9.947424e-01 1.024078e-01 4.001155e-04
    outer loop
      vertex   -2.484938e+01 -2.740172e+00 0.000000e+00
      vertex   -2.487923e+01 -2.452834e+00 6.836018e-01
      vertex   -2.485890e+01 -2.650827e+00 8.099999e-01
    endloop
  endfacet
  facet normal 9.982973e-01 5.487544e-02 1.977913e-02
    outer loop
      vertex   -2.498325e+01 -9.150251e-01 0.000000e+00
      vertex   -2.497342e+01 -1.144618e+00 1.411322e-01
      vertex   -2.493302e+01 -1.828824e+00 0.000000e+00
    endloop
  endfacet
  facet normal 9.983021e-01 5.499876e-02 1.918264e-02
    outer loop
      vertex   -2.493302e+01 -1.828824e+00 0.000000e+00
      vertex   -2.497342e+01 -1.144618e+00 1.411322e-01
      vertex   -2.496205e+01 -1.372772e+00 2.034414e-01
    endloop
  endfacet
  facet normal 9.981322e-01 6.077534e-02 6.209120e-03
    outer loop
      vertex   -2.493302e+01 -1.828824e+00 0.000000e+00
      vertex   -2.496205e+01 -1.372772e+00 2.034414e-01
      vertex   -2.494879e+01 -1.598188e+00 2.771936e-01
    endloop
  endfacet
  facet normal 8.797371e-01 1.610503e-02 4.751876e-01
    outer loop
      vertex   -2.500000e+01 9.436896e-15 0.000000e+00
      vertex   -2.499890e+01 -2.258899e-01 5.621840e-03
      vertex   -2.498325e+01 -9.150251e-01 0.000000e+00
    endloop
  endfacet
  facet normal 9.945160e-01 2.175398e-02 1.022969e-01
    outer loop
      vertex   -2.498325e+01 -9.150251e-01 0.000000e+00
      vertex   -2.499890e+01 -2.258899e-01 5.621840e-03
      vertex   -2.499564e+01 -4.543606e-01 2.251081e-02
    endloop
  endfacet
  facet normal 9.994501e-01 2.587209e-02 2.073951e-02
    outer loop
      vertex   -2.498325e+01 -9.150251e-01 0.000000e+00
      vertex   -2.499564e+01 -4.543606e-01 2.251081e-02
      vertex   -2.499027e+01 -6.843481e-01 5.070208e-02
    endloop
  endfacet
  facet normal 9.994960e-01 3.142338e-02 -4.510606e-03
    outer loop
      vertex   -2.499027e+01 -6.843481e-01 5.070208e-02
      vertex   -2.498285e+01 -9.147885e-01 9.023082e-02
      vertex   -2.498325e+01 -9.150251e-01 0.000000e+00
    endloop
  endfacet
  facet normal 9.991906e-01 3.996967e-02 -4.531656e-03
    outer loop
      vertex   -2.498325e+01 -9.150251e-01 0.000000e+00
      vertex   -2.498285e+01 -9.147885e-01 9.023082e-02
      vertex   -2.497342e+01 -1.144618e+00 1.411322e-01
    endloop
  endfacet
  facet normal 9.976813e-01 6.805929e-02 1.229486e-04
    outer loop
      vertex   -2.494879e+01 -1.598188e+00 2.771936e-01
      vertex   -2.493368e+01 -1.819801e+00 3.624240e-01
      vertex   -2.493302e+01 -1.828824e+00 0.000000e+00
    endloop
  endfacet
  facet normal 9.970127e-01 7.723780e-02 -1.067711e-04
    outer loop
      vertex   -2.493302e+01 -1.828824e+00 0.000000e+00
      vertex   -2.493368e+01 -1.819801e+00 3.624240e-01
      vertex   -2.491687e+01 -2.036612e+00 4.590268e-01
    endloop
  endfacet
  facet normal 9.960609e-01 8.852862e-02 5.037742e-03
    outer loop
      vertex   -2.493302e+01 -1.828824e+00 0.000000e+00
      vertex   -2.491687e+01 -2.036612e+00 4.590268e-01
      vertex   -2.489864e+01 -2.247860e+00 5.663484e-01
    endloop
  endfacet
  facet normal 9.939926e-01 1.094465e-01 -3.850896e-04
    outer loop
      vertex   -2.485890e+01 -2.650827e+00 8.099999e-01
      vertex   -2.483789e+01 -2.841131e+00 9.447558e-01
      vertex   -2.484938e+01 -2.740172e+00 0.000000e+00
    endloop
  endfacet
  facet normal 9.930895e-01 1.173588e-01 4.714055e-04
    outer loop
      vertex   -2.484938e+01 -2.740172e+00 0.000000e+00
      vertex   -2.483789e+01 -2.841131e+00 9.447558e-01
      vertex   -2.481646e+01 -3.023035e+00 1.087082e+00
    endloop
  endfacet
  facet normal 9.904261e-01 1.380430e-01 4.433664e-04
    outer loop
      vertex   -2.477334e+01 -3.358815e+00 1.391300e+00
      vertex   -2.475180e+01 -3.513917e+00 1.554288e+00
      vertex   -2.473243e+01 -3.647848e+00 0.000000e+00
    endloop
  endfacet
  facet normal 9.896185e-01 1.437196e-01 -5.583684e-05
    outer loop
      vertex   -2.473243e+01 -3.647848e+00 0.000000e+00
      vertex   -2.475180e+01 -3.513917e+00 1.554288e+00
      vertex   -2.473013e+01 -3.663019e+00 1.727087e+00
    endloop
  endfacet
  facet normal 9.887536e-01 1.495537e-01 -3.436332e-06
    outer loop
      vertex   -2.473243e+01 -3.647848e+00 0.000000e+00
      vertex   -2.473013e+01 -3.663019e+00 1.727087e+00
      vertex   -2.470860e+01 -3.805336e+00 1.908991e+00
    endloop
  endfacet
  facet normal 9.878107e-01 1.556593e-01 5.120291e-04
    outer loop
      vertex   -2.470860e+01 -3.805336e+00 1.908991e+00
      vertex   -2.468747e+01 -3.940080e+00 2.099290e+00
      vertex   -2.473243e+01 -3.647848e+00 0.000000e+00
    endloop
  endfacet
  facet normal 9.867543e-01 1.622156e-01 1.447323e-03
    outer loop
      vertex   -2.473243e+01 -3.647848e+00 0.000000e+00
      vertex   -2.468747e+01 -3.940080e+00 2.099290e+00
      vertex   -2.466698e+01 -4.066466e+00 2.297276e+00
    endloop
  endfacet
  facet normal 9.847412e-01 1.740249e-01 2.723562e-04
    outer loop
      vertex   -2.462898e+01 -4.291016e+00 2.713477e+00
      vertex   -2.461197e+01 -4.387608e+00 2.930275e+00
      vertex   -2.458235e+01 -4.550636e+00 0.000000e+00
    endloop
  endfacet
  facet normal 9.841972e-01 1.770761e-01 9.709719e-05
    outer loop
      vertex   -2.458235e+01 -4.550636e+00 0.000000e+00
      vertex   -2.461197e+01 -4.387608e+00 2.930275e+00
      vertex   -2.459666e+01 -4.472829e+00 3.151875e+00
    endloop
  endfacet
  facet normal 9.837326e-01 1.796391e-01 3.171783e-05
    outer loop
      vertex   -2.458235e+01 -4.550636e+00 0.000000e+00
      vertex   -2.459666e+01 -4.472829e+00 3.151875e+00
      vertex   -2.458320e+01 -4.546574e+00 3.377277e+00
    endloop
  endfacet
  facet normal 9.832315e-01 1.823619e-01 2.831697e-05
    outer loop
      vertex   -2.458320e+01 -4.546574e+00 3.377277e+00
      vertex   -2.457165e+01 -4.608877e+00 3.605419e+00
      vertex   -2.458235e+01 -4.550636e+00 0.000000e+00
    endloop
  endfacet
  facet normal 9.826786e-01 1.853182e-01 7.771395e-05
    outer loop
      vertex   -2.458235e+01 -4.550636e+00 0.000000e+00
      vertex   -2.457165e+01 -4.608877e+00 3.605419e+00
      vertex   -2.456207e+01 -4.659775e+00 3.835236e+00
    endloop
  endfacet
  facet normal 9.820363e-01 1.886920e-01 1.771164e-04
    outer loop
      vertex   -2.458235e+01 -4.550636e+00 0.000000e+00
      vertex   -2.456207e+01 -4.659775e+00 3.835236e+00
      vertex   -2.455451e+01 -4.699301e+00 4.065667e+00
    endloop
  endfacet
  facet normal 9.792314e-01 2.027457e-01 1.870811e-04
    outer loop
      vertex   -2.454572e+01 -4.744378e+00 4.524112e+00
      vertex   -2.454460e+01 -4.750000e+00 4.750000e+00
      vertex   -2.439932e+01 -5.447325e+00 0.000000e+00
    endloop
  endfacet
  facet normal -0.000000e+00 0.000000e+00 1.000000e+00
    outer loop
      vertex   -1.118003e+01 2.194546e+01 -6.000000e+00
      vertex   -9.478102e+00 1.726946e+01 -6.000000e+00
      vertex   -5.813348e+00 2.328530e+01 -6.000000e+00
    endloop
  endfacet
  facet normal 0.000000e+00 0.000000e+00 1.000000e+00
    outer loop
      vertex   -5.813348e+00 2.328530e+01 -6.000000e+00
      vertex   -9.478102e+00 1.726946e+01 -6.000000e+00
      vertex   -2.971621e+00 1.693587e+01 -6.000000e+00
    endloop
  endfacet
  facet normal -0.000000e+00 0.000000e+00 1.000000e+00
    outer loop
      vertex   -5.813348e+00 2.328530e+01 -6.000000e+00
      vertex   -2.971621e+00 1.693587e+01 -6.000000e+00
      vertex   -5.650845e+00 2.332526e+01 -6.000000e+00
    endloop
  endfacet
  facet normal -0.000000e+00 0.000000e+00 1.000000e+00
    outer loop
      vertex   -5.650845e+00 2.332526e+01 -6.000000e+00
      vertex   -2.971621e+00 1.693587e+01 -6.000000e+00
      vertex   -5.488068e+00 2.336410e+01 -6.000000e+00
    endloop
  endfacet
  facet normal -0.000000e+00 0.000000e+00 1.000000e+00
    outer loop
      vertex   -5.488068e+00 2.336410e+01 -6.000000e+00
      vertex   -2.971621e+00 1.693587e+01 -6.000000e+00
      vertex   -5.325024e+00 2.340180e+01 -6.000000e+00
    endloop
  endfacet
  facet normal 0.000000e+00 0.000000e+00 1.000000e+00
    outer loop
      vertex   -9.478102e+00 1.726946e+01 -6.000000e+00
      vertex   -9.351551e+00 1.687056e+01 -6.000000e+00
      vertex   -2.971621e+00 1.693587e+01 -6.000000e+00
    endloop
  endfacet
  facet normal 0.000000e+00 0.000000e+00 1.000000e+00
    outer loop
      vertex   -2.971621e+00 1.693587e+01 -6.000000e+00
      vertex   -9.351551e+00 1.687056e+01 -6.000000e+00
      vertex   -9.258802e+00 1.646247e+01 -6.000000e+00
    endloop
  endfacet
  facet normal 0.000000e+00 0.000000e+00 1.000000e+00
    outer loop
      vertex   -2.971621e+00 1.693587e+01 -6.000000e+00
      vertex   -9.258802e+00 1.646247e+01 -6.000000e+00
      vertex   -9.200505e+00 1.604805e+01 -6.000000e+00
    endloop
  endfacet
  facet normal -0.000000e+00 0.000000e+00 1.000000e+00
    outer loop
      vertex   -9.200505e+00 1.604805e+01 -6.000000e+00
      vertex   -9.177067e+00 1.563022e+01 -6.000000e+00
      vertex   -2.971621e+00 1.693587e+01 -6.000000e+00
    endloop
  endfacet
  facet normal 0.000000e+00 0.000000e+00 1.000000e+00
    outer loop
      vertex   -2.971621e+00 1.693587e+01 -6.000000e+00
      vertex   -9.177067e+00 1.563022e+01 -6.000000e+00
      vertex   -2.815986e+00 1.655726e+01 -6.000000e+00
    endloop
  endfacet
  facet normal 0.000000e+00 0.000000e+00 1.000000e+00
    outer loop
      vertex   -2.815986e+00 1.655726e+01 -6.000000e+00
      vertex   -9.177067e+00 1.563022e+01 -6.000000e+00
      vertex   -9.188654e+00 1.521188e+01 -6.000000e+00
    endloop
  endfacet
  facet normal 0.000000e+00 0.000000e+00 1.000000e+00
    outer loop
      vertex   -2.815986e+00 1.655726e+01 -6.000000e+00
      vertex   -9.188654e+00 1.521188e+01 -6.000000e+00
      vertex   -2.629902e+00 1.619266e+01 -6.000000e+00
    endloop
  endfacet
  facet normal 0.000000e+00 0.000000e+00 1.000000e+00
    outer loop
      vertex   -2.629902e+00 1.619266e+01 -6.000000e+00
      vertex   -9.188654e+00 1.521188e+01 -6.000000e+00
      vertex   -9.235183e+00 1.479598e+01 -6.000000e+00
    endloop
  endfacet
  facet normal 0.000000e+00 0.000000e+00 1.000000e+00
    outer loop
      vertex   -2.629902e+00 1.619266e+01 -6.000000e+00
      vertex   -9.235183e+00 1.479598e+01 -6.000000e+00
      vertex   -2.414617e+00 1.584449e+01 -6.000000e+00
    endloop
  endfacet
  facet normal 0.000000e+00 0.000000e+00 1.000000e+00
    outer loop
      vertex   -2.414617e+00 1.584449e+01 -6.000000e+00
      vertex   -9.235183e+00 1.479598e+01 -6.000000e+00
      vertex   -9.316329e+00 1.438543e+01 -6.000000e+00
    endloop
  endfacet
  facet normal 0.000000e+00 0.000000e+00 1.000000e+00
    outer loop
      vertex   -2.414617e+00 1.584449e+01 -6.000000e+00
      vertex   -9.316329e+00 1.438543e+01 -6.000000e+00
      vertex   -2.171572e+00 1.551510e+01 -6.000000e+00
    endloop
  endfacet
  facet normal 0.000000e+00 0.000000e+00 1.000000e+00
    outer loop
      vertex   -2.171572e+00 1.551510e+01 -6.000000e+00
      vertex   -9.316329e+00 1.438543e+01 -6.000000e+00
      vertex   -9.431524e+00 1.398310e+01 -6.000000e+00
    endloop
  endfacet
  facet normal 0.000000e+00 0.000000e+00 1.000000e+00
    outer loop
      vertex   -2.171572e+00 1.551510e+01 -6.000000e+00
      vertex   -9.431524e+00 1.398310e+01 -6.000000e+00
      vertex   -1.902398e+00 1.520670e+01 -6.000000e+00
    endloop
  endfacet
  facet normal 0.000000e+00 0.000000e+00 1.000000e+00
    outer loop
      vertex   -1.902398e+00 1.520670e+01 -6.000000e+00
      vertex   -9.431524e+00 1.398310e+01 -6.000000e+00
      vertex   -9.579960e+00 1.359182e+01 -6.000000e+00
    endloop
  endfacet
  facet normal 0.000000e+00 0.000000e+00 1.000000e+00
    outer loop
      vertex   -1.902398e+00 1.520670e+01 -6.000000e+00
      vertex   -9.579960e+00 1.359182e+01 -6.000000e+00
      vertex   -1.608898e+00 1.492135e+01 -6.000000e+00
    endloop
  endfacet
  facet normal 0.000000e+00 0.000000e+00 1.000000e+00
    outer loop
      vertex   -1.608898e+00 1.492135e+01 -6.000000e+00
      vertex   -9.579960e+00 1.359182e+01 -6.000000e+00
      vertex   -9.760597e+00 1.321431e+01 -6.000000e+00
    endloop
  endfacet
  facet normal 0.000000e+00 0.000000e+00 1.000000e+00
    outer loop
      vertex   -1.608898e+00 1.492135e+01 -6.000000e+00
      vertex   -9.760597e+00 1.321431e+01 -6.000000e+00
      vertex   -1.293039e+00 1.466096e+01 -6.000000e+00
    endloop
  endfacet
  facet normal 0.000000e+00 0.000000e+00 1.000000e+00
    outer loop
      vertex   -1.293039e+00 1.466096e+01 -6.000000e+00
      vertex   -9.760597e+00 1.321431e+01 -6.000000e+00
      vertex   -9.972171e+00 1.285324e+01 -6.000000e+00
    endloop
  endfacet
  facet normal 0.000000e+00 0.000000e+00 1.000000e+00
    outer loop
      vertex   -1.293039e+00 1.466096e+01 -6.000000e+00
      vertex   -9.972171e+00 1.285324e+01 -6.000000e+00
      vertex   -9.569396e-01 1.442729e+01 -6.000000e+00
    endloop
  endfacet
  facet normal 0.000000e+00 0.000000e+00 1.000000e+00
    outer loop
      vertex   -9.569396e-01 1.442729e+01 -6.000000e+00
      vertex   -9.972171e+00 1.285324e+01 -6.000000e+00
      vertex   -1.021320e+01 1.251112e+01 -6.000000e+00
    endloop
  endfacet
  facet normal 0.000000e+00 0.000000e+00 1.000000e+00
    outer loop
      vertex   -9.569396e-01 1.442729e+01 -6.000000e+00
      vertex   -1.021320e+01 1.251112e+01 -6.000000e+00
      vertex   -6.028513e-01 1.422189e+01 -6.000000e+00
    endloop
  endfacet
  facet normal 0.000000e+00 0.000000e+00 1.000000e+00
    outer loop
      vertex   -6.028513e-01 1.422189e+01 -6.000000e+00
      vertex   -1.021320e+01 1.251112e+01 -6.000000e+00
      vertex   -1.048199e+01 1.219036e+01 -6.000000e+00
    endloop
  endfacet
  facet normal 0.000000e+00 0.000000e+00 1.000000e+00
    outer loop
      vertex   -6.028513e-01 1.422189e+01 -6.000000e+00
      vertex   -1.048199e+01 1.219036e+01 -6.000000e+00
      vertex   -2.331478e-01 1.404614e+01 -6.000000e+00
    endloop
  endfacet
  facet normal 0.000000e+00 0.000000e+00 1.000000e+00
    outer loop
      vertex   -2.331478e-01 1.404614e+01 -6.000000e+00
      vertex   -1.048199e+01 1.219036e+01 -6.000000e+00
      vertex   -1.077667e+01 1.189320e+01 -6.000000e+00
    endloop
  endfacet
  facet normal 0.000000e+00 0.000000e+00 1.000000e+00
    outer loop
      vertex   -2.331478e-01 1.404614e+01 -6.000000e+00
      vertex   -1.077667e+01 1.189320e+01 -6.000000e+00
      vertex   1.496929e-01 1.390123e+01 -6.000000e+00
    endloop
  endfacet
  facet normal 0.000000e+00 0.000000e+00 1.000000e+00
    outer loop
      vertex   1.496929e-01 1.390123e+01 -6.000000e+00
      vertex   -1.077667e+01 1.189320e+01 -6.000000e+00
      vertex   -1.272517e+01 1.997352e+00 -6.000000e+00
    endloop
  endfacet
  facet normal 0.000000e+00 0.000000e+00 1.000000e+00
    outer loop
      vertex   1.496929e-01 1.390123e+01 -6.000000e+00
      vertex   -1.272517e+01 1.997352e+00 -6.000000e+00
      vertex   5.431047e-01 1.378812e+01 -6.000000e+00
    endloop
  endfacet
  facet normal 0.000000e+00 0.000000e+00 1.000000e+00
    outer loop
      vertex   5.431047e-01 1.378812e+01 -6.000000e+00
      vertex   -1.272517e+01 1.997352e+00 -6.000000e+00
      vertex   -1.254633e+01 1.629137e+00 -6.000000e+00
    endloop
  endfacet
  facet normal 0.000000e+00 0.000000e+00 1.000000e+00
    outer loop
      vertex   5.431047e-01 1.378812e+01 -6.000000e+00
      vertex   -1.254633e+01 1.629137e+00 -6.000000e+00
      vertex   9.444507e-01 1.370757e+01 -6.000000e+00
    endloop
  endfacet
  facet normal 0.000000e+00 0.000000e+00 1.000000e+00
    outer loop
      vertex   9.444507e-01 1.370757e+01 -6.000000e+00
      vertex   -1.254633e+01 1.629137e+00 -6.000000e+00
      vertex   7.073495e+00 1.067919e+01 -6.000000e+00
    endloop
  endfacet
  facet normal 0.000000e+00 0.000000e+00 1.000000e+00
    outer loop
      vertex   9.444507e-01 1.370757e+01 -6.000000e+00
      vertex   7.073495e+00 1.067919e+01 -6.000000e+00
      vertex   6.604712e+00 1.110149e+01 -6.000000e+00
    endloop
  endfacet
  facet normal 0.000000e+00 0.000000e+00 1.000000e+00
    outer loop
      vertex   -1.077667e+01 1.189320e+01 -6.000000e+00
      vertex   -1.109516e+01 1.162173e+01 -6.000000e+00
      vertex   -1.272517e+01 1.997352e+00 -6.000000e+00
    endloop
  endfacet
  facet normal 0.000000e+00 -0.000000e+00 1.000000e+00
    outer loop
      vertex   -1.272517e+01 1.997352e+00 -6.000000e+00
      vertex   -1.109516e+01 1.162173e+01 -6.000000e+00
      vertex   -1.293354e+01 2.349703e+00 -6.000000e+00
    endloop
  endfacet
  facet normal 0.000000e+00 0.000000e+00 1.000000e+00
    outer loop
      vertex   -1.293354e+01 2.349703e+00 -6.000000e+00
      vertex   -1.109516e+01 1.162173e+01 -6.000000e+00
      vertex   -1.143524e+01 1.137783e+01 -6.000000e+00
    endloop
  endfacet
  facet normal 0.000000e+00 -0.000000e+00 1.000000e+00
    outer loop
      vertex   -1.293354e+01 2.349703e+00 -6.000000e+00
      vertex   -1.143524e+01 1.137783e+01 -6.000000e+00
      vertex   -1.317003e+01 2.683829e+00 -6.000000e+00
    endloop
  endfacet
  facet normal 0.000000e+00 -0.000000e+00 1.000000e+00
    outer loop
      vertex   -1.317003e+01 2.683829e+00 -6.000000e+00
      vertex   -1.143524e+01 1.137783e+01 -6.000000e+00
      vertex   -1.343305e+01 2.997490e+00 -6.000000e+00
    endloop
  endfacet
  facet normal 0.000000e+00 0.000000e+00 1.000000e+00
    outer loop
      vertex   -1.343305e+01 2.997490e+00 -6.000000e+00
      vertex   -1.143524e+01 1.137783e+01 -6.000000e+00
      vertex   -1.179453e+01 1.116324e+01 -6.000000e+00
    endloop
  endfacet
  facet normal 0.000000e+00 -0.000000e+00 1.000000e+00
    outer loop
      vertex   -1.343305e+01 2.997490e+00 -6.000000e+00
      vertex   -1.179453e+01 1.116324e+01 -6.000000e+00
      vertex   -1.372086e+01 3.288584e+00 -6.000000e+00
    endloop
  endfacet
  facet normal 0.000000e+00 0.000000e+00 1.000000e+00
    outer loop
      vertex   -1.372086e+01 3.288584e+00 -6.000000e+00
      vertex   -1.179453e+01 1.116324e+01 -6.000000e+00
      vertex   -1.217050e+01 1.097943e+01 -6.000000e+00
    endloop
  endfacet
  facet normal 0.000000e+00 -0.000000e+00 1.000000e+00
    outer loop
      vertex   -1.372086e+01 3.288584e+00 -6.000000e+00
      vertex   -1.217050e+01 1.097943e+01 -6.000000e+00
      vertex   -1.403151e+01 3.555159e+00 -6.000000e+00
    endloop
  endfacet
  facet normal 0.000000e+00 0.000000e+00 1.000000e+00
    outer loop
      vertex   -1.403151e+01 3.555159e+00 -6.000000e+00
      vertex   -1.217050e+01 1.097943e+01 -6.000000e+00
      vertex   -1.256052e+01 1.082772e+01 -6.000000e+00
    endloop
  endfacet
  facet normal 0.000000e+00 -0.000000e+00 1.000000e+00
    outer loop
      vertex   -1.403151e+01 3.555159e+00 -6.000000e+00
      vertex   -1.256052e+01 1.082772e+01 -6.000000e+00
      vertex   -1.436293e+01 3.795429e+00 -6.000000e+00
    endloop
  endfacet
  facet normal 0.000000e+00 0.000000e+00 1.000000e+00
    outer loop
      vertex   -1.436293e+01 3.795429e+00 -6.000000e+00
      vertex   -1.256052e+01 1.082772e+01 -6.000000e+00
      vertex   -1.296187e+01 1.070915e+01 -6.000000e+00
    endloop
  endfacet
  facet normal 0.000000e+00 -0.000000e+00 1.000000e+00
    outer loop
      vertex   -1.436293e+01 3.795429e+00 -6.000000e+00
      vertex   -1.296187e+01 1.070915e+01 -6.000000e+00
      vertex   -1.471289e+01 4.007784e+00 -6.000000e+00
    endloop
  endfacet
  facet normal 0.000000e+00 0.000000e+00 1.000000e+00
    outer loop
      vertex   -1.471289e+01 4.007784e+00 -6.000000e+00
      vertex   -1.296187e+01 1.070915e+01 -6.000000e+00
      vertex   -1.337173e+01 1.062456e+01 -6.000000e+00
    endloop
  endfacet
  facet normal 0.000000e+00 -0.000000e+00 1.000000e+00
    outer loop
      vertex   -1.471289e+01 4.007784e+00 -6.000000e+00
      vertex   -1.337173e+01 1.062456e+01 -6.000000e+00
      vertex   -1.507905e+01 4.190800e+00 -6.000000e+00
    endloop
  endfacet
  facet normal 0.000000e+00 0.000000e+00 1.000000e+00
    outer loop
      vertex   -1.507905e+01 4.190800e+00 -6.000000e+00
      vertex   -1.337173e+01 1.062456e+01 -6.000000e+00
      vertex   -1.378722e+01 1.057454e+01 -6.000000e+00
    endloop
  endfacet
  facet normal 0.000000e+00 -0.000000e+00 1.000000e+00
    outer loop
      vertex   -1.507905e+01 4.190800e+00 -6.000000e+00
      vertex   -1.378722e+01 1.057454e+01 -6.000000e+00
      vertex   -1.545895e+01 4.343250e+00 -6.000000e+00
    endloop
  endfacet
  facet normal 0.000000e+00 0.000000e+00 1.000000e+00
    outer loop
      vertex   -1.545895e+01 4.343250e+00 -6.000000e+00
      vertex   -1.378722e+01 1.057454e+01 -6.000000e+00
      vertex   -1.420544e+01 1.055944e+01 -6.000000e+00
    endloop
  endfacet
  facet normal 0.000000e+00 0.000000e+00 1.000000e+00
    outer loop
      vertex   -1.545895e+01 4.343250e+00 -6.000000e+00
      vertex   -1.420544e+01 1.055944e+01 -6.000000e+00
      vertex   -1.462346e+01 1.057937e+01 -6.000000e+00
    endloop
  endfacet
  facet normal 0.000000e+00 0.000000e+00 1.000000e+00
    outer loop
      vertex   -1.462346e+01 1.057937e+01 -6.000000e+00
      vertex   -1.503835e+01 1.063418e+01 -6.000000e+00
      vertex   -1.545895e+01 4.343250e+00 -6.000000e+00
    endloop
  endfacet
  facet normal 0.000000e+00 0.000000e+00 1.000000e+00
    outer loop
      vertex   -1.545895e+01 4.343250e+00 -6.000000e+00
      vertex   -1.503835e+01 1.063418e+01 -6.000000e+00
      vertex   -1.544720e+01 1.072350e+01 -6.000000e+00
    endloop
  endfacet
  facet normal 0.000000e+00 -0.000000e+00 1.000000e+00
    outer loop
      vertex   -1.545895e+01 4.343250e+00 -6.000000e+00
      vertex   -1.544720e+01 1.072350e+01 -6.000000e+00
      vertex   -1.584715e+01 1.084670e+01 -6.000000e+00
    endloop
  endfacet
  facet normal 0.000000e+00 0.000000e+00 1.000000e+00
    outer loop
      vertex   -1.545895e+01 4.343250e+00 -6.000000e+00
      vertex   -1.584715e+01 1.084670e+01 -6.000000e+00
      vertex   -2.668620e+01 8.323197e+00 -6.000000e+00
    endloop
  endfacet
  facet normal 0.000000e+00 0.000000e+00 1.000000e+00
    outer loop
      vertex   -2.668620e+01 8.323197e+00 -6.000000e+00
      vertex   -1.584715e+01 1.084670e+01 -6.000000e+00
      vertex   -2.468149e+01 1.397838e+01 -6.000000e+00
    endloop
  endfacet
  facet normal 0.000000e+00 -0.000000e+00 1.000000e+00
    outer loop
      vertex   -2.668620e+01 8.323197e+00 -6.000000e+00
      vertex   -2.468149e+01 1.397838e+01 -6.000000e+00
      vertex   -2.845586e+01 1.000366e+01 -6.000000e+00
    endloop
  endfacet
  facet normal 0.000000e+00 -0.000000e+00 1.000000e+00
    outer loop
      vertex   -2.845586e+01 1.000366e+01 -6.000000e+00
      vertex   -2.468149e+01 1.397838e+01 -6.000000e+00
      vertex   -2.856058e+01 1.029969e+01 -6.000000e+00
    endloop
  endfacet
  facet normal 0.000000e+00 -0.000000e+00 1.000000e+00
    outer loop
      vertex   -2.856058e+01 1.029969e+01 -6.000000e+00
      vertex   -2.468149e+01 1.397838e+01 -6.000000e+00
      vertex   -2.863379e+01 1.060506e+01 -6.000000e+00
    endloop
  endfacet
  facet normal 0.000000e+00 -0.000000e+00 1.000000e+00
    outer loop
      vertex   -2.863379e+01 1.060506e+01 -6.000000e+00
      vertex   -2.468149e+01 1.397838e+01 -6.000000e+00
      vertex   -2.867467e+01 1.091640e+01 -6.000000e+00
    endloop
  endfacet
  facet normal 0.000000e+00 -0.000000e+00 1.000000e+00
    outer loop
      vertex   -2.867467e+01 1.091640e+01 -6.000000e+00
      vertex   -2.468149e+01 1.397838e+01 -6.000000e+00
      vertex   -2.868279e+01 1.123031e+01 -6.000000e+00
    endloop
  endfacet
  facet normal 0.000000e+00 0.000000e+00 1.000000e+00
    outer loop
      vertex   -2.868279e+01 1.123031e+01 -6.000000e+00
      vertex   -2.468149e+01 1.397838e+01 -6.000000e+00
      vertex   -2.865805e+01 1.154335e+01 -6.000000e+00
    endloop
  endfacet
  facet normal 0.000000e+00 0.000000e+00 1.000000e+00
    outer loop
      vertex   -2.865805e+01 1.154335e+01 -6.000000e+00
      vertex   -2.468149e+01 1.397838e+01 -6.000000e+00
      vertex   -2.860072e+01 1.185209e+01 -6.000000e+00
    endloop
  endfacet
  facet normal 0.000000e+00 0.000000e+00 1.000000e+00
    outer loop
      vertex   -2.860072e+01 1.185209e+01 -6.000000e+00
      vertex   -2.468149e+01 1.397838e+01 -6.000000e+00
      vertex   -2.851144e+01 1.215314e+01 -6.000000e+00
    endloop
  endfacet
  facet normal 0.000000e+00 0.000000e+00 1.000000e+00
    outer loop
      vertex   -2.851144e+01 1.215314e+01 -6.000000e+00
      vertex   -2.468149e+01 1.397838e+01 -6.000000e+00
      vertex   -2.839117e+01 1.244322e+01 -6.000000e+00
    endloop
  endfacet
  facet normal 0.000000e+00 0.000000e+00 1.000000e+00
    outer loop
      vertex   -2.839117e+01 1.244322e+01 -6.000000e+00
      vertex   -2.468149e+01 1.397838e+01 -6.000000e+00
      vertex   -2.824125e+01 1.271913e+01 -6.000000e+00
    endloop
  endfacet
  facet normal 0.000000e+00 0.000000e+00 1.000000e+00
    outer loop
      vertex   -2.824125e+01 1.271913e+01 -6.000000e+00
      vertex   -2.468149e+01 1.397838e+01 -6.000000e+00
      vertex   -2.806330e+01 1.297786e+01 -6.000000e+00
    endloop
  endfacet
  facet normal 0.000000e+00 0.000000e+00 1.000000e+00
    outer loop
      vertex   -2.806330e+01 1.297786e+01 -6.000000e+00
      vertex   -2.468149e+01 1.397838e+01 -6.000000e+00
      vertex   -2.785929e+01 1.321657e+01 -6.000000e+00
    endloop
  endfacet
  facet normal 0.000000e+00 0.000000e+00 1.000000e+00
    outer loop
      vertex   -2.785929e+01 1.321657e+01 -6.000000e+00
      vertex   -2.468149e+01 1.397838e+01 -6.000000e+00
      vertex   -2.763144e+01 1.343265e+01 -6.000000e+00
    endloop
  endfacet
  facet normal 0.000000e+00 0.000000e+00 1.000000e+00
    outer loop
      vertex   -2.763144e+01 1.343265e+01 -6.000000e+00
      vertex   -2.468149e+01 1.397838e+01 -6.000000e+00
      vertex   -2.738225e+01 1.362373e+01 -6.000000e+00
    endloop
  endfacet
  facet normal 0.000000e+00 0.000000e+00 1.000000e+00
    outer loop
      vertex   -2.738225e+01 1.362373e+01 -6.000000e+00
      vertex   -2.468149e+01 1.397838e+01 -6.000000e+00
      vertex   -2.711445e+01 1.378771e+01 -6.000000e+00
    endloop
  endfacet
  facet normal 0.000000e+00 0.000000e+00 1.000000e+00
    outer loop
      vertex   -2.711445e+01 1.378771e+01 -6.000000e+00
      vertex   -2.468149e+01 1.397838e+01 -6.000000e+00
      vertex   -2.683098e+01 1.392281e+01 -6.000000e+00
    endloop
  endfacet
  facet normal 0.000000e+00 0.000000e+00 1.000000e+00
    outer loop
      vertex   -2.683098e+01 1.392281e+01 -6.000000e+00
      vertex   -2.468149e+01 1.397838e+01 -6.000000e+00
      vertex   -2.653494e+01 1.402753e+01 -6.000000e+00
    endloop
  endfacet
  facet normal -0.000000e+00 0.000000e+00 1.000000e+00
    outer loop
      vertex   -2.653494e+01 1.402753e+01 -6.000000e+00
      vertex   -2.468149e+01 1.397838e+01 -6.000000e+00
      vertex   -2.498255e+01 1.406767e+01 -6.000000e+00
    endloop
  endfacet
  facet normal 0.000000e+00 0.000000e+00 1.000000e+00
    outer loop
      vertex   -2.653494e+01 1.402753e+01 -6.000000e+00
      vertex   -2.498255e+01 1.406767e+01 -6.000000e+00
      vertex   -2.622958e+01 1.410074e+01 -6.000000e+00
    endloop
  endfacet
  facet normal -0.000000e+00 0.000000e+00 1.000000e+00
    outer loop
      vertex   -2.622958e+01 1.410074e+01 -6.000000e+00
      vertex   -2.498255e+01 1.406767e+01 -6.000000e+00
      vertex   -2.529128e+01 1.412500e+01 -6.000000e+00
    endloop
  endfacet
  facet normal 0.000000e+00 0.000000e+00 1.000000e+00
    outer loop
      vertex   -2.622958e+01 1.410074e+01 -6.000000e+00
      vertex   -2.529128e+01 1.412500e+01 -6.000000e+00
      vertex   -2.591823e+01 1.414162e+01 -6.000000e+00
    endloop
  endfacet
  facet normal -0.000000e+00 0.000000e+00 1.000000e+00
    outer loop
      vertex   -2.591823e+01 1.414162e+01 -6.000000e+00
      vertex   -2.529128e+01 1.412500e+01 -6.000000e+00
      vertex   -2.560432e+01 1.414974e+01 -6.000000e+00
    endloop
  endfacet
  facet normal 0.000000e+00 0.000000e+00 1.000000e+00
    outer loop
      vertex   -2.845586e+01 1.000366e+01 -6.000000e+00
      vertex   -2.832077e+01 9.720185e+00 -6.000000e+00
      vertex   -2.668620e+01 8.323197e+00 -6.000000e+00
    endloop
  endfacet
  facet normal 0.000000e+00 0.000000e+00 1.000000e+00
    outer loop
      vertex   -2.668620e+01 8.323197e+00 -6.000000e+00
      vertex   -2.832077e+01 9.720185e+00 -6.000000e+00
      vertex   -2.815678e+01 9.452388e+00 -6.000000e+00
    endloop
  endfacet
  facet normal 0.000000e+00 0.000000e+00 1.000000e+00
    outer loop
      vertex   -2.668620e+01 8.323197e+00 -6.000000e+00
      vertex   -2.815678e+01 9.452388e+00 -6.000000e+00
      vertex   -2.796571e+01 9.203200e+00 -6.000000e+00
    endloop
  endfacet
  facet normal 0.000000e+00 0.000000e+00 1.000000e+00
    outer loop
      vertex   -2.796571e+01 9.203200e+00 -6.000000e+00
      vertex   -2.774963e+01 8.975349e+00 -6.000000e+00
      vertex   -2.668620e+01 8.323197e+00 -6.000000e+00
    endloop
  endfacet
  facet normal 0.000000e+00 0.000000e+00 1.000000e+00
    outer loop
      vertex   -2.668620e+01 8.323197e+00 -6.000000e+00
      vertex   -2.774963e+01 8.975349e+00 -6.000000e+00
      vertex   -2.751091e+01 8.771334e+00 -6.000000e+00
    endloop
  endfacet
  facet normal 0.000000e+00 0.000000e+00 1.000000e+00
    outer loop
      vertex   -2.668620e+01 8.323197e+00 -6.000000e+00
      vertex   -2.751091e+01 8.771334e+00 -6.000000e+00
      vertex   -2.725218e+01 8.593388e+00 -6.000000e+00
    endloop
  endfacet
  facet normal 0.000000e+00 0.000000e+00 1.000000e+00
    outer loop
      vertex   -2.725218e+01 8.593388e+00 -6.000000e+00
      vertex   -2.697627e+01 8.443461e+00 -6.000000e+00
      vertex   -2.668620e+01 8.323197e+00 -6.000000e+00
    endloop
  endfacet
  facet normal 0.000000e+00 -0.000000e+00 1.000000e+00
    outer loop
      vertex   -1.239821e+01 1.247527e+00 -6.000000e+00
      vertex   7.938124e+00 9.760715e+00 -6.000000e+00
      vertex   -1.254633e+01 1.629137e+00 -6.000000e+00
    endloop
  endfacet
  facet normal 0.000000e+00 0.000000e+00 1.000000e+00
    outer loop
      vertex   -1.254633e+01 1.629137e+00 -6.000000e+00
      vertex   7.938124e+00 9.760715e+00 -6.000000e+00
      vertex   7.518412e+00 1.023182e+01 -6.000000e+00
    endloop
  endfacet
  facet normal 0.000000e+00 0.000000e+00 1.000000e+00
    outer loop
      vertex   -1.254633e+01 1.629137e+00 -6.000000e+00
      vertex   7.518412e+00 1.023182e+01 -6.000000e+00
      vertex   7.073495e+00 1.067919e+01 -6.000000e+00
    endloop
  endfacet
  facet normal 0.000000e+00 -0.000000e+00 1.000000e+00
    outer loop
      vertex   -1.228179e+01 8.550787e-01 -6.000000e+00
      vertex   1.007470e+01 5.925635e+00 -6.000000e+00
      vertex   -1.239821e+01 1.247527e+00 -6.000000e+00
    endloop
  endfacet
  facet normal 0.000000e+00 0.000000e+00 1.000000e+00
    outer loop
      vertex   -1.239821e+01 1.247527e+00 -6.000000e+00
      vertex   1.007470e+01 5.925635e+00 -6.000000e+00
      vertex   9.862100e+00 6.519686e+00 -6.000000e+00
    endloop
  endfacet
  facet normal 0.000000e+00 0.000000e+00 1.000000e+00
    outer loop
      vertex   -1.239821e+01 1.247527e+00 -6.000000e+00
      vertex   9.862100e+00 6.519686e+00 -6.000000e+00
      vertex   9.617244e+00 7.101184e+00 -6.000000e+00
    endloop
  endfacet
  facet normal 0.000000e+00 -0.000000e+00 1.000000e+00
    outer loop
      vertex   -1.219788e+01 4.544231e-01 -6.000000e+00
      vertex   1.064398e+01 2.199798e+00 -6.000000e+00
      vertex   -1.228179e+01 8.550787e-01 -6.000000e+00
    endloop
  endfacet
  facet normal 0.000000e+00 0.000000e+00 1.000000e+00
    outer loop
      vertex   -1.228179e+01 8.550787e-01 -6.000000e+00
      vertex   1.064398e+01 2.199798e+00 -6.000000e+00
      vertex   1.063487e+01 2.830679e+00 -6.000000e+00
    endloop
  endfacet
  facet normal 0.000000e+00 0.000000e+00 1.000000e+00
    outer loop
      vertex   -1.228179e+01 8.550787e-01 -6.000000e+00
      vertex   1.063487e+01 2.830679e+00 -6.000000e+00
      vertex   1.059117e+01 3.460110e+00 -6.000000e+00
    endloop
  endfacet
  facet normal 0.000000e+00 -0.000000e+00 1.000000e+00
    outer loop
      vertex   -1.207689e+01 -1.648140e-01 -6.000000e+00
      vertex   1.046404e+01 3.174381e-01 -6.000000e+00
      vertex   -1.219788e+01 4.544231e-01 -6.000000e+00
    endloop
  endfacet
  facet normal -0.000000e+00 0.000000e+00 1.000000e+00
    outer loop
      vertex   -1.219788e+01 4.544231e-01 -6.000000e+00
      vertex   1.046404e+01 3.174381e-01 -6.000000e+00
      vertex   1.055844e+01 9.412834e-01 -6.000000e+00
    endloop
  endfacet
  facet normal 0.000000e+00 0.000000e+00 1.000000e+00
    outer loop
      vertex   -1.219788e+01 4.544231e-01 -6.000000e+00
      vertex   1.055844e+01 9.412834e-01 -6.000000e+00
      vertex   1.061848e+01 1.569367e+00 -6.000000e+00
    endloop
  endfacet
  facet normal 0.000000e+00 0.000000e+00 1.000000e+00
    outer loop
      vertex   1.046404e+01 3.174381e-01 -6.000000e+00
      vertex   -1.207689e+01 -1.648140e-01 -6.000000e+00
      vertex   1.033557e+01 -3.002912e-01 -6.000000e+00
    endloop
  endfacet
  facet normal 0.000000e+00 0.000000e+00 1.000000e+00
    outer loop
      vertex   1.033557e+01 -3.002912e-01 -6.000000e+00
      vertex   -1.207689e+01 -1.648140e-01 -6.000000e+00
      vertex   -1.192211e+01 -7.764835e-01 -6.000000e+00
    endloop
  endfacet
  facet normal 0.000000e+00 0.000000e+00 1.000000e+00
    outer loop
      vertex   1.033557e+01 -3.002912e-01 -6.000000e+00
      vertex   -1.192211e+01 -7.764835e-01 -6.000000e+00
      vertex   1.017342e+01 -9.100450e-01 -6.000000e+00
    endloop
  endfacet
  facet normal 0.000000e+00 0.000000e+00 1.000000e+00
    outer loop
      vertex   1.017342e+01 -9.100450e-01 -6.000000e+00
      vertex   -1.192211e+01 -7.764835e-01 -6.000000e+00
      vertex   -1.173403e+01 -1.378744e+00 -6.000000e+00
    endloop
  endfacet
  facet normal 0.000000e+00 0.000000e+00 1.000000e+00
    outer loop
      vertex   1.017342e+01 -9.100450e-01 -6.000000e+00
      vertex   -1.173403e+01 -1.378744e+00 -6.000000e+00
      vertex   9.978067e+00 -1.509988e+00 -6.000000e+00
    endloop
  endfacet
  facet normal 0.000000e+00 0.000000e+00 1.000000e+00
    outer loop
      vertex   9.978067e+00 -1.509988e+00 -6.000000e+00
      vertex   -1.173403e+01 -1.378744e+00 -6.000000e+00
      vertex   -1.151320e+01 -1.969783e+00 -6.000000e+00
    endloop
  endfacet
  facet normal 0.000000e+00 0.000000e+00 1.000000e+00
    outer loop
      vertex   9.978067e+00 -1.509988e+00 -6.000000e+00
      vertex   -1.151320e+01 -1.969783e+00 -6.000000e+00
      vertex   9.750106e+00 -2.098314e+00 -6.000000e+00
    endloop
  endfacet
  facet normal 0.000000e+00 0.000000e+00 1.000000e+00
    outer loop
      vertex   9.750106e+00 -2.098314e+00 -6.000000e+00
      vertex   -1.151320e+01 -1.969783e+00 -6.000000e+00
      vertex   -1.126028e+01 -2.547821e+00 -6.000000e+00
    endloop
  endfacet
  facet normal 0.000000e+00 0.000000e+00 1.000000e+00
    outer loop
      vertex   9.750106e+00 -2.098314e+00 -6.000000e+00
      vertex   -1.126028e+01 -2.547821e+00 -6.000000e+00
      vertex   9.490222e+00 -2.673252e+00 -6.000000e+00
    endloop
  endfacet
  facet normal 0.000000e+00 0.000000e+00 1.000000e+00
    outer loop
      vertex   9.490222e+00 -2.673252e+00 -6.000000e+00
      vertex   -1.126028e+01 -2.547821e+00 -6.000000e+00
      vertex   -1.097605e+01 -3.111118e+00 -6.000000e+00
    endloop
  endfacet
  facet normal 0.000000e+00 0.000000e+00 1.000000e+00
    outer loop
      vertex   9.490222e+00 -2.673252e+00 -6.000000e+00
      vertex   -1.097605e+01 -3.111118e+00 -6.000000e+00
      vertex   9.199197e+00 -3.233072e+00 -6.000000e+00
    endloop
  endfacet
  facet normal 0.000000e+00 0.000000e+00 1.000000e+00
    outer loop
      vertex   9.199197e+00 -3.233072e+00 -6.000000e+00
      vertex   -1.097605e+01 -3.111118e+00 -6.000000e+00
      vertex   -1.066135e+01 -3.657978e+00 -6.000000e+00
    endloop
  endfacet
  facet normal 0.000000e+00 0.000000e+00 1.000000e+00
    outer loop
      vertex   9.199197e+00 -3.233072e+00 -6.000000e+00
      vertex   -1.066135e+01 -3.657978e+00 -6.000000e+00
      vertex   8.877907e+00 -3.776088e+00 -6.000000e+00
    endloop
  endfacet
  facet normal 0.000000e+00 0.000000e+00 1.000000e+00
    outer loop
      vertex   8.877907e+00 -3.776088e+00 -6.000000e+00
      vertex   -1.066135e+01 -3.657978e+00 -6.000000e+00
      vertex   -1.031713e+01 -4.186756e+00 -6.000000e+00
    endloop
  endfacet
  facet normal 0.000000e+00 0.000000e+00 1.000000e+00
    outer loop
      vertex   8.877907e+00 -3.776088e+00 -6.000000e+00
      vertex   -1.031713e+01 -4.186756e+00 -6.000000e+00
      vertex   8.527320e+00 -4.300666e+00 -6.000000e+00
    endloop
  endfacet
  facet normal 0.000000e+00 0.000000e+00 1.000000e+00
    outer loop
      vertex   8.527320e+00 -4.300666e+00 -6.000000e+00
      vertex   -1.031713e+01 -4.186756e+00 -6.000000e+00
      vertex   -9.944423e+00 -4.695859e+00 -6.000000e+00
    endloop
  endfacet
  facet normal 0.000000e+00 0.000000e+00 1.000000e+00
    outer loop
      vertex   8.527320e+00 -4.300666e+00 -6.000000e+00
      vertex   -9.944423e+00 -4.695859e+00 -6.000000e+00
      vertex   8.148490e+00 -4.805226e+00 -6.000000e+00
    endloop
  endfacet
  facet normal 0.000000e+00 0.000000e+00 1.000000e+00
    outer loop
      vertex   8.148490e+00 -4.805226e+00 -6.000000e+00
      vertex   -9.944423e+00 -4.695859e+00 -6.000000e+00
      vertex   -9.544360e+00 -5.183756e+00 -6.000000e+00
    endloop
  endfacet
  facet normal 0.000000e+00 0.000000e+00 1.000000e+00
    outer loop
      vertex   8.148490e+00 -4.805226e+00 -6.000000e+00
      vertex   -9.544360e+00 -5.183756e+00 -6.000000e+00
      vertex   7.742558e+00 -5.288251e+00 -6.000000e+00
    endloop
  endfacet
  facet normal 0.000000e+00 0.000000e+00 1.000000e+00
    outer loop
      vertex   7.742558e+00 -5.288251e+00 -6.000000e+00
      vertex   -9.544360e+00 -5.183756e+00 -6.000000e+00
      vertex   -9.118140e+00 -5.648977e+00 -6.000000e+00
    endloop
  endfacet
  facet normal 0.000000e+00 0.000000e+00 1.000000e+00
    outer loop
      vertex   7.742558e+00 -5.288251e+00 -6.000000e+00
      vertex   -9.118140e+00 -5.648977e+00 -6.000000e+00
      vertex   7.310745e+00 -5.748285e+00 -6.000000e+00
    endloop
  endfacet
  facet normal 0.000000e+00 0.000000e+00 1.000000e+00
    outer loop
      vertex   7.310745e+00 -5.748285e+00 -6.000000e+00
      vertex   -9.118140e+00 -5.648977e+00 -6.000000e+00
      vertex   -8.667048e+00 -6.090122e+00 -6.000000e+00
    endloop
  endfacet
  facet normal 0.000000e+00 0.000000e+00 1.000000e+00
    outer loop
      vertex   7.310745e+00 -5.748285e+00 -6.000000e+00
      vertex   -8.667048e+00 -6.090122e+00 -6.000000e+00
      vertex   6.854353e+00 -6.183945e+00 -6.000000e+00
    endloop
  endfacet
  facet normal 0.000000e+00 0.000000e+00 1.000000e+00
    outer loop
      vertex   6.854353e+00 -6.183945e+00 -6.000000e+00
      vertex   -8.667048e+00 -6.090122e+00 -6.000000e+00
      vertex   -8.192440e+00 -6.505864e+00 -6.000000e+00
    endloop
  endfacet
  facet normal 0.000000e+00 0.000000e+00 1.000000e+00
    outer loop
      vertex   6.854353e+00 -6.183945e+00 -6.000000e+00
      vertex   -8.192440e+00 -6.505864e+00 -6.000000e+00
      vertex   6.374754e+00 -6.593918e+00 -6.000000e+00
    endloop
  endfacet
  facet normal 0.000000e+00 0.000000e+00 1.000000e+00
    outer loop
      vertex   6.374754e+00 -6.593918e+00 -6.000000e+00
      vertex   -8.192440e+00 -6.505864e+00 -6.000000e+00
      vertex   -7.695745e+00 -6.894950e+00 -6.000000e+00
    endloop
  endfacet
  facet normal 0.000000e+00 0.000000e+00 1.000000e+00
    outer loop
      vertex   6.374754e+00 -6.593918e+00 -6.000000e+00
      vertex   -7.695745e+00 -6.894950e+00 -6.000000e+00
      vertex   5.873392e+00 -6.976972e+00 -6.000000e+00
    endloop
  endfacet
  facet normal 0.000000e+00 0.000000e+00 1.000000e+00
    outer loop
      vertex   5.873392e+00 -6.976972e+00 -6.000000e+00
      vertex   -7.695745e+00 -6.894950e+00 -6.000000e+00
      vertex   -7.178459e+00 -7.256210e+00 -6.000000e+00
    endloop
  endfacet
  facet normal 0.000000e+00 0.000000e+00 1.000000e+00
    outer loop
      vertex   5.873392e+00 -6.976972e+00 -6.000000e+00
      vertex   -7.178459e+00 -7.256210e+00 -6.000000e+00
      vertex   5.351776e+00 -7.331951e+00 -6.000000e+00
    endloop
  endfacet
  facet normal 0.000000e+00 0.000000e+00 1.000000e+00
    outer loop
      vertex   5.351776e+00 -7.331951e+00 -6.000000e+00
      vertex   -7.178459e+00 -7.256210e+00 -6.000000e+00
      vertex   -6.642139e+00 -7.588555e+00 -6.000000e+00
    endloop
  endfacet
  facet normal 0.000000e+00 0.000000e+00 1.000000e+00
    outer loop
      vertex   5.351776e+00 -7.331951e+00 -6.000000e+00
      vertex   -6.642139e+00 -7.588555e+00 -6.000000e+00
      vertex   4.811477e+00 -7.657789e+00 -6.000000e+00
    endloop
  endfacet
  facet normal 0.000000e+00 0.000000e+00 1.000000e+00
    outer loop
      vertex   4.811477e+00 -7.657789e+00 -6.000000e+00
      vertex   -6.642139e+00 -7.588555e+00 -6.000000e+00
      vertex   -6.088398e+00 -7.890987e+00 -6.000000e+00
    endloop
  endfacet
  facet normal 0.000000e+00 0.000000e+00 1.000000e+00
    outer loop
      vertex   4.811477e+00 -7.657789e+00 -6.000000e+00
      vertex   -6.088398e+00 -7.890987e+00 -6.000000e+00
      vertex   4.254121e+00 -7.953505e+00 -6.000000e+00
    endloop
  endfacet
  facet normal 0.000000e+00 0.000000e+00 1.000000e+00
    outer loop
      vertex   4.254121e+00 -7.953505e+00 -6.000000e+00
      vertex   -6.088398e+00 -7.890987e+00 -6.000000e+00
      vertex   -5.518904e+00 -8.162594e+00 -6.000000e+00
    endloop
  endfacet
  facet normal 0.000000e+00 0.000000e+00 1.000000e+00
    outer loop
      vertex   4.254121e+00 -7.953505e+00 -6.000000e+00
      vertex   -5.518904e+00 -8.162594e+00 -6.000000e+00
      vertex   3.681385e+00 -8.218207e+00 -6.000000e+00
    endloop
  endfacet
  facet normal 0.000000e+00 0.000000e+00 1.000000e+00
    outer loop
      vertex   3.681385e+00 -8.218207e+00 -6.000000e+00
      vertex   -5.518904e+00 -8.162594e+00 -6.000000e+00
      vertex   -4.935371e+00 -8.402558e+00 -6.000000e+00
    endloop
  endfacet
  facet normal 0.000000e+00 0.000000e+00 1.000000e+00
    outer loop
      vertex   3.681385e+00 -8.218207e+00 -6.000000e+00
      vertex   -4.935371e+00 -8.402558e+00 -6.000000e+00
      vertex   3.094994e+00 -8.451100e+00 -6.000000e+00
    endloop
  endfacet
  facet normal 0.000000e+00 0.000000e+00 1.000000e+00
    outer loop
      vertex   3.094994e+00 -8.451100e+00 -6.000000e+00
      vertex   -4.935371e+00 -8.402558e+00 -6.000000e+00
      vertex   -4.339556e+00 -8.610158e+00 -6.000000e+00
    endloop
  endfacet
  facet normal 0.000000e+00 0.000000e+00 1.000000e+00
    outer loop
      vertex   3.094994e+00 -8.451100e+00 -6.000000e+00
      vertex   -4.339556e+00 -8.610158e+00 -6.000000e+00
      vertex   2.496712e+00 -8.651481e+00 -6.000000e+00
    endloop
  endfacet
  facet normal 0.000000e+00 0.000000e+00 1.000000e+00
    outer loop
      vertex   2.496712e+00 -8.651481e+00 -6.000000e+00
      vertex   -4.339556e+00 -8.610158e+00 -6.000000e+00
      vertex   -3.733252e+00 -8.784769e+00 -6.000000e+00
    endloop
  endfacet
  facet normal 0.000000e+00 0.000000e+00 1.000000e+00
    outer loop
      vertex   2.496712e+00 -8.651481e+00 -6.000000e+00
      vertex   -3.733252e+00 -8.784769e+00 -6.000000e+00
      vertex   1.888342e+00 -8.818750e+00 -6.000000e+00
    endloop
  endfacet
  facet normal 0.000000e+00 0.000000e+00 1.000000e+00
    outer loop
      vertex   1.888342e+00 -8.818750e+00 -6.000000e+00
      vertex   -3.733252e+00 -8.784769e+00 -6.000000e+00
      vertex   -3.118284e+00 -8.925864e+00 -6.000000e+00
    endloop
  endfacet
  facet normal 0.000000e+00 0.000000e+00 1.000000e+00
    outer loop
      vertex   1.888342e+00 -8.818750e+00 -6.000000e+00
      vertex   -3.118284e+00 -8.925864e+00 -6.000000e+00
      vertex   1.271713e+00 -8.952400e+00 -6.000000e+00
    endloop
  endfacet
  facet normal 0.000000e+00 0.000000e+00 1.000000e+00
    outer loop
      vertex   1.271713e+00 -8.952400e+00 -6.000000e+00
      vertex   -3.118284e+00 -8.925864e+00 -6.000000e+00
      vertex   -2.496503e+00 -9.033019e+00 -6.000000e+00
    endloop
  endfacet
  facet normal 0.000000e+00 0.000000e+00 1.000000e+00
    outer loop
      vertex   1.271713e+00 -8.952400e+00 -6.000000e+00
      vertex   -2.496503e+00 -9.033019e+00 -6.000000e+00
      vertex   6.486820e-01 -9.052031e+00 -6.000000e+00
    endloop
  endfacet
  facet normal 0.000000e+00 0.000000e+00 1.000000e+00
    outer loop
      vertex   6.486820e-01 -9.052031e+00 -6.000000e+00
      vertex   -2.496503e+00 -9.033019e+00 -6.000000e+00
      vertex   -1.869781e+00 -9.105912e+00 -6.000000e+00
    endloop
  endfacet
  facet normal 0.000000e+00 0.000000e+00 1.000000e+00
    outer loop
      vertex   6.486820e-01 -9.052031e+00 -6.000000e+00
      vertex   -1.869781e+00 -9.105912e+00 -6.000000e+00
      vertex   2.112485e-02 -9.117342e+00 -6.000000e+00
    endloop
  endfacet
  facet normal 0.000000e+00 0.000000e+00 1.000000e+00
    outer loop
      vertex   2.112485e-02 -9.117342e+00 -6.000000e+00
      vertex   -1.869781e+00 -9.105912e+00 -6.000000e+00
      vertex   -1.240005e+00 -9.144324e+00 -6.000000e+00
    endloop
  endfacet
  facet normal 0.000000e+00 0.000000e+00 1.000000e+00
    outer loop
      vertex   2.112485e-02 -9.117342e+00 -6.000000e+00
      vertex   -1.240005e+00 -9.144324e+00 -6.000000e+00
      vertex   -6.090697e-01 -9.148137e+00 -6.000000e+00
    endloop
  endfacet
  facet normal 0.000000e+00 -0.000000e+00 1.000000e+00
    outer loop
      vertex   1.061848e+01 1.569367e+00 -6.000000e+00
      vertex   1.064398e+01 2.199798e+00 -6.000000e+00
      vertex   -1.219788e+01 4.544231e-01 -6.000000e+00
    endloop
  endfacet
  facet normal 0.000000e+00 0.000000e+00 1.000000e+00
    outer loop
      vertex   1.059117e+01 3.460110e+00 -6.000000e+00
      vertex   1.051302e+01 4.086198e+00 -6.000000e+00
      vertex   -1.228179e+01 8.550787e-01 -6.000000e+00
    endloop
  endfacet
  facet normal 0.000000e+00 0.000000e+00 1.000000e+00
    outer loop
      vertex   -1.228179e+01 8.550787e-01 -6.000000e+00
      vertex   1.051302e+01 4.086198e+00 -6.000000e+00
      vertex   1.040064e+01 4.707057e+00 -6.000000e+00
    endloop
  endfacet
  facet normal 0.000000e+00 0.000000e+00 1.000000e+00
    outer loop
      vertex   -1.228179e+01 8.550787e-01 -6.000000e+00
      vertex   1.040064e+01 4.707057e+00 -6.000000e+00
      vertex   1.025439e+01 5.320818e+00 -6.000000e+00
    endloop
  endfacet
  facet normal 0.000000e+00 0.000000e+00 1.000000e+00
    outer loop
      vertex   1.025439e+01 5.320818e+00 -6.000000e+00
      vertex   1.007470e+01 5.925635e+00 -6.000000e+00
      vertex   -1.228179e+01 8.550787e-01 -6.000000e+00
    endloop
  endfacet
  facet normal 0.000000e+00 0.000000e+00 1.000000e+00
    outer loop
      vertex   9.617244e+00 7.101184e+00 -6.000000e+00
      vertex   9.340865e+00 7.668377e+00 -6.000000e+00
      vertex   -1.239821e+01 1.247527e+00 -6.000000e+00
    endloop
  endfacet
  facet normal 0.000000e+00 0.000000e+00 1.000000e+00
    outer loop
      vertex   -1.239821e+01 1.247527e+00 -6.000000e+00
      vertex   9.340865e+00 7.668377e+00 -6.000000e+00
      vertex   9.033795e+00 8.219559e+00 -6.000000e+00
    endloop
  endfacet
  facet normal 0.000000e+00 0.000000e+00 1.000000e+00
    outer loop
      vertex   -1.239821e+01 1.247527e+00 -6.000000e+00
      vertex   9.033795e+00 8.219559e+00 -6.000000e+00
      vertex   8.696957e+00 8.753070e+00 -6.000000e+00
    endloop
  endfacet
  facet normal 0.000000e+00 0.000000e+00 1.000000e+00
    outer loop
      vertex   8.696957e+00 8.753070e+00 -6.000000e+00
      vertex   8.331367e+00 9.267305e+00 -6.000000e+00
      vertex   -1.239821e+01 1.247527e+00 -6.000000e+00
    endloop
  endfacet
  facet normal 0.000000e+00 0.000000e+00 1.000000e+00
    outer loop
      vertex   -1.239821e+01 1.247527e+00 -6.000000e+00
      vertex   8.331367e+00 9.267305e+00 -6.000000e+00
      vertex   7.938124e+00 9.760715e+00 -6.000000e+00
    endloop
  endfacet
  facet normal 0.000000e+00 0.000000e+00 1.000000e+00
    outer loop
      vertex   6.604712e+00 1.110149e+01 -6.000000e+00
      vertex   6.113473e+00 1.149744e+01 -6.000000e+00
      vertex   9.444507e-01 1.370757e+01 -6.000000e+00
    endloop
  endfacet
  facet normal 0.000000e+00 0.000000e+00 1.000000e+00
    outer loop
      vertex   9.444507e-01 1.370757e+01 -6.000000e+00
      vertex   6.113473e+00 1.149744e+01 -6.000000e+00
      vertex   5.601258e+00 1.186585e+01 -6.000000e+00
    endloop
  endfacet
  facet normal 0.000000e+00 0.000000e+00 1.000000e+00
    outer loop
      vertex   9.444507e-01 1.370757e+01 -6.000000e+00
      vertex   5.601258e+00 1.186585e+01 -6.000000e+00
      vertex   5.069609e+00 1.220562e+01 -6.000000e+00
    endloop
  endfacet
  facet normal 0.000000e+00 0.000000e+00 1.000000e+00
    outer loop
      vertex   5.069609e+00 1.220562e+01 -6.000000e+00
      vertex   4.520125e+00 1.251572e+01 -6.000000e+00
      vertex   9.444507e-01 1.370757e+01 -6.000000e+00
    endloop
  endfacet
  facet normal 0.000000e+00 0.000000e+00 1.000000e+00
    outer loop
      vertex   9.444507e-01 1.370757e+01 -6.000000e+00
      vertex   4.520125e+00 1.251572e+01 -6.000000e+00
      vertex   3.954461e+00 1.279522e+01 -6.000000e+00
    endloop
  endfacet
  facet normal 0.000000e+00 0.000000e+00 1.000000e+00
    outer loop
      vertex   9.444507e-01 1.370757e+01 -6.000000e+00
      vertex   3.954461e+00 1.279522e+01 -6.000000e+00
      vertex   3.374320e+00 1.304327e+01 -6.000000e+00
    endloop
  endfacet
  facet normal 0.000000e+00 0.000000e+00 1.000000e+00
    outer loop
      vertex   3.374320e+00 1.304327e+01 -6.000000e+00
      vertex   2.781448e+00 1.325913e+01 -6.000000e+00
      vertex   9.444507e-01 1.370757e+01 -6.000000e+00
    endloop
  endfacet
  facet normal 0.000000e+00 0.000000e+00 1.000000e+00
    outer loop
      vertex   9.444507e-01 1.370757e+01 -6.000000e+00
      vertex   2.781448e+00 1.325913e+01 -6.000000e+00
      vertex   2.177629e+00 1.344215e+01 -6.000000e+00
    endloop
  endfacet
  facet normal 0.000000e+00 0.000000e+00 1.000000e+00
    outer loop
      vertex   9.444507e-01 1.370757e+01 -6.000000e+00
      vertex   2.177629e+00 1.344215e+01 -6.000000e+00
      vertex   1.564682e+00 1.359178e+01 -6.000000e+00
    endloop
  endfacet
  facet normal 9.972038e-01 7.473009e-02 -3.676461e-20
    outer loop
      vertex   -1.643369e+01 -3.004634e+00 -1.500000e+01
      vertex   -1.645044e+01 -2.781071e+00 -1.500000e+01
      vertex   -1.645044e+01 -2.781071e+00 -1.000000e+01
    endloop
  endfacet
  facet normal 9.972038e-01 -7.473009e-02 0.000000e+00
    outer loop
      vertex   -1.645044e+01 -2.781071e+00 -1.000000e+01
      vertex   -1.645044e+01 -2.781071e+00 -1.500000e+01
      vertex   -1.643369e+01 -2.557507e+00 -1.500000e+01
    endloop
  endfacet
  facet normal 9.970658e-01 -7.654925e-02 -8.180188e-05
    outer loop
      vertex   -1.645044e+01 -2.781071e+00 -1.000000e+01
      vertex   -1.643369e+01 -2.557507e+00 -1.500000e+01
      vertex   -1.643286e+01 -2.552097e+00 -1.000000e+01
    endloop
  endfacet
  facet normal 9.749279e-01 -2.225209e-01 7.981029e-05
    outer loop
      vertex   -1.643286e+01 -2.552097e+00 -1.000000e+01
      vertex   -1.643369e+01 -2.557507e+00 -1.500000e+01
      vertex   -1.638380e+01 -2.338938e+00 -1.500000e+01
    endloop
  endfacet
  facet normal 9.736954e-01 -2.278535e-01 -1.596203e-04
    outer loop
      vertex   -1.643286e+01 -2.552097e+00 -1.000000e+01
      vertex   -1.638380e+01 -2.338938e+00 -1.500000e+01
      vertex   -1.638053e+01 -2.328490e+00 -1.000000e+01
    endloop
  endfacet
  facet normal 9.308737e-01 -3.653410e-01 1.556366e-04
    outer loop
      vertex   -1.638053e+01 -2.328490e+00 -1.000000e+01
      vertex   -1.638380e+01 -2.338938e+00 -1.500000e+01
      vertex   -1.630189e+01 -2.130245e+00 -1.500000e+01
    endloop
  endfacet
  facet normal 9.275024e-01 -3.738171e-01 -2.334543e-04
    outer loop
      vertex   -1.638053e+01 -2.328490e+00 -1.000000e+01
      vertex   -1.630189e+01 -2.130245e+00 -1.500000e+01
      vertex   -1.629469e+01 -2.115491e+00 -1.000000e+01
    endloop
  endfacet
  facet normal 8.660254e-01 -5.000000e-01 2.274780e-04
    outer loop
      vertex   -1.629469e+01 -2.115491e+00 -1.000000e+01
      vertex   -1.630189e+01 -2.130245e+00 -1.500000e+01
      vertex   -1.618980e+01 -1.936091e+00 -1.500000e+01
    endloop
  endfacet
  facet normal 8.595696e-01 -5.110187e-01 -3.033028e-04
    outer loop
      vertex   -1.629469e+01 -2.115491e+00 -1.000000e+01
      vertex   -1.618980e+01 -1.936091e+00 -1.500000e+01
      vertex   -1.617733e+01 -1.918093e+00 -1.000000e+01
    endloop
  endfacet
  facet normal 7.818314e-01 -6.234898e-01 2.953335e-04
    outer loop
      vertex   -1.617733e+01 -1.918093e+00 -1.000000e+01
      vertex   -1.618980e+01 -1.936091e+00 -1.500000e+01
      vertex   -1.605002e+01 -1.760811e+00 -1.500000e+01
    endloop
  endfacet
  facet normal 7.714891e-01 -6.362424e-01 -3.691650e-04
    outer loop
      vertex   -1.617733e+01 -1.918093e+00 -1.000000e+01
      vertex   -1.605002e+01 -1.760811e+00 -1.500000e+01
      vertex   -1.603122e+01 -1.740922e+00 -1.000000e+01
    endloop
  endfacet
  facet normal 6.801727e-01 -7.330518e-01 3.592021e-04
    outer loop
      vertex   -1.603122e+01 -1.740922e+00 -1.000000e+01
      vertex   -1.605002e+01 -1.760811e+00 -1.500000e+01
      vertex   -1.588567e+01 -1.608323e+00 -1.500000e+01
    endloop
  endfacet
  facet normal 6.653256e-01 -7.465532e-01 -4.310399e-04
    outer loop
      vertex   -1.603122e+01 -1.740922e+00 -1.000000e+01
      vertex   -1.588567e+01 -1.608323e+00 -1.500000e+01
      vertex   -1.585978e+01 -1.588131e+00 -1.000000e+01
    endloop
  endfacet
  facet normal 5.633200e-01 -8.262387e-01 4.190831e-04
    outer loop
      vertex   -1.585978e+01 -1.588131e+00 -1.000000e+01
      vertex   -1.588567e+01 -1.608323e+00 -1.500000e+01
      vertex   -1.570044e+01 -1.482032e+00 -1.500000e+01
    endloop
  endfacet
  facet normal 5.435675e-01 -8.393653e-01 -4.889267e-04
    outer loop
      vertex   -1.585978e+01 -1.588131e+00 -1.000000e+01
      vertex   -1.570044e+01 -1.482032e+00 -1.500000e+01
      vertex   -1.566702e+01 -1.463302e+00 -1.000000e+01
    endloop
  endfacet
  facet normal 4.338837e-01 -9.009688e-01 4.749756e-04
    outer loop
      vertex   -1.566702e+01 -1.463302e+00 -1.000000e+01
      vertex   -1.570044e+01 -1.482032e+00 -1.500000e+01
      vertex   -1.549845e+01 -1.384760e+00 -1.500000e+01
    endloop
  endfacet
  facet normal 4.090686e-01 -9.125035e-01 -5.428247e-04
    outer loop
      vertex   -1.566702e+01 -1.463302e+00 -1.000000e+01
      vertex   -1.549845e+01 -1.384760e+00 -1.500000e+01
      vertex   -1.545746e+01 -1.369361e+00 -1.000000e+01
    endloop
  endfacet
  facet normal 2.947551e-01 -9.555727e-01 5.268788e-04
    outer loop
      vertex   -1.545746e+01 -1.369361e+00 -1.000000e+01
      vertex   -1.549845e+01 -1.384760e+00 -1.500000e+01
      vertex   -1.528422e+01 -1.318679e+00 -1.500000e+01
    endloop
  endfacet
  facet normal 2.649815e-01 -9.642533e-01 -5.927331e-04
    outer loop
      vertex   -1.545746e+01 -1.369361e+00 -1.000000e+01
      vertex   -1.528422e+01 -1.318679e+00 -1.500000e+01
      vertex   -1.523603e+01 -1.308508e+00 -1.000000e+01
    endloop
  endfacet
  facet normal 1.490422e-01 -9.888307e-01 5.747922e-04
    outer loop
      vertex   -1.523603e+01 -1.308508e+00 -1.000000e+01
      vertex   -1.528422e+01 -1.318679e+00 -1.500000e+01
      vertex   -1.506253e+01 -1.285265e+00 -1.500000e+01
    endloop
  endfacet
  facet normal 1.146834e-01 -9.934019e-01 -6.386513e-04
    outer loop
      vertex   -1.523603e+01 -1.308508e+00 -1.000000e+01
      vertex   -1.506253e+01 -1.285265e+00 -1.500000e+01
      vertex   -1.500789e+01 -1.282171e+00 -1.000000e+01
    endloop
  endfacet
  facet normal 2.597116e-19 -9.999998e-01 6.187150e-04
    outer loop
      vertex   -1.500789e+01 -1.282171e+00 -1.000000e+01
      vertex   -1.506253e+01 -1.285265e+00 -1.500000e+01
      vertex   -1.483834e+01 -1.285265e+00 -1.500000e+01
    endloop
  endfacet
  facet normal -3.830272e-02 -9.992659e-01 -6.805786e-04
    outer loop
      vertex   -1.500789e+01 -1.282171e+00 -1.000000e+01
      vertex   -1.483834e+01 -1.285265e+00 -1.500000e+01
      vertex   -1.477841e+01 -1.290967e+00 -1.000000e+01
    endloop
  endfacet
  facet normal -1.490422e-01 -9.888306e-01 6.586467e-04
    outer loop
      vertex   -1.477841e+01 -1.290967e+00 -1.000000e+01
      vertex   -1.483834e+01 -1.285265e+00 -1.500000e+01
      vertex   -1.461666e+01 -1.318679e+00 -1.500000e+01
    endloop
  endfacet
  facet normal -1.903911e-01 -9.817081e-01 -7.185145e-04
    outer loop
      vertex   -1.477841e+01 -1.290967e+00 -1.000000e+01
      vertex   -1.461666e+01 -1.318679e+00 -1.500000e+01
      vertex   -1.455297e+01 -1.334690e+00 -1.000000e+01
    endloop
  endfacet
  facet normal -2.947551e-01 -9.555726e-01 6.945868e-04
    outer loop
      vertex   -1.455297e+01 -1.334690e+00 -1.000000e+01
      vertex   -1.461666e+01 -1.318679e+00 -1.500000e+01
      vertex   -1.440243e+01 -1.384760e+00 -1.500000e+01
    endloop
  endfacet
  facet normal -3.380168e-01 -9.411398e-01 -7.524586e-04
    outer loop
      vertex   -1.455297e+01 -1.334690e+00 -1.000000e+01
      vertex   -1.440243e+01 -1.384760e+00 -1.500000e+01
      vertex   -1.433684e+01 -1.412315e+00 -1.000000e+01
    endloop
  endfacet
  facet normal -4.338836e-01 -9.009686e-01 7.265347e-04
    outer loop
      vertex   -1.433684e+01 -1.412315e+00 -1.000000e+01
      vertex   -1.440243e+01 -1.384760e+00 -1.500000e+01
      vertex   -1.420044e+01 -1.482032e+00 -1.500000e+01
    endloop
  endfacet
  facet normal -4.777197e-01 -8.785120e-01 -7.824102e-04
    outer loop
      vertex   -1.433684e+01 -1.412315e+00 -1.000000e+01
      vertex   -1.420044e+01 -1.482032e+00 -1.500000e+01
      vertex   -1.413509e+01 -1.522022e+00 -1.000000e+01
    endloop
  endfacet
  facet normal -5.633199e-01 -8.262385e-01 7.544900e-04
    outer loop
      vertex   -1.413509e+01 -1.522022e+00 -1.000000e+01
      vertex   -1.420044e+01 -1.482032e+00 -1.500000e+01
      vertex   -1.401520e+01 -1.608323e+00 -1.500000e+01
    endloop
  endfacet
  facet normal -6.062252e-01 -7.952926e-01 -8.083692e-04
    outer loop
      vertex   -1.413509e+01 -1.522022e+00 -1.000000e+01
      vertex   -1.401520e+01 -1.608323e+00 -1.500000e+01
      vertex   -1.395245e+01 -1.661241e+00 -1.000000e+01
    endloop
  endfacet
  facet normal -6.801725e-01 -7.330516e-01 7.784525e-04
    outer loop
      vertex   -1.395245e+01 -1.661241e+00 -1.000000e+01
      vertex   -1.401520e+01 -1.608323e+00 -1.500000e+01
      vertex   -1.385086e+01 -1.760811e+00 -1.500000e+01
    endloop
  endfacet
  facet normal -7.205213e-01 -6.934323e-01 -8.303350e-04
    outer loop
      vertex   -1.395245e+01 -1.661241e+00 -1.000000e+01
      vertex   -1.385086e+01 -1.760811e+00 -1.500000e+01
      vertex   -1.379321e+01 -1.826707e+00 -1.000000e+01
    endloop
  endfacet
  facet normal -7.818312e-01 -6.234896e-01 7.984216e-04
    outer loop
      vertex   -1.379321e+01 -1.826707e+00 -1.000000e+01
      vertex   -1.385086e+01 -1.760811e+00 -1.500000e+01
      vertex   -1.371108e+01 -1.936091e+00 -1.500000e+01
    endloop
  endfacet
  facet normal -8.179291e-01 -5.753185e-01 -8.483074e-04
    outer loop
      vertex   -1.379321e+01 -1.826707e+00 -1.000000e+01
      vertex   -1.371108e+01 -1.936091e+00 -1.500000e+01
      vertex   -1.366109e+01 -2.014543e+00 -1.000000e+01
    endloop
  endfacet
  facet normal -8.660251e-01 -4.999998e-01 8.143973e-04
    outer loop
      vertex   -1.366109e+01 -2.014543e+00 -1.000000e+01
      vertex   -1.371108e+01 -1.936091e+00 -1.500000e+01
      vertex   -1.359899e+01 -2.130245e+00 -1.500000e+01
    endloop
  endfacet
  facet normal -8.961652e-01 -4.437197e-01 -8.622862e-04
    outer loop
      vertex   -1.366109e+01 -2.014543e+00 -1.000000e+01
      vertex   -1.359899e+01 -2.130245e+00 -1.500000e+01
      vertex   -1.355919e+01 -2.220345e+00 -1.000000e+01
    endloop
  endfacet
  facet normal -9.308734e-01 -3.653409e-01 8.263792e-04
    outer loop
      vertex   -1.355919e+01 -2.220345e+00 -1.000000e+01
      vertex   -1.359899e+01 -2.130245e+00 -1.500000e+01
      vertex   -1.351708e+01 -2.338938e+00 -1.500000e+01
    endloop
  endfacet
  facet normal -9.533960e-01 -3.017205e-01 -8.722712e-04
    outer loop
      vertex   -1.355919e+01 -2.220345e+00 -1.000000e+01
      vertex   -1.351708e+01 -2.338938e+00 -1.500000e+01
      vertex   -1.348990e+01 -2.439290e+00 -1.000000e+01
    endloop
  endfacet
  facet normal -9.749276e-01 -2.225209e-01 8.343672e-04
    outer loop
      vertex   -1.348990e+01 -2.439290e+00 -1.000000e+01
      vertex   -1.351708e+01 -2.338938e+00 -1.500000e+01
      vertex   -1.346719e+01 -2.557507e+00 -1.500000e+01
    endloop
  endfacet
  facet normal -9.882800e-01 -1.526492e-01 -8.782623e-04
    outer loop
      vertex   -1.348990e+01 -2.439290e+00 -1.000000e+01
      vertex   -1.346719e+01 -2.557507e+00 -1.500000e+01
      vertex   -1.345484e+01 -2.666247e+00 -1.000000e+01
    endloop
  endfacet
  facet normal -9.972034e-01 -7.473007e-02 8.383613e-04
    outer loop
      vertex   -1.345484e+01 -2.666247e+00 -1.000000e+01
      vertex   -1.346719e+01 -2.557507e+00 -1.500000e+01
      vertex   -1.345044e+01 -2.781071e+00 -1.500000e+01
    endloop
  endfacet
  facet normal -9.999996e-01 -0.000000e+00 -8.802593e-04
    outer loop
      vertex   -1.345484e+01 -2.666247e+00 -1.000000e+01
      vertex   -1.345044e+01 -2.781071e+00 -1.500000e+01
      vertex   -1.345484e+01 -2.895894e+00 -1.000000e+01
    endloop
  endfacet
  facet normal -9.972034e-01 7.473007e-02 8.383613e-04
    outer loop
      vertex   -1.345484e+01 -2.895894e+00 -1.000000e+01
      vertex   -1.345044e+01 -2.781071e+00 -1.500000e+01
      vertex   -1.346719e+01 -3.004634e+00 -1.500000e+01
    endloop
  endfacet
  facet normal -9.882800e-01 1.526492e-01 -8.782623e-04
    outer loop
      vertex   -1.345484e+01 -2.895894e+00 -1.000000e+01
      vertex   -1.346719e+01 -3.004634e+00 -1.500000e+01
      vertex   -1.348990e+01 -3.122851e+00 -1.000000e+01
    endloop
  endfacet
  facet normal -9.749276e-01 2.225209e-01 8.343672e-04
    outer loop
      vertex   -1.348990e+01 -3.122851e+00 -1.000000e+01
      vertex   -1.346719e+01 -3.004634e+00 -1.500000e+01
      vertex   -1.351708e+01 -3.223203e+00 -1.500000e+01
    endloop
  endfacet
  facet normal -9.533960e-01 3.017205e-01 -8.722712e-04
    outer loop
      vertex   -1.348990e+01 -3.122851e+00 -1.000000e+01
      vertex   -1.351708e+01 -3.223203e+00 -1.500000e+01
      vertex   -1.355919e+01 -3.341796e+00 -1.000000e+01
    endloop
  endfacet
  facet normal -9.308734e-01 3.653409e-01 8.263792e-04
    outer loop
      vertex   -1.355919e+01 -3.341796e+00 -1.000000e+01
      vertex   -1.351708e+01 -3.223203e+00 -1.500000e+01
      vertex   -1.359899e+01 -3.431896e+00 -1.500000e+01
    endloop
  endfacet
  facet normal -8.961652e-01 4.437197e-01 -8.622862e-04
    outer loop
      vertex   -1.355919e+01 -3.341796e+00 -1.000000e+01
      vertex   -1.359899e+01 -3.431896e+00 -1.500000e+01
      vertex   -1.366109e+01 -3.547599e+00 -1.000000e+01
    endloop
  endfacet
  facet normal -8.660251e-01 4.999998e-01 8.143973e-04
    outer loop
      vertex   -1.366109e+01 -3.547599e+00 -1.000000e+01
      vertex   -1.359899e+01 -3.431896e+00 -1.500000e+01
      vertex   -1.371108e+01 -3.626051e+00 -1.500000e+01
    endloop
  endfacet
  facet normal -8.179291e-01 5.753185e-01 -8.483074e-04
    outer loop
      vertex   -1.366109e+01 -3.547599e+00 -1.000000e+01
      vertex   -1.371108e+01 -3.626051e+00 -1.500000e+01
      vertex   -1.379321e+01 -3.735434e+00 -1.000000e+01
    endloop
  endfacet
  facet normal -7.818312e-01 6.234896e-01 7.984216e-04
    outer loop
      vertex   -1.379321e+01 -3.735434e+00 -1.000000e+01
      vertex   -1.371108e+01 -3.626051e+00 -1.500000e+01
      vertex   -1.385086e+01 -3.801330e+00 -1.500000e+01
    endloop
  endfacet
  facet normal -7.205213e-01 6.934323e-01 -8.303350e-04
    outer loop
      vertex   -1.379321e+01 -3.735434e+00 -1.000000e+01
      vertex   -1.385086e+01 -3.801330e+00 -1.500000e+01
      vertex   -1.395245e+01 -3.900900e+00 -1.000000e+01
    endloop
  endfacet
  facet normal -6.801725e-01 7.330516e-01 7.784525e-04
    outer loop
      vertex   -1.395245e+01 -3.900900e+00 -1.000000e+01
      vertex   -1.385086e+01 -3.801330e+00 -1.500000e+01
      vertex   -1.401520e+01 -3.953818e+00 -1.500000e+01
    endloop
  endfacet
  facet normal -6.062252e-01 7.952926e-01 -8.083692e-04
    outer loop
      vertex   -1.395245e+01 -3.900900e+00 -1.000000e+01
      vertex   -1.401520e+01 -3.953818e+00 -1.500000e+01
      vertex   -1.413509e+01 -4.040119e+00 -1.000000e+01
    endloop
  endfacet
  facet normal -5.633199e-01 8.262385e-01 7.544900e-04
    outer loop
      vertex   -1.413509e+01 -4.040119e+00 -1.000000e+01
      vertex   -1.401520e+01 -3.953818e+00 -1.500000e+01
      vertex   -1.420044e+01 -4.080109e+00 -1.500000e+01
    endloop
  endfacet
  facet normal -4.777197e-01 8.785120e-01 -7.824102e-04
    outer loop
      vertex   -1.413509e+01 -4.040119e+00 -1.000000e+01
      vertex   -1.420044e+01 -4.080109e+00 -1.500000e+01
      vertex   -1.433684e+01 -4.149826e+00 -1.000000e+01
    endloop
  endfacet
  facet normal -4.338836e-01 9.009686e-01 7.265347e-04
    outer loop
      vertex   -1.433684e+01 -4.149826e+00 -1.000000e+01
      vertex   -1.420044e+01 -4.080109e+00 -1.500000e+01
      vertex   -1.440243e+01 -4.177381e+00 -1.500000e+01
    endloop
  endfacet
  facet normal -3.380168e-01 9.411398e-01 -7.524586e-04
    outer loop
      vertex   -1.433684e+01 -4.149826e+00 -1.000000e+01
      vertex   -1.440243e+01 -4.177381e+00 -1.500000e+01
      vertex   -1.455297e+01 -4.227451e+00 -1.000000e+01
    endloop
  endfacet
  facet normal -2.947551e-01 9.555726e-01 6.945868e-04
    outer loop
      vertex   -1.455297e+01 -4.227451e+00 -1.000000e+01
      vertex   -1.440243e+01 -4.177381e+00 -1.500000e+01
      vertex   -1.461666e+01 -4.243462e+00 -1.500000e+01
    endloop
  endfacet
  facet normal -1.903911e-01 9.817081e-01 -7.185145e-04
    outer loop
      vertex   -1.455297e+01 -4.227451e+00 -1.000000e+01
      vertex   -1.461666e+01 -4.243462e+00 -1.500000e+01
      vertex   -1.477841e+01 -4.271174e+00 -1.000000e+01
    endloop
  endfacet
  facet normal -1.490422e-01 9.888306e-01 6.586467e-04
    outer loop
      vertex   -1.477841e+01 -4.271174e+00 -1.000000e+01
      vertex   -1.461666e+01 -4.243462e+00 -1.500000e+01
      vertex   -1.483834e+01 -4.276876e+00 -1.500000e+01
    endloop
  endfacet
  facet normal -3.830272e-02 9.992659e-01 -6.805786e-04
    outer loop
      vertex   -1.477841e+01 -4.271174e+00 -1.000000e+01
      vertex   -1.483834e+01 -4.276876e+00 -1.500000e+01
      vertex   -1.500789e+01 -4.279970e+00 -1.000000e+01
    endloop
  endfacet
  facet normal -2.597116e-19 9.999998e-01 6.187150e-04
    outer loop
      vertex   -1.500789e+01 -4.279970e+00 -1.000000e+01
      vertex   -1.483834e+01 -4.276876e+00 -1.500000e+01
      vertex   -1.506253e+01 -4.276876e+00 -1.500000e+01
    endloop
  endfacet
  facet normal 1.146834e-01 9.934019e-01 -6.386513e-04
    outer loop
      vertex   -1.500789e+01 -4.279970e+00 -1.000000e+01
      vertex   -1.506253e+01 -4.276876e+00 -1.500000e+01
      vertex   -1.523603e+01 -4.253633e+00 -1.000000e+01
    endloop
  endfacet
  facet normal 1.490422e-01 9.888307e-01 5.747922e-04
    outer loop
      vertex   -1.523603e+01 -4.253633e+00 -1.000000e+01
      vertex   -1.506253e+01 -4.276876e+00 -1.500000e+01
      vertex   -1.528422e+01 -4.243462e+00 -1.500000e+01
    endloop
  endfacet
  facet normal 2.649815e-01 9.642533e-01 -5.927331e-04
    outer loop
      vertex   -1.523603e+01 -4.253633e+00 -1.000000e+01
      vertex   -1.528422e+01 -4.243462e+00 -1.500000e+01
      vertex   -1.545746e+01 -4.192781e+00 -1.000000e+01
    endloop
  endfacet
  facet normal 2.947551e-01 9.555727e-01 5.268788e-04
    outer loop
      vertex   -1.545746e+01 -4.192781e+00 -1.000000e+01
      vertex   -1.528422e+01 -4.243462e+00 -1.500000e+01
      vertex   -1.549845e+01 -4.177381e+00 -1.500000e+01
    endloop
  endfacet
  facet normal 4.090686e-01 9.125035e-01 -5.428247e-04
    outer loop
      vertex   -1.545746e+01 -4.192781e+00 -1.000000e+01
      vertex   -1.549845e+01 -4.177381e+00 -1.500000e+01
      vertex   -1.566702e+01 -4.098839e+00 -1.000000e+01
    endloop
  endfacet
  facet normal 4.338837e-01 9.009688e-01 4.749756e-04
    outer loop
      vertex   -1.566702e+01 -4.098839e+00 -1.000000e+01
      vertex   -1.549845e+01 -4.177381e+00 -1.500000e+01
      vertex   -1.570044e+01 -4.080109e+00 -1.500000e+01
    endloop
  endfacet
  facet normal 5.435675e-01 8.393653e-01 -4.889267e-04
    outer loop
      vertex   -1.566702e+01 -4.098839e+00 -1.000000e+01
      vertex   -1.570044e+01 -4.080109e+00 -1.500000e+01
      vertex   -1.585978e+01 -3.974010e+00 -1.000000e+01
    endloop
  endfacet
  facet normal 5.633200e-01 8.262387e-01 4.190831e-04
    outer loop
      vertex   -1.585978e+01 -3.974010e+00 -1.000000e+01
      vertex   -1.570044e+01 -4.080109e+00 -1.500000e+01
      vertex   -1.588567e+01 -3.953818e+00 -1.500000e+01
    endloop
  endfacet
  facet normal 6.653256e-01 7.465532e-01 -4.310399e-04
    outer loop
      vertex   -1.585978e+01 -3.974010e+00 -1.000000e+01
      vertex   -1.588567e+01 -3.953818e+00 -1.500000e+01
      vertex   -1.603122e+01 -3.821219e+00 -1.000000e+01
    endloop
  endfacet
  facet normal 6.801727e-01 7.330518e-01 3.592021e-04
    outer loop
      vertex   -1.603122e+01 -3.821219e+00 -1.000000e+01
      vertex   -1.588567e+01 -3.953818e+00 -1.500000e+01
      vertex   -1.605002e+01 -3.801330e+00 -1.500000e+01
    endloop
  endfacet
  facet normal 7.714891e-01 6.362424e-01 -3.691650e-04
    outer loop
      vertex   -1.603122e+01 -3.821219e+00 -1.000000e+01
      vertex   -1.605002e+01 -3.801330e+00 -1.500000e+01
      vertex   -1.617733e+01 -3.644049e+00 -1.000000e+01
    endloop
  endfacet
  facet normal 7.818314e-01 6.234898e-01 2.953335e-04
    outer loop
      vertex   -1.617733e+01 -3.644049e+00 -1.000000e+01
      vertex   -1.605002e+01 -3.801330e+00 -1.500000e+01
      vertex   -1.618980e+01 -3.626051e+00 -1.500000e+01
    endloop
  endfacet
  facet normal 8.595696e-01 5.110187e-01 -3.033028e-04
    outer loop
      vertex   -1.617733e+01 -3.644049e+00 -1.000000e+01
      vertex   -1.618980e+01 -3.626051e+00 -1.500000e+01
      vertex   -1.629469e+01 -3.446650e+00 -1.000000e+01
    endloop
  endfacet
  facet normal 8.660254e-01 5.000000e-01 2.274780e-04
    outer loop
      vertex   -1.629469e+01 -3.446650e+00 -1.000000e+01
      vertex   -1.618980e+01 -3.626051e+00 -1.500000e+01
      vertex   -1.630189e+01 -3.431896e+00 -1.500000e+01
    endloop
  endfacet
  facet normal 9.275024e-01 3.738171e-01 -2.334543e-04
    outer loop
      vertex   -1.629469e+01 -3.446650e+00 -1.000000e+01
      vertex   -1.630189e+01 -3.431896e+00 -1.500000e+01
      vertex   -1.638053e+01 -3.233651e+00 -1.000000e+01
    endloop
  endfacet
  facet normal 9.308737e-01 3.653410e-01 1.556366e-04
    outer loop
      vertex   -1.638053e+01 -3.233651e+00 -1.000000e+01
      vertex   -1.630189e+01 -3.431896e+00 -1.500000e+01
      vertex   -1.638380e+01 -3.223203e+00 -1.500000e+01
    endloop
  endfacet
  facet normal 9.736954e-01 2.278535e-01 -1.596203e-04
    outer loop
      vertex   -1.638053e+01 -3.233651e+00 -1.000000e+01
      vertex   -1.638380e+01 -3.223203e+00 -1.500000e+01
      vertex   -1.643286e+01 -3.010045e+00 -1.000000e+01
    endloop
  endfacet
  facet normal 9.749279e-01 2.225209e-01 7.981029e-05
    outer loop
      vertex   -1.643286e+01 -3.010045e+00 -1.000000e+01
      vertex   -1.638380e+01 -3.223203e+00 -1.500000e+01
      vertex   -1.643369e+01 -3.004634e+00 -1.500000e+01
    endloop
  endfacet
  facet normal 9.970658e-01 7.654925e-02 -8.180188e-05
    outer loop
      vertex   -1.643286e+01 -3.010045e+00 -1.000000e+01
      vertex   -1.643369e+01 -3.004634e+00 -1.500000e+01
      vertex   -1.645044e+01 -2.781071e+00 -1.000000e+01
    endloop
  endfacet
  facet normal 9.972038e-01 -7.473009e-02 -8.382860e-20
    outer loop
      vertex   -1.643369e+01 -2.557507e+00 0.000000e+00
      vertex   -1.645044e+01 -2.781071e+00 0.000000e+00
      vertex   -1.645044e+01 -2.781071e+00 -5.000000e+00
    endloop
  endfacet
  facet normal 9.972038e-01 7.473009e-02 -0.000000e+00
    outer loop
      vertex   -1.645044e+01 -2.781071e+00 -5.000000e+00
      vertex   -1.645044e+01 -2.781071e+00 0.000000e+00
      vertex   -1.643369e+01 -3.004634e+00 0.000000e+00
    endloop
  endfacet
  facet normal 9.970658e-01 7.654925e-02 8.180188e-05
    outer loop
      vertex   -1.645044e+01 -2.781071e+00 -5.000000e+00
      vertex   -1.643369e+01 -3.004634e+00 0.000000e+00
      vertex   -1.643286e+01 -3.010045e+00 -5.000000e+00
    endloop
  endfacet
  facet normal 9.749279e-01 2.225209e-01 -7.981029e-05
    outer loop
      vertex   -1.643286e+01 -3.010045e+00 -5.000000e+00
      vertex   -1.643369e+01 -3.004634e+00 0.000000e+00
      vertex   -1.638380e+01 -3.223203e+00 0.000000e+00
    endloop
  endfacet
  facet normal 9.736954e-01 2.278535e-01 1.596203e-04
    outer loop
      vertex   -1.643286e+01 -3.010045e+00 -5.000000e+00
      vertex   -1.638380e+01 -3.223203e+00 0.000000e+00
      vertex   -1.638053e+01 -3.233651e+00 -5.000000e+00
    endloop
  endfacet
  facet normal 9.308737e-01 3.653410e-01 -1.556366e-04
    outer loop
      vertex   -1.638053e+01 -3.233651e+00 -5.000000e+00
      vertex   -1.638380e+01 -3.223203e+00 0.000000e+00
      vertex   -1.630189e+01 -3.431896e+00 0.000000e+00
    endloop
  endfacet
  facet normal 9.275024e-01 3.738171e-01 2.334543e-04
    outer loop
      vertex   -1.638053e+01 -3.233651e+00 -5.000000e+00
      vertex   -1.630189e+01 -3.431896e+00 0.000000e+00
      vertex   -1.629469e+01 -3.446650e+00 -5.000000e+00
    endloop
  endfacet
  facet normal 8.660254e-01 5.000000e-01 -2.274780e-04
    outer loop
      vertex   -1.629469e+01 -3.446650e+00 -5.000000e+00
      vertex   -1.630189e+01 -3.431896e+00 0.000000e+00
      vertex   -1.618980e+01 -3.626051e+00 0.000000e+00
    endloop
  endfacet
  facet normal 8.595696e-01 5.110187e-01 3.033028e-04
    outer loop
      vertex   -1.629469e+01 -3.446650e+00 -5.000000e+00
      vertex   -1.618980e+01 -3.626051e+00 0.000000e+00
      vertex   -1.617733e+01 -3.644049e+00 -5.000000e+00
    endloop
  endfacet
  facet normal 7.818314e-01 6.234898e-01 -2.953335e-04
    outer loop
      vertex   -1.617733e+01 -3.644049e+00 -5.000000e+00
      vertex   -1.618980e+01 -3.626051e+00 0.000000e+00
      vertex   -1.605002e+01 -3.801330e+00 0.000000e+00
    endloop
  endfacet
  facet normal 7.714891e-01 6.362424e-01 3.691650e-04
    outer loop
      vertex   -1.617733e+01 -3.644049e+00 -5.000000e+00
      vertex   -1.605002e+01 -3.801330e+00 0.000000e+00
      vertex   -1.603122e+01 -3.821219e+00 -5.000000e+00
    endloop
  endfacet
  facet normal 6.801727e-01 7.330518e-01 -3.592021e-04
    outer loop
      vertex   -1.603122e+01 -3.821219e+00 -5.000000e+00
      vertex   -1.605002e+01 -3.801330e+00 0.000000e+00
      vertex   -1.588567e+01 -3.953818e+00 0.000000e+00
    endloop
  endfacet
  facet normal 6.653256e-01 7.465532e-01 4.310399e-04
    outer loop
      vertex   -1.603122e+01 -3.821219e+00 -5.000000e+00
      vertex   -1.588567e+01 -3.953818e+00 0.000000e+00
      vertex   -1.585978e+01 -3.974010e+00 -5.000000e+00
    endloop
  endfacet
  facet normal 5.633200e-01 8.262387e-01 -4.190831e-04
    outer loop
      vertex   -1.585978e+01 -3.974010e+00 -5.000000e+00
      vertex   -1.588567e+01 -3.953818e+00 0.000000e+00
      vertex   -1.570044e+01 -4.080109e+00 0.000000e+00
    endloop
  endfacet
  facet normal 5.435675e-01 8.393653e-01 4.889267e-04
    outer loop
      vertex   -1.585978e+01 -3.974010e+00 -5.000000e+00
      vertex   -1.570044e+01 -4.080109e+00 0.000000e+00
      vertex   -1.566702e+01 -4.098839e+00 -5.000000e+00
    endloop
  endfacet
  facet normal 4.338837e-01 9.009688e-01 -4.749756e-04
    outer loop
      vertex   -1.566702e+01 -4.098839e+00 -5.000000e+00
      vertex   -1.570044e+01 -4.080109e+00 0.000000e+00
      vertex   -1.549845e+01 -4.177381e+00 0.000000e+00
    endloop
  endfacet
  facet normal 4.090686e-01 9.125035e-01 5.428247e-04
    outer loop
      vertex   -1.566702e+01 -4.098839e+00 -5.000000e+00
      vertex   -1.549845e+01 -4.177381e+00 0.000000e+00
      vertex   -1.545746e+01 -4.192781e+00 -5.000000e+00
    endloop
  endfacet
  facet normal 2.947551e-01 9.555727e-01 -5.268788e-04
    outer loop
      vertex   -1.545746e+01 -4.192781e+00 -5.000000e+00
      vertex   -1.549845e+01 -4.177381e+00 0.000000e+00
      vertex   -1.528422e+01 -4.243462e+00 0.000000e+00
    endloop
  endfacet
  facet normal 2.649815e-01 9.642533e-01 5.927331e-04
    outer loop
      vertex   -1.545746e+01 -4.192781e+00 -5.000000e+00
      vertex   -1.528422e+01 -4.243462e+00 0.000000e+00
      vertex   -1.523603e+01 -4.253633e+00 -5.000000e+00
    endloop
  endfacet
  facet normal 1.490422e-01 9.888307e-01 -5.747922e-04
    outer loop
      vertex   -1.523603e+01 -4.253633e+00 -5.000000e+00
      vertex   -1.528422e+01 -4.243462e+00 0.000000e+00
      vertex   -1.506253e+01 -4.276876e+00 0.000000e+00
    endloop
  endfacet
  facet normal 1.146834e-01 9.934019e-01 6.386513e-04
    outer loop
      vertex   -1.523603e+01 -4.253633e+00 -5.000000e+00
      vertex   -1.506253e+01 -4.276876e+00 0.000000e+00
      vertex   -1.500789e+01 -4.279970e+00 -5.000000e+00
    endloop
  endfacet
  facet normal 6.439169e-19 9.999998e-01 -6.187150e-04
    outer loop
      vertex   -1.500789e+01 -4.279970e+00 -5.000000e+00
      vertex   -1.506253e+01 -4.276876e+00 0.000000e+00
      vertex   -1.483834e+01 -4.276876e+00 0.000000e+00
    endloop
  endfacet
  facet normal -3.830272e-02 9.992659e-01 6.805786e-04
    outer loop
      vertex   -1.500789e+01 -4.279970e+00 -5.000000e+00
      vertex   -1.483834e+01 -4.276876e+00 0.000000e+00
      vertex   -1.477841e+01 -4.271174e+00 -5.000000e+00
    endloop
  endfacet
  facet normal -1.490422e-01 9.888306e-01 -6.586467e-04
    outer loop
      vertex   -1.477841e+01 -4.271174e+00 -5.000000e+00
      vertex   -1.483834e+01 -4.276876e+00 0.000000e+00
      vertex   -1.461666e+01 -4.243462e+00 0.000000e+00
    endloop
  endfacet
  facet normal -1.903911e-01 9.817081e-01 7.185145e-04
    outer loop
      vertex   -1.477841e+01 -4.271174e+00 -5.000000e+00
      vertex   -1.461666e+01 -4.243462e+00 0.000000e+00
      vertex   -1.455297e+01 -4.227451e+00 -5.000000e+00
    endloop
  endfacet
  facet normal -2.947551e-01 9.555726e-01 -6.945868e-04
    outer loop
      vertex   -1.455297e+01 -4.227451e+00 -5.000000e+00
      vertex   -1.461666e+01 -4.243462e+00 0.000000e+00
      vertex   -1.440243e+01 -4.177381e+00 0.000000e+00
    endloop
  endfacet
  facet normal -3.380168e-01 9.411398e-01 7.524586e-04
    outer loop
      vertex   -1.455297e+01 -4.227451e+00 -5.000000e+00
      vertex   -1.440243e+01 -4.177381e+00 0.000000e+00
      vertex   -1.433684e+01 -4.149826e+00 -5.000000e+00
    endloop
  endfacet
  facet normal -4.338836e-01 9.009686e-01 -7.265347e-04
    outer loop
      vertex   -1.433684e+01 -4.149826e+00 -5.000000e+00
      vertex   -1.440243e+01 -4.177381e+00 0.000000e+00
      vertex   -1.420044e+01 -4.080109e+00 0.000000e+00
    endloop
  endfacet
  facet normal -4.777197e-01 8.785120e-01 7.824102e-04
    outer loop
      vertex   -1.433684e+01 -4.149826e+00 -5.000000e+00
      vertex   -1.420044e+01 -4.080109e+00 0.000000e+00
      vertex   -1.413509e+01 -4.040119e+00 -5.000000e+00
    endloop
  endfacet
  facet normal -5.633199e-01 8.262385e-01 -7.544900e-04
    outer loop
      vertex   -1.413509e+01 -4.040119e+00 -5.000000e+00
      vertex   -1.420044e+01 -4.080109e+00 0.000000e+00
      vertex   -1.401520e+01 -3.953818e+00 0.000000e+00
    endloop
  endfacet
  facet normal -6.062252e-01 7.952926e-01 8.083692e-04
    outer loop
      vertex   -1.413509e+01 -4.040119e+00 -5.000000e+00
      vertex   -1.401520e+01 -3.953818e+00 0.000000e+00
      vertex   -1.395245e+01 -3.900900e+00 -5.000000e+00
    endloop
  endfacet
  facet normal -6.801725e-01 7.330516e-01 -7.784525e-04
    outer loop
      vertex   -1.395245e+01 -3.900900e+00 -5.000000e+00
      vertex   -1.401520e+01 -3.953818e+00 0.000000e+00
      vertex   -1.385086e+01 -3.801330e+00 0.000000e+00
    endloop
  endfacet
  facet normal -7.205213e-01 6.934323e-01 8.303350e-04
    outer loop
      vertex   -1.395245e+01 -3.900900e+00 -5.000000e+00
      vertex   -1.385086e+01 -3.801330e+00 0.000000e+00
      vertex   -1.379321e+01 -3.735434e+00 -5.000000e+00
    endloop
  endfacet
  facet normal -7.818312e-01 6.234896e-01 -7.984216e-04
    outer loop
      vertex   -1.379321e+01 -3.735434e+00 -5.000000e+00
      vertex   -1.385086e+01 -3.801330e+00 0.000000e+00
      vertex   -1.371108e+01 -3.626051e+00 0.000000e+00
    endloop
  endfacet
  facet normal -8.179291e-01 5.753185e-01 8.483074e-04
    outer loop
      vertex   -1.379321e+01 -3.735434e+00 -5.000000e+00
      vertex   -1.371108e+01 -3.626051e+00 0.000000e+00
      vertex   -1.366109e+01 -3.547599e+00 -5.000000e+00
    endloop
  endfacet
  facet normal -8.660251e-01 4.999998e-01 -8.143973e-04
    outer loop
      vertex   -1.366109e+01 -3.547599e+00 -5.000000e+00
      vertex   -1.371108e+01 -3.626051e+00 0.000000e+00
      vertex   -1.359899e+01 -3.431896e+00 0.000000e+00
    endloop
  endfacet
  facet normal -8.961652e-01 4.437197e-01 8.622862e-04
    outer loop
      vertex   -1.366109e+01 -3.547599e+00 -5.000000e+00
      vertex   -1.359899e+01 -3.431896e+00 0.000000e+00
      vertex   -1.355919e+01 -3.341796e+00 -5.000000e+00
    endloop
  endfacet
  facet normal -9.308734e-01 3.653409e-01 -8.263792e-04
    outer loop
      vertex   -1.355919e+01 -3.341796e+00 -5.000000e+00
      vertex   -1.359899e+01 -3.431896e+00 0.000000e+00
      vertex   -1.351708e+01 -3.223203e+00 0.000000e+00
    endloop
  endfacet
  facet normal -9.533960e-01 3.017205e-01 8.722712e-04
    outer loop
      vertex   -1.355919e+01 -3.341796e+00 -5.000000e+00
      vertex   -1.351708e+01 -3.223203e+00 0.000000e+00
      vertex   -1.348990e+01 -3.122851e+00 -5.000000e+00
    endloop
  endfacet
  facet normal -9.749276e-01 2.225209e-01 -8.343672e-04
    outer loop
      vertex   -1.348990e+01 -3.122851e+00 -5.000000e+00
      vertex   -1.351708e+01 -3.223203e+00 0.000000e+00
      vertex   -1.346719e+01 -3.004634e+00 0.000000e+00
    endloop
  endfacet
  facet normal -9.882800e-01 1.526492e-01 8.782623e-04
    outer loop
      vertex   -1.348990e+01 -3.122851e+00 -5.000000e+00
      vertex   -1.346719e+01 -3.004634e+00 0.000000e+00
      vertex   -1.345484e+01 -2.895894e+00 -5.000000e+00
    endloop
  endfacet
  facet normal -9.972034e-01 7.473007e-02 -8.383613e-04
    outer loop
      vertex   -1.345484e+01 -2.895894e+00 -5.000000e+00
      vertex   -1.346719e+01 -3.004634e+00 0.000000e+00
      vertex   -1.345044e+01 -2.781071e+00 0.000000e+00
    endloop
  endfacet
  facet normal -9.999996e-01 0.000000e+00 8.802593e-04
    outer loop
      vertex   -1.345484e+01 -2.895894e+00 -5.000000e+00
      vertex   -1.345044e+01 -2.781071e+00 0.000000e+00
      vertex   -1.345484e+01 -2.666247e+00 -5.000000e+00
    endloop
  endfacet
  facet normal -9.972034e-01 -7.473007e-02 -8.383613e-04
    outer loop
      vertex   -1.345484e+01 -2.666247e+00 -5.000000e+00
      vertex   -1.345044e+01 -2.781071e+00 0.000000e+00
      vertex   -1.346719e+01 -2.557507e+00 0.000000e+00
    endloop
  endfacet
  facet normal -9.882800e-01 -1.526492e-01 8.782623e-04
    outer loop
      vertex   -1.345484e+01 -2.666247e+00 -5.000000e+00
      vertex   -1.346719e+01 -2.557507e+00 0.000000e+00
      vertex   -1.348990e+01 -2.439290e+00 -5.000000e+00
    endloop
  endfacet
  facet normal -9.749276e-01 -2.225209e-01 -8.343672e-04
    outer loop
      vertex   -1.348990e+01 -2.439290e+00 -5.000000e+00
      vertex   -1.346719e+01 -2.557507e+00 0.000000e+00
      vertex   -1.351708e+01 -2.338938e+00 0.000000e+00
    endloop
  endfacet
  facet normal -9.533960e-01 -3.017205e-01 8.722712e-04
    outer loop
      vertex   -1.348990e+01 -2.439290e+00 -5.000000e+00
      vertex   -1.351708e+01 -2.338938e+00 0.000000e+00
      vertex   -1.355919e+01 -2.220345e+00 -5.000000e+00
    endloop
  endfacet
  facet normal -9.308734e-01 -3.653409e-01 -8.263792e-04
    outer loop
      vertex   -1.355919e+01 -2.220345e+00 -5.000000e+00
      vertex   -1.351708e+01 -2.338938e+00 0.000000e+00
      vertex   -1.359899e+01 -2.130245e+00 0.000000e+00
    endloop
  endfacet
  facet normal -8.961652e-01 -4.437197e-01 8.622862e-04
    outer loop
      vertex   -1.355919e+01 -2.220345e+00 -5.000000e+00
      vertex   -1.359899e+01 -2.130245e+00 0.000000e+00
      vertex   -1.366109e+01 -2.014543e+00 -5.000000e+00
    endloop
  endfacet
  facet normal -8.660251e-01 -4.999998e-01 -8.143973e-04
    outer loop
      vertex   -1.366109e+01 -2.014543e+00 -5.000000e+00
      vertex   -1.359899e+01 -2.130245e+00 0.000000e+00
      vertex   -1.371108e+01 -1.936091e+00 0.000000e+00
    endloop
  endfacet
  facet normal -8.179291e-01 -5.753185e-01 8.483074e-04
    outer loop
      vertex   -1.366109e+01 -2.014543e+00 -5.000000e+00
      vertex   -1.371108e+01 -1.936091e+00 0.000000e+00
      vertex   -1.379321e+01 -1.826707e+00 -5.000000e+00
    endloop
  endfacet
  facet normal -7.818312e-01 -6.234896e-01 -7.984216e-04
    outer loop
      vertex   -1.379321e+01 -1.826707e+00 -5.000000e+00
      vertex   -1.371108e+01 -1.936091e+00 0.000000e+00
      vertex   -1.385086e+01 -1.760811e+00 0.000000e+00
    endloop
  endfacet
  facet normal -7.205213e-01 -6.934323e-01 8.303350e-04
    outer loop
      vertex   -1.379321e+01 -1.826707e+00 -5.000000e+00
      vertex   -1.385086e+01 -1.760811e+00 0.000000e+00
      vertex   -1.395245e+01 -1.661241e+00 -5.000000e+00
    endloop
  endfacet
  facet normal -6.801725e-01 -7.330516e-01 -7.784525e-04
    outer loop
      vertex   -1.395245e+01 -1.661241e+00 -5.000000e+00
      vertex   -1.385086e+01 -1.760811e+00 0.000000e+00
      vertex   -1.401520e+01 -1.608323e+00 0.000000e+00
    endloop
  endfacet
  facet normal -6.062252e-01 -7.952926e-01 8.083692e-04
    outer loop
      vertex   -1.395245e+01 -1.661241e+00 -5.000000e+00
      vertex   -1.401520e+01 -1.608323e+00 0.000000e+00
      vertex   -1.413509e+01 -1.522022e+00 -5.000000e+00
    endloop
  endfacet
  facet normal -5.633199e-01 -8.262385e-01 -7.544900e-04
    outer loop
      vertex   -1.413509e+01 -1.522022e+00 -5.000000e+00
      vertex   -1.401520e+01 -1.608323e+00 0.000000e+00
      vertex   -1.420044e+01 -1.482032e+00 0.000000e+00
    endloop
  endfacet
  facet normal -4.777197e-01 -8.785120e-01 7.824102e-04
    outer loop
      vertex   -1.413509e+01 -1.522022e+00 -5.000000e+00
      vertex   -1.420044e+01 -1.482032e+00 0.000000e+00
      vertex   -1.433684e+01 -1.412315e+00 -5.000000e+00
    endloop
  endfacet
  facet normal -4.338836e-01 -9.009686e-01 -7.265347e-04
    outer loop
      vertex   -1.433684e+01 -1.412315e+00 -5.000000e+00
      vertex   -1.420044e+01 -1.482032e+00 0.000000e+00
      vertex   -1.440243e+01 -1.384760e+00 0.000000e+00
    endloop
  endfacet
  facet normal -3.380168e-01 -9.411398e-01 7.524586e-04
    outer loop
      vertex   -1.433684e+01 -1.412315e+00 -5.000000e+00
      vertex   -1.440243e+01 -1.384760e+00 0.000000e+00
      vertex   -1.455297e+01 -1.334690e+00 -5.000000e+00
    endloop
  endfacet
  facet normal -2.947551e-01 -9.555726e-01 -6.945868e-04
    outer loop
      vertex   -1.455297e+01 -1.334690e+00 -5.000000e+00
      vertex   -1.440243e+01 -1.384760e+00 0.000000e+00
      vertex   -1.461666e+01 -1.318679e+00 0.000000e+00
    endloop
  endfacet
  facet normal -1.903911e-01 -9.817081e-01 7.185145e-04
    outer loop
      vertex   -1.455297e+01 -1.334690e+00 -5.000000e+00
      vertex   -1.461666e+01 -1.318679e+00 0.000000e+00
      vertex   -1.477841e+01 -1.290967e+00 -5.000000e+00
    endloop
  endfacet
  facet normal -1.490422e-01 -9.888306e-01 -6.586467e-04
    outer loop
      vertex   -1.477841e+01 -1.290967e+00 -5.000000e+00
      vertex   -1.461666e+01 -1.318679e+00 0.000000e+00
      vertex   -1.483834e+01 -1.285265e+00 0.000000e+00
    endloop
  endfacet
  facet normal -3.830272e-02 -9.992659e-01 6.805786e-04
    outer loop
      vertex   -1.477841e+01 -1.290967e+00 -5.000000e+00
      vertex   -1.483834e+01 -1.285265e+00 0.000000e+00
      vertex   -1.500789e+01 -1.282171e+00 -5.000000e+00
    endloop
  endfacet
  facet normal -6.439169e-19 -9.999998e-01 -6.187150e-04
    outer loop
      vertex   -1.500789e+01 -1.282171e+00 -5.000000e+00
      vertex   -1.483834e+01 -1.285265e+00 0.000000e+00
      vertex   -1.506253e+01 -1.285265e+00 0.000000e+00
    endloop
  endfacet
  facet normal 1.146834e-01 -9.934019e-01 6.386513e-04
    outer loop
      vertex   -1.500789e+01 -1.282171e+00 -5.000000e+00
      vertex   -1.506253e+01 -1.285265e+00 0.000000e+00
      vertex   -1.523603e+01 -1.308508e+00 -5.000000e+00
    endloop
  endfacet
  facet normal 1.490422e-01 -9.888307e-01 -5.747922e-04
    outer loop
      vertex   -1.523603e+01 -1.308508e+00 -5.000000e+00
      vertex   -1.506253e+01 -1.285265e+00 0.000000e+00
      vertex   -1.528422e+01 -1.318679e+00 0.000000e+00
    endloop
  endfacet
  facet normal 2.649815e-01 -9.642533e-01 5.927331e-04
    outer loop
      vertex   -1.523603e+01 -1.308508e+00 -5.000000e+00
      vertex   -1.528422e+01 -1.318679e+00 0.000000e+00
      vertex   -1.545746e+01 -1.369361e+00 -5.000000e+00
    endloop
  endfacet
  facet normal 2.947551e-01 -9.555727e-01 -5.268788e-04
    outer loop
      vertex   -1.545746e+01 -1.369361e+00 -5.000000e+00
      vertex   -1.528422e+01 -1.318679e+00 0.000000e+00
      vertex   -1.549845e+01 -1.384760e+00 0.000000e+00
    endloop
  endfacet
  facet normal 4.090686e-01 -9.125035e-01 5.428247e-04
    outer loop
      vertex   -1.545746e+01 -1.369361e+00 -5.000000e+00
      vertex   -1.549845e+01 -1.384760e+00 0.000000e+00
      vertex   -1.566702e+01 -1.463302e+00 -5.000000e+00
    endloop
  endfacet
  facet normal 4.338837e-01 -9.009688e-01 -4.749756e-04
    outer loop
      vertex   -1.566702e+01 -1.463302e+00 -5.000000e+00
      vertex   -1.549845e+01 -1.384760e+00 0.000000e+00
      vertex   -1.570044e+01 -1.482032e+00 0.000000e+00
    endloop
  endfacet
  facet normal 5.435675e-01 -8.393653e-01 4.889267e-04
    outer loop
      vertex   -1.566702e+01 -1.463302e+00 -5.000000e+00
      vertex   -1.570044e+01 -1.482032e+00 0.000000e+00
      vertex   -1.585978e+01 -1.588131e+00 -5.000000e+00
    endloop
  endfacet
  facet normal 5.633200e-01 -8.262387e-01 -4.190831e-04
    outer loop
      vertex   -1.585978e+01 -1.588131e+00 -5.000000e+00
      vertex   -1.570044e+01 -1.482032e+00 0.000000e+00
      vertex   -1.588567e+01 -1.608323e+00 0.000000e+00
    endloop
  endfacet
  facet normal 6.653256e-01 -7.465532e-01 4.310399e-04
    outer loop
      vertex   -1.585978e+01 -1.588131e+00 -5.000000e+00
      vertex   -1.588567e+01 -1.608323e+00 0.000000e+00
      vertex   -1.603122e+01 -1.740922e+00 -5.000000e+00
    endloop
  endfacet
  facet normal 6.801727e-01 -7.330518e-01 -3.592021e-04
    outer loop
      vertex   -1.603122e+01 -1.740922e+00 -5.000000e+00
      vertex   -1.588567e+01 -1.608323e+00 0.000000e+00
      vertex   -1.605002e+01 -1.760811e+00 0.000000e+00
    endloop
  endfacet
  facet normal 7.714891e-01 -6.362424e-01 3.691650e-04
    outer loop
      vertex   -1.603122e+01 -1.740922e+00 -5.000000e+00
      vertex   -1.605002e+01 -1.760811e+00 0.000000e+00
      vertex   -1.617733e+01 -1.918093e+00 -5.000000e+00
    endloop
  endfacet
  facet normal 7.818314e-01 -6.234898e-01 -2.953335e-04
    outer loop
      vertex   -1.617733e+01 -1.918093e+00 -5.000000e+00
      vertex   -1.605002e+01 -1.760811e+00 0.000000e+00
      vertex   -1.618980e+01 -1.936091e+00 0.000000e+00
    endloop
  endfacet
  facet normal 8.595696e-01 -5.110187e-01 3.033028e-04
    outer loop
      vertex   -1.617733e+01 -1.918093e+00 -5.000000e+00
      vertex   -1.618980e+01 -1.936091e+00 0.000000e+00
      vertex   -1.629469e+01 -2.115491e+00 -5.000000e+00
    endloop
  endfacet
  facet normal 8.660254e-01 -5.000000e-01 -2.274780e-04
    outer loop
      vertex   -1.629469e+01 -2.115491e+00 -5.000000e+00
      vertex   -1.618980e+01 -1.936091e+00 0.000000e+00
      vertex   -1.630189e+01 -2.130245e+00 0.000000e+00
    endloop
  endfacet
  facet normal 9.275024e-01 -3.738171e-01 2.334543e-04
    outer loop
      vertex   -1.629469e+01 -2.115491e+00 -5.000000e+00
      vertex   -1.630189e+01 -2.130245e+00 0.000000e+00
      vertex   -1.638053e+01 -2.328490e+00 -5.000000e+00
    endloop
  endfacet
  facet normal 9.308737e-01 -3.653410e-01 -1.556366e-04
    outer loop
      vertex   -1.638053e+01 -2.328490e+00 -5.000000e+00
      vertex   -1.630189e+01 -2.130245e+00 0.000000e+00
      vertex   -1.638380e+01 -2.338938e+00 0.000000e+00
    endloop
  endfacet
  facet normal 9.736954e-01 -2.278535e-01 1.596203e-04
    outer loop
      vertex   -1.638053e+01 -2.328490e+00 -5.000000e+00
      vertex   -1.638380e+01 -2.338938e+00 0.000000e+00
      vertex   -1.643286e+01 -2.552097e+00 -5.000000e+00
    endloop
  endfacet
  facet normal 9.749279e-01 -2.225209e-01 -7.981029e-05
    outer loop
      vertex   -1.643286e+01 -2.552097e+00 -5.000000e+00
      vertex   -1.638380e+01 -2.338938e+00 0.000000e+00
      vertex   -1.643369e+01 -2.557507e+00 0.000000e+00
    endloop
  endfacet
  facet normal 9.970658e-01 -7.654925e-02 8.180188e-05
    outer loop
      vertex   -1.643286e+01 -2.552097e+00 -5.000000e+00
      vertex   -1.643369e+01 -2.557507e+00 0.000000e+00
      vertex   -1.645044e+01 -2.781071e+00 -5.000000e+00
    endloop
  endfacet
  facet normal 9.970658e-01 7.654925e-02 -0.000000e+00
    outer loop
      vertex   -1.645044e+01 -2.781071e+00 -1.000000e+01
      vertex   -1.645044e+01 -2.781071e+00 -5.000000e+00
      vertex   -1.643286e+01 -3.010045e+00 -1.000000e+01
    endloop
  endfacet
  facet normal 9.970658e-01 7.654925e-02 -0.000000e+00
    outer loop
      vertex   -1.643286e+01 -3.010045e+00 -1.000000e+01
      vertex   -1.645044e+01 -2.781071e+00 -5.000000e+00
      vertex   -1.643286e+01 -3.010045e+00 -5.000000e+00
    endloop
  endfacet
  facet normal 9.736954e-01 2.278535e-01 -0.000000e+00
    outer loop
      vertex   -1.643286e+01 -3.010045e+00 -1.000000e+01
      vertex   -1.643286e+01 -3.010045e+00 -5.000000e+00
      vertex   -1.638053e+01 -3.233651e+00 -1.000000e+01
    endloop
  endfacet
  facet normal 9.736954e-01 2.278535e-01 -0.000000e+00
    outer loop
      vertex   -1.638053e+01 -3.233651e+00 -1.000000e+01
      vertex   -1.643286e+01 -3.010045e+00 -5.000000e+00
      vertex   -1.638053e+01 -3.233651e+00 -5.000000e+00
    endloop
  endfacet
  facet normal 9.275025e-01 3.738171e-01 -0.000000e+00
    outer loop
      vertex   -1.638053e+01 -3.233651e+00 -1.000000e+01
      vertex   -1.638053e+01 -3.233651e+00 -5.000000e+00
      vertex   -1.629469e+01 -3.446650e+00 -1.000000e+01
    endloop
  endfacet
  facet normal 9.275025e-01 3.738171e-01 -0.000000e+00
    outer loop
      vertex   -1.629469e+01 -3.446650e+00 -1.000000e+01
      vertex   -1.638053e+01 -3.233651e+00 -5.000000e+00
      vertex   -1.629469e+01 -3.446650e+00 -5.000000e+00
    endloop
  endfacet
  facet normal 8.595696e-01 5.110187e-01 -0.000000e+00
    outer loop
      vertex   -1.629469e+01 -3.446650e+00 -1.000000e+01
      vertex   -1.629469e+01 -3.446650e+00 -5.000000e+00
      vertex   -1.617733e+01 -3.644049e+00 -1.000000e+01
    endloop
  endfacet
  facet normal 8.595696e-01 5.110187e-01 -0.000000e+00
    outer loop
      vertex   -1.617733e+01 -3.644049e+00 -1.000000e+01
      vertex   -1.629469e+01 -3.446650e+00 -5.000000e+00
      vertex   -1.617733e+01 -3.644049e+00 -5.000000e+00
    endloop
  endfacet
  facet normal 7.714892e-01 6.362424e-01 -0.000000e+00
    outer loop
      vertex   -1.617733e+01 -3.644049e+00 -1.000000e+01
      vertex   -1.617733e+01 -3.644049e+00 -5.000000e+00
      vertex   -1.603122e+01 -3.821219e+00 -1.000000e+01
    endloop
  endfacet
  facet normal 7.714892e-01 6.362424e-01 -0.000000e+00
    outer loop
      vertex   -1.603122e+01 -3.821219e+00 -1.000000e+01
      vertex   -1.617733e+01 -3.644049e+00 -5.000000e+00
      vertex   -1.603122e+01 -3.821219e+00 -5.000000e+00
    endloop
  endfacet
  facet normal 6.653257e-01 7.465532e-01 -0.000000e+00
    outer loop
      vertex   -1.603122e+01 -3.821219e+00 -1.000000e+01
      vertex   -1.603122e+01 -3.821219e+00 -5.000000e+00
      vertex   -1.585978e+01 -3.974010e+00 -1.000000e+01
    endloop
  endfacet
  facet normal 6.653257e-01 7.465532e-01 -0.000000e+00
    outer loop
      vertex   -1.585978e+01 -3.974010e+00 -1.000000e+01
      vertex   -1.603122e+01 -3.821219e+00 -5.000000e+00
      vertex   -1.585978e+01 -3.974010e+00 -5.000000e+00
    endloop
  endfacet
  facet normal 5.435676e-01 8.393654e-01 -0.000000e+00
    outer loop
      vertex   -1.585978e+01 -3.974010e+00 -1.000000e+01
      vertex   -1.585978e+01 -3.974010e+00 -5.000000e+00
      vertex   -1.566702e+01 -4.098839e+00 -1.000000e+01
    endloop
  endfacet
  facet normal 5.435676e-01 8.393654e-01 -0.000000e+00
    outer loop
      vertex   -1.566702e+01 -4.098839e+00 -1.000000e+01
      vertex   -1.585978e+01 -3.974010e+00 -5.000000e+00
      vertex   -1.566702e+01 -4.098839e+00 -5.000000e+00
    endloop
  endfacet
  facet normal 4.090686e-01 9.125036e-01 -0.000000e+00
    outer loop
      vertex   -1.566702e+01 -4.098839e+00 -1.000000e+01
      vertex   -1.566702e+01 -4.098839e+00 -5.000000e+00
      vertex   -1.545746e+01 -4.192781e+00 -1.000000e+01
    endloop
  endfacet
  facet normal 4.090686e-01 9.125036e-01 -0.000000e+00
    outer loop
      vertex   -1.545746e+01 -4.192781e+00 -1.000000e+01
      vertex   -1.566702e+01 -4.098839e+00 -5.000000e+00
      vertex   -1.545746e+01 -4.192781e+00 -5.000000e+00
    endloop
  endfacet
  facet normal 2.649815e-01 9.642535e-01 -0.000000e+00
    outer loop
      vertex   -1.545746e+01 -4.192781e+00 -1.000000e+01
      vertex   -1.545746e+01 -4.192781e+00 -5.000000e+00
      vertex   -1.523603e+01 -4.253633e+00 -1.000000e+01
    endloop
  endfacet
  facet normal 2.649815e-01 9.642535e-01 -0.000000e+00
    outer loop
      vertex   -1.523603e+01 -4.253633e+00 -1.000000e+01
      vertex   -1.545746e+01 -4.192781e+00 -5.000000e+00
      vertex   -1.523603e+01 -4.253633e+00 -5.000000e+00
    endloop
  endfacet
  facet normal 1.146834e-01 9.934021e-01 -0.000000e+00
    outer loop
      vertex   -1.523603e+01 -4.253633e+00 -1.000000e+01
      vertex   -1.523603e+01 -4.253633e+00 -5.000000e+00
      vertex   -1.500789e+01 -4.279970e+00 -1.000000e+01
    endloop
  endfacet
  facet normal 1.146834e-01 9.934021e-01 -0.000000e+00
    outer loop
      vertex   -1.500789e+01 -4.279970e+00 -1.000000e+01
      vertex   -1.523603e+01 -4.253633e+00 -5.000000e+00
      vertex   -1.500789e+01 -4.279970e+00 -5.000000e+00
    endloop
  endfacet
  facet normal -3.830273e-02 9.992662e-01 0.000000e+00
    outer loop
      vertex   -1.500789e+01 -4.279970e+00 -1.000000e+01
      vertex   -1.500789e+01 -4.279970e+00 -5.000000e+00
      vertex   -1.477841e+01 -4.271174e+00 -1.000000e+01
    endloop
  endfacet
  facet normal -3.830273e-02 9.992662e-01 0.000000e+00
    outer loop
      vertex   -1.477841e+01 -4.271174e+00 -1.000000e+01
      vertex   -1.500789e+01 -4.279970e+00 -5.000000e+00
      vertex   -1.477841e+01 -4.271174e+00 -5.000000e+00
    endloop
  endfacet
  facet normal -1.903911e-01 9.817083e-01 0.000000e+00
    outer loop
      vertex   -1.477841e+01 -4.271174e+00 -1.000000e+01
      vertex   -1.477841e+01 -4.271174e+00 -5.000000e+00
      vertex   -1.455297e+01 -4.227451e+00 -1.000000e+01
    endloop
  endfacet
  facet normal -1.903911e-01 9.817083e-01 0.000000e+00
    outer loop
      vertex   -1.455297e+01 -4.227451e+00 -1.000000e+01
      vertex   -1.477841e+01 -4.271174e+00 -5.000000e+00
      vertex   -1.455297e+01 -4.227451e+00 -5.000000e+00
    endloop
  endfacet
  facet normal -3.380169e-01 9.411400e-01 0.000000e+00
    outer loop
      vertex   -1.455297e+01 -4.227451e+00 -1.000000e+01
      vertex   -1.455297e+01 -4.227451e+00 -5.000000e+00
      vertex   -1.433684e+01 -4.149826e+00 -1.000000e+01
    endloop
  endfacet
  facet normal -3.380169e-01 9.411400e-01 0.000000e+00
    outer loop
      vertex   -1.433684e+01 -4.149826e+00 -1.000000e+01
      vertex   -1.455297e+01 -4.227451e+00 -5.000000e+00
      vertex   -1.433684e+01 -4.149826e+00 -5.000000e+00
    endloop
  endfacet
  facet normal -4.777198e-01 8.785123e-01 0.000000e+00
    outer loop
      vertex   -1.433684e+01 -4.149826e+00 -1.000000e+01
      vertex   -1.433684e+01 -4.149826e+00 -5.000000e+00
      vertex   -1.413509e+01 -4.040119e+00 -1.000000e+01
    endloop
  endfacet
  facet normal -4.777198e-01 8.785123e-01 0.000000e+00
    outer loop
      vertex   -1.413509e+01 -4.040119e+00 -1.000000e+01
      vertex   -1.433684e+01 -4.149826e+00 -5.000000e+00
      vertex   -1.413509e+01 -4.040119e+00 -5.000000e+00
    endloop
  endfacet
  facet normal -6.062254e-01 7.952929e-01 0.000000e+00
    outer loop
      vertex   -1.413509e+01 -4.040119e+00 -1.000000e+01
      vertex   -1.413509e+01 -4.040119e+00 -5.000000e+00
      vertex   -1.395245e+01 -3.900900e+00 -1.000000e+01
    endloop
  endfacet
  facet normal -6.062254e-01 7.952929e-01 0.000000e+00
    outer loop
      vertex   -1.395245e+01 -3.900900e+00 -1.000000e+01
      vertex   -1.413509e+01 -4.040119e+00 -5.000000e+00
      vertex   -1.395245e+01 -3.900900e+00 -5.000000e+00
    endloop
  endfacet
  facet normal -7.205216e-01 6.934325e-01 0.000000e+00
    outer loop
      vertex   -1.395245e+01 -3.900900e+00 -1.000000e+01
      vertex   -1.395245e+01 -3.900900e+00 -5.000000e+00
      vertex   -1.379321e+01 -3.735434e+00 -1.000000e+01
    endloop
  endfacet
  facet normal -7.205216e-01 6.934325e-01 0.000000e+00
    outer loop
      vertex   -1.379321e+01 -3.735434e+00 -1.000000e+01
      vertex   -1.395245e+01 -3.900900e+00 -5.000000e+00
      vertex   -1.379321e+01 -3.735434e+00 -5.000000e+00
    endloop
  endfacet
  facet normal -8.179294e-01 5.753187e-01 0.000000e+00
    outer loop
      vertex   -1.379321e+01 -3.735434e+00 -1.000000e+01
      vertex   -1.379321e+01 -3.735434e+00 -5.000000e+00
      vertex   -1.366109e+01 -3.547599e+00 -1.000000e+01
    endloop
  endfacet
  facet normal -8.179294e-01 5.753187e-01 0.000000e+00
    outer loop
      vertex   -1.366109e+01 -3.547599e+00 -1.000000e+01
      vertex   -1.379321e+01 -3.735434e+00 -5.000000e+00
      vertex   -1.366109e+01 -3.547599e+00 -5.000000e+00
    endloop
  endfacet
  facet normal -8.961656e-01 4.437198e-01 0.000000e+00
    outer loop
      vertex   -1.366109e+01 -3.547599e+00 -1.000000e+01
      vertex   -1.366109e+01 -3.547599e+00 -5.000000e+00
      vertex   -1.355919e+01 -3.341796e+00 -1.000000e+01
    endloop
  endfacet
  facet normal -8.961656e-01 4.437198e-01 0.000000e+00
    outer loop
      vertex   -1.355919e+01 -3.341796e+00 -1.000000e+01
      vertex   -1.366109e+01 -3.547599e+00 -5.000000e+00
      vertex   -1.355919e+01 -3.341796e+00 -5.000000e+00
    endloop
  endfacet
  facet normal -9.533964e-01 3.017206e-01 0.000000e+00
    outer loop
      vertex   -1.355919e+01 -3.341796e+00 -1.000000e+01
      vertex   -1.355919e+01 -3.341796e+00 -5.000000e+00
      vertex   -1.348990e+01 -3.122851e+00 -1.000000e+01
    endloop
  endfacet
  facet normal -9.533964e-01 3.017206e-01 0.000000e+00
    outer loop
      vertex   -1.348990e+01 -3.122851e+00 -1.000000e+01
      vertex   -1.355919e+01 -3.341796e+00 -5.000000e+00
      vertex   -1.348990e+01 -3.122851e+00 -5.000000e+00
    endloop
  endfacet
  facet normal -9.882804e-01 1.526493e-01 0.000000e+00
    outer loop
      vertex   -1.348990e+01 -3.122851e+00 -1.000000e+01
      vertex   -1.348990e+01 -3.122851e+00 -5.000000e+00
      vertex   -1.345484e+01 -2.895894e+00 -1.000000e+01
    endloop
  endfacet
  facet normal -9.882804e-01 1.526493e-01 0.000000e+00
    outer loop
      vertex   -1.345484e+01 -2.895894e+00 -1.000000e+01
      vertex   -1.348990e+01 -3.122851e+00 -5.000000e+00
      vertex   -1.345484e+01 -2.895894e+00 -5.000000e+00
    endloop
  endfacet
  facet normal -1.000000e+00 0.000000e+00 0.000000e+00
    outer loop
      vertex   -1.345484e+01 -2.895894e+00 -1.000000e+01
      vertex   -1.345484e+01 -2.895894e+00 -5.000000e+00
      vertex   -1.345484e+01 -2.666247e+00 -1.000000e+01
    endloop
  endfacet
  facet normal -1.000000e+00 0.000000e+00 0.000000e+00
    outer loop
      vertex   -1.345484e+01 -2.666247e+00 -1.000000e+01
      vertex   -1.345484e+01 -2.895894e+00 -5.000000e+00
      vertex   -1.345484e+01 -2.666247e+00 -5.000000e+00
    endloop
  endfacet
  facet normal -9.882804e-01 -1.526493e-01 0.000000e+00
    outer loop
      vertex   -1.345484e+01 -2.666247e+00 -1.000000e+01
      vertex   -1.345484e+01 -2.666247e+00 -5.000000e+00
      vertex   -1.348990e+01 -2.439290e+00 -1.000000e+01
    endloop
  endfacet
  facet normal -9.882804e-01 -1.526493e-01 0.000000e+00
    outer loop
      vertex   -1.348990e+01 -2.439290e+00 -1.000000e+01
      vertex   -1.345484e+01 -2.666247e+00 -5.000000e+00
      vertex   -1.348990e+01 -2.439290e+00 -5.000000e+00
    endloop
  endfacet
  facet normal -9.533964e-01 -3.017206e-01 0.000000e+00
    outer loop
      vertex   -1.348990e+01 -2.439290e+00 -1.000000e+01
      vertex   -1.348990e+01 -2.439290e+00 -5.000000e+00
      vertex   -1.355919e+01 -2.220345e+00 -1.000000e+01
    endloop
  endfacet
  facet normal -9.533964e-01 -3.017206e-01 0.000000e+00
    outer loop
      vertex   -1.355919e+01 -2.220345e+00 -1.000000e+01
      vertex   -1.348990e+01 -2.439290e+00 -5.000000e+00
      vertex   -1.355919e+01 -2.220345e+00 -5.000000e+00
    endloop
  endfacet
  facet normal -8.961656e-01 -4.437198e-01 0.000000e+00
    outer loop
      vertex   -1.355919e+01 -2.220345e+00 -1.000000e+01
      vertex   -1.355919e+01 -2.220345e+00 -5.000000e+00
      vertex   -1.366109e+01 -2.014543e+00 -1.000000e+01
    endloop
  endfacet
  facet normal -8.961656e-01 -4.437198e-01 0.000000e+00
    outer loop
      vertex   -1.366109e+01 -2.014543e+00 -1.000000e+01
      vertex   -1.355919e+01 -2.220345e+00 -5.000000e+00
      vertex   -1.366109e+01 -2.014543e+00 -5.000000e+00
    endloop
  endfacet
  facet normal -8.179294e-01 -5.753187e-01 0.000000e+00
    outer loop
      vertex   -1.366109e+01 -2.014543e+00 -1.000000e+01
      vertex   -1.366109e+01 -2.014543e+00 -5.000000e+00
      vertex   -1.379321e+01 -1.826707e+00 -1.000000e+01
    endloop
  endfacet
  facet normal -8.179294e-01 -5.753187e-01 0.000000e+00
    outer loop
      vertex   -1.379321e+01 -1.826707e+00 -1.000000e+01
      vertex   -1.366109e+01 -2.014543e+00 -5.000000e+00
      vertex   -1.379321e+01 -1.826707e+00 -5.000000e+00
    endloop
  endfacet
  facet normal -7.205216e-01 -6.934325e-01 0.000000e+00
    outer loop
      vertex   -1.379321e+01 -1.826707e+00 -1.000000e+01
      vertex   -1.379321e+01 -1.826707e+00 -5.000000e+00
      vertex   -1.395245e+01 -1.661241e+00 -1.000000e+01
    endloop
  endfacet
  facet normal -7.205216e-01 -6.934325e-01 0.000000e+00
    outer loop
      vertex   -1.395245e+01 -1.661241e+00 -1.000000e+01
      vertex   -1.379321e+01 -1.826707e+00 -5.000000e+00
      vertex   -1.395245e+01 -1.661241e+00 -5.000000e+00
    endloop
  endfacet
  facet normal -6.062254e-01 -7.952929e-01 0.000000e+00
    outer loop
      vertex   -1.395245e+01 -1.661241e+00 -1.000000e+01
      vertex   -1.395245e+01 -1.661241e+00 -5.000000e+00
      vertex   -1.413509e+01 -1.522022e+00 -1.000000e+01
    endloop
  endfacet
  facet normal -6.062254e-01 -7.952929e-01 0.000000e+00
    outer loop
      vertex   -1.413509e+01 -1.522022e+00 -1.000000e+01
      vertex   -1.395245e+01 -1.661241e+00 -5.000000e+00
      vertex   -1.413509e+01 -1.522022e+00 -5.000000e+00
    endloop
  endfacet
  facet normal -4.777198e-01 -8.785123e-01 0.000000e+00
    outer loop
      vertex   -1.413509e+01 -1.522022e+00 -1.000000e+01
      vertex   -1.413509e+01 -1.522022e+00 -5.000000e+00
      vertex   -1.433684e+01 -1.412315e+00 -1.000000e+01
    endloop
  endfacet
  facet normal -4.777198e-01 -8.785123e-01 0.000000e+00
    outer loop
      vertex   -1.433684e+01 -1.412315e+00 -1.000000e+01
      vertex   -1.413509e+01 -1.522022e+00 -5.000000e+00
      vertex   -1.433684e+01 -1.412315e+00 -5.000000e+00
    endloop
  endfacet
  facet normal -3.380169e-01 -9.411400e-01 0.000000e+00
    outer loop
      vertex   -1.433684e+01 -1.412315e+00 -1.000000e+01
      vertex   -1.433684e+01 -1.412315e+00 -5.000000e+00
      vertex   -1.455297e+01 -1.334690e+00 -1.000000e+01
    endloop
  endfacet
  facet normal -3.380169e-01 -9.411400e-01 0.000000e+00
    outer loop
      vertex   -1.455297e+01 -1.334690e+00 -1.000000e+01
      vertex   -1.433684e+01 -1.412315e+00 -5.000000e+00
      vertex   -1.455297e+01 -1.334690e+00 -5.000000e+00
    endloop
  endfacet
  facet normal -1.903911e-01 -9.817083e-01 0.000000e+00
    outer loop
      vertex   -1.455297e+01 -1.334690e+00 -1.000000e+01
      vertex   -1.455297e+01 -1.334690e+00 -5.000000e+00
      vertex   -1.477841e+01 -1.290967e+00 -1.000000e+01
    endloop
  endfacet
  facet normal -1.903911e-01 -9.817083e-01 0.000000e+00
    outer loop
      vertex   -1.477841e+01 -1.290967e+00 -1.000000e+01
      vertex   -1.455297e+01 -1.334690e+00 -5.000000e+00
      vertex   -1.477841e+01 -1.290967e+00 -5.000000e+00
    endloop
  endfacet
  facet normal -3.830273e-02 -9.992662e-01 0.000000e+00
    outer loop
      vertex   -1.477841e+01 -1.290967e+00 -1.000000e+01
      vertex   -1.477841e+01 -1.290967e+00 -5.000000e+00
      vertex   -1.500789e+01 -1.282171e+00 -1.000000e+01
    endloop
  endfacet
  facet normal -3.830273e-02 -9.992662e-01 0.000000e+00
    outer loop
      vertex   -1.500789e+01 -1.282171e+00 -1.000000e+01
      vertex   -1.477841e+01 -1.290967e+00 -5.000000e+00
      vertex   -1.500789e+01 -1.282171e+00 -5.000000e+00
    endloop
  endfacet
  facet normal 1.146834e-01 -9.934021e-01 0.000000e+00
    outer loop
      vertex   -1.500789e+01 -1.282171e+00 -1.000000e+01
      vertex   -1.500789e+01 -1.282171e+00 -5.000000e+00
      vertex   -1.523603e+01 -1.308508e+00 -1.000000e+01
    endloop
  endfacet
  facet normal 1.146834e-01 -9.934021e-01 0.000000e+00
    outer loop
      vertex   -1.523603e+01 -1.308508e+00 -1.000000e+01
      vertex   -1.500789e+01 -1.282171e+00 -5.000000e+00
      vertex   -1.523603e+01 -1.308508e+00 -5.000000e+00
    endloop
  endfacet
  facet normal 2.649815e-01 -9.642535e-01 0.000000e+00
    outer loop
      vertex   -1.523603e+01 -1.308508e+00 -1.000000e+01
      vertex   -1.523603e+01 -1.308508e+00 -5.000000e+00
      vertex   -1.545746e+01 -1.369361e+00 -1.000000e+01
    endloop
  endfacet
  facet normal 2.649815e-01 -9.642535e-01 0.000000e+00
    outer loop
      vertex   -1.545746e+01 -1.369361e+00 -1.000000e+01
      vertex   -1.523603e+01 -1.308508e+00 -5.000000e+00
      vertex   -1.545746e+01 -1.369361e+00 -5.000000e+00
    endloop
  endfacet
  facet normal 4.090686e-01 -9.125036e-01 0.000000e+00
    outer loop
      vertex   -1.545746e+01 -1.369361e+00 -1.000000e+01
      vertex   -1.545746e+01 -1.369361e+00 -5.000000e+00
      vertex   -1.566702e+01 -1.463302e+00 -1.000000e+01
    endloop
  endfacet
  facet normal 4.090686e-01 -9.125036e-01 0.000000e+00
    outer loop
      vertex   -1.566702e+01 -1.463302e+00 -1.000000e+01
      vertex   -1.545746e+01 -1.369361e+00 -5.000000e+00
      vertex   -1.566702e+01 -1.463302e+00 -5.000000e+00
    endloop
  endfacet
  facet normal 5.435676e-01 -8.393654e-01 0.000000e+00
    outer loop
      vertex   -1.566702e+01 -1.463302e+00 -1.000000e+01
      vertex   -1.566702e+01 -1.463302e+00 -5.000000e+00
      vertex   -1.585978e+01 -1.588131e+00 -1.000000e+01
    endloop
  endfacet
  facet normal 5.435676e-01 -8.393654e-01 0.000000e+00
    outer loop
      vertex   -1.585978e+01 -1.588131e+00 -1.000000e+01
      vertex   -1.566702e+01 -1.463302e+00 -5.000000e+00
      vertex   -1.585978e+01 -1.588131e+00 -5.000000e+00
    endloop
  endfacet
  facet normal 6.653257e-01 -7.465532e-01 0.000000e+00
    outer loop
      vertex   -1.585978e+01 -1.588131e+00 -1.000000e+01
      vertex   -1.585978e+01 -1.588131e+00 -5.000000e+00
      vertex   -1.603122e+01 -1.740922e+00 -1.000000e+01
    endloop
  endfacet
  facet normal 6.653257e-01 -7.465532e-01 0.000000e+00
    outer loop
      vertex   -1.603122e+01 -1.740922e+00 -1.000000e+01
      vertex   -1.585978e+01 -1.588131e+00 -5.000000e+00
      vertex   -1.603122e+01 -1.740922e+00 -5.000000e+00
    endloop
  endfacet
  facet normal 7.714892e-01 -6.362424e-01 0.000000e+00
    outer loop
      vertex   -1.603122e+01 -1.740922e+00 -1.000000e+01
      vertex   -1.603122e+01 -1.740922e+00 -5.000000e+00
      vertex   -1.617733e+01 -1.918093e+00 -1.000000e+01
    endloop
  endfacet
  facet normal 7.714892e-01 -6.362424e-01 0.000000e+00
    outer loop
      vertex   -1.617733e+01 -1.918093e+00 -1.000000e+01
      vertex   -1.603122e+01 -1.740922e+00 -5.000000e+00
      vertex   -1.617733e+01 -1.918093e+00 -5.000000e+00
    endloop
  endfacet
  facet normal 8.595696e-01 -5.110187e-01 0.000000e+00
    outer loop
      vertex   -1.617733e+01 -1.918093e+00 -1.000000e+01
      vertex   -1.617733e+01 -1.918093e+00 -5.000000e+00
      vertex   -1.629469e+01 -2.115491e+00 -1.000000e+01
    endloop
  endfacet
  facet normal 8.595696e-01 -5.110187e-01 0.000000e+00
    outer loop
      vertex   -1.629469e+01 -2.115491e+00 -1.000000e+01
      vertex   -1.617733e+01 -1.918093e+00 -5.000000e+00
      vertex   -1.629469e+01 -2.115491e+00 -5.000000e+00
    endloop
  endfacet
  facet normal 9.275025e-01 -3.738171e-01 0.000000e+00
    outer loop
      vertex   -1.629469e+01 -2.115491e+00 -1.000000e+01
      vertex   -1.629469e+01 -2.115491e+00 -5.000000e+00
      vertex   -1.638053e+01 -2.328490e+00 -1.000000e+01
    endloop
  endfacet
  facet normal 9.275025e-01 -3.738171e-01 0.000000e+00
    outer loop
      vertex   -1.638053e+01 -2.328490e+00 -1.000000e+01
      vertex   -1.629469e+01 -2.115491e+00 -5.000000e+00
      vertex   -1.638053e+01 -2.328490e+00 -5.000000e+00
    endloop
  endfacet
  facet normal 9.736954e-01 -2.278535e-01 0.000000e+00
    outer loop
      vertex   -1.638053e+01 -2.328490e+00 -1.000000e+01
      vertex   -1.638053e+01 -2.328490e+00 -5.000000e+00
      vertex   -1.643286e+01 -2.552097e+00 -1.000000e+01
    endloop
  endfacet
  facet normal 9.736954e-01 -2.278535e-01 0.000000e+00
    outer loop
      vertex   -1.643286e+01 -2.552097e+00 -1.000000e+01
      vertex   -1.638053e+01 -2.328490e+00 -5.000000e+00
      vertex   -1.643286e+01 -2.552097e+00 -5.000000e+00
    endloop
  endfacet
  facet normal 9.970658e-01 -7.654925e-02 0.000000e+00
    outer loop
      vertex   -1.643286e+01 -2.552097e+00 -1.000000e+01
      vertex   -1.643286e+01 -2.552097e+00 -5.000000e+00
      vertex   -1.645044e+01 -2.781071e+00 -1.000000e+01
    endloop
  endfacet
  facet normal 9.970658e-01 -7.654925e-02 0.000000e+00
    outer loop
      vertex   -1.645044e+01 -2.781071e+00 -1.000000e+01
      vertex   -1.643286e+01 -2.552097e+00 -5.000000e+00
      vertex   -1.645044e+01 -2.781071e+00 -5.000000e+00
    endloop
  endfacet
  facet normal 0.000000e+00 -0.000000e+00 1.000000e+00
    outer loop
      vertex   -1.643369e+01 -3.004634e+00 -1.500000e+01
      vertex   -1.346719e+01 -3.004634e+00 -1.500000e+01
      vertex   -1.645044e+01 -2.781071e+00 -1.500000e+01
    endloop
  endfacet
  facet normal -0.000000e+00 0.000000e+00 1.000000e+00
    outer loop
      vertex   -1.645044e+01 -2.781071e+00 -1.500000e+01
      vertex   -1.346719e+01 -3.004634e+00 -1.500000e+01
      vertex   -1.345044e+01 -2.781071e+00 -1.500000e+01
    endloop
  endfacet
  facet normal 0.000000e+00 0.000000e+00 1.000000e+00
    outer loop
      vertex   -1.645044e+01 -2.781071e+00 -1.500000e+01
      vertex   -1.345044e+01 -2.781071e+00 -1.500000e+01
      vertex   -1.643369e+01 -2.557507e+00 -1.500000e+01
    endloop
  endfacet
  facet normal -0.000000e+00 0.000000e+00 1.000000e+00
    outer loop
      vertex   -1.643369e+01 -2.557507e+00 -1.500000e+01
      vertex   -1.345044e+01 -2.781071e+00 -1.500000e+01
      vertex   -1.346719e+01 -2.557507e+00 -1.500000e+01
    endloop
  endfacet
  facet normal 0.000000e+00 0.000000e+00 1.000000e+00
    outer loop
      vertex   -1.643369e+01 -2.557507e+00 -1.500000e+01
      vertex   -1.346719e+01 -2.557507e+00 -1.500000e+01
      vertex   -1.638380e+01 -2.338938e+00 -1.500000e+01
    endloop
  endfacet
  facet normal -0.000000e+00 0.000000e+00 1.000000e+00
    outer loop
      vertex   -1.638380e+01 -2.338938e+00 -1.500000e+01
      vertex   -1.346719e+01 -2.557507e+00 -1.500000e+01
      vertex   -1.351708e+01 -2.338938e+00 -1.500000e+01
    endloop
  endfacet
  facet normal 0.000000e+00 0.000000e+00 1.000000e+00
    outer loop
      vertex   -1.638380e+01 -2.338938e+00 -1.500000e+01
      vertex   -1.351708e+01 -2.338938e+00 -1.500000e+01
      vertex   -1.630189e+01 -2.130245e+00 -1.500000e+01
    endloop
  endfacet
  facet normal -0.000000e+00 0.000000e+00 1.000000e+00
    outer loop
      vertex   -1.630189e+01 -2.130245e+00 -1.500000e+01
      vertex   -1.351708e+01 -2.338938e+00 -1.500000e+01
      vertex   -1.359899e+01 -2.130245e+00 -1.500000e+01
    endloop
  endfacet
  facet normal 0.000000e+00 0.000000e+00 1.000000e+00
    outer loop
      vertex   -1.630189e+01 -2.130245e+00 -1.500000e+01
      vertex   -1.359899e+01 -2.130245e+00 -1.500000e+01
      vertex   -1.618980e+01 -1.936091e+00 -1.500000e+01
    endloop
  endfacet
  facet normal -0.000000e+00 0.000000e+00 1.000000e+00
    outer loop
      vertex   -1.618980e+01 -1.936091e+00 -1.500000e+01
      vertex   -1.359899e+01 -2.130245e+00 -1.500000e+01
      vertex   -1.371108e+01 -1.936091e+00 -1.500000e+01
    endloop
  endfacet
  facet normal 0.000000e+00 0.000000e+00 1.000000e+00
    outer loop
      vertex   -1.618980e+01 -1.936091e+00 -1.500000e+01
      vertex   -1.371108e+01 -1.936091e+00 -1.500000e+01
      vertex   -1.605002e+01 -1.760811e+00 -1.500000e+01
    endloop
  endfacet
  facet normal -0.000000e+00 0.000000e+00 1.000000e+00
    outer loop
      vertex   -1.605002e+01 -1.760811e+00 -1.500000e+01
      vertex   -1.371108e+01 -1.936091e+00 -1.500000e+01
      vertex   -1.385086e+01 -1.760811e+00 -1.500000e+01
    endloop
  endfacet
  facet normal 0.000000e+00 0.000000e+00 1.000000e+00
    outer loop
      vertex   -1.605002e+01 -1.760811e+00 -1.500000e+01
      vertex   -1.385086e+01 -1.760811e+00 -1.500000e+01
      vertex   -1.588567e+01 -1.608323e+00 -1.500000e+01
    endloop
  endfacet
  facet normal -0.000000e+00 0.000000e+00 1.000000e+00
    outer loop
      vertex   -1.588567e+01 -1.608323e+00 -1.500000e+01
      vertex   -1.385086e+01 -1.760811e+00 -1.500000e+01
      vertex   -1.401520e+01 -1.608323e+00 -1.500000e+01
    endloop
  endfacet
  facet normal 0.000000e+00 0.000000e+00 1.000000e+00
    outer loop
      vertex   -1.588567e+01 -1.608323e+00 -1.500000e+01
      vertex   -1.401520e+01 -1.608323e+00 -1.500000e+01
      vertex   -1.570044e+01 -1.482032e+00 -1.500000e+01
    endloop
  endfacet
  facet normal -0.000000e+00 0.000000e+00 1.000000e+00
    outer loop
      vertex   -1.570044e+01 -1.482032e+00 -1.500000e+01
      vertex   -1.401520e+01 -1.608323e+00 -1.500000e+01
      vertex   -1.420044e+01 -1.482032e+00 -1.500000e+01
    endloop
  endfacet
  facet normal 0.000000e+00 0.000000e+00 1.000000e+00
    outer loop
      vertex   -1.570044e+01 -1.482032e+00 -1.500000e+01
      vertex   -1.420044e+01 -1.482032e+00 -1.500000e+01
      vertex   -1.549845e+01 -1.384760e+00 -1.500000e+01
    endloop
  endfacet
  facet normal -0.000000e+00 0.000000e+00 1.000000e+00
    outer loop
      vertex   -1.549845e+01 -1.384760e+00 -1.500000e+01
      vertex   -1.420044e+01 -1.482032e+00 -1.500000e+01
      vertex   -1.440243e+01 -1.384760e+00 -1.500000e+01
    endloop
  endfacet
  facet normal 0.000000e+00 0.000000e+00 1.000000e+00
    outer loop
      vertex   -1.549845e+01 -1.384760e+00 -1.500000e+01
      vertex   -1.440243e+01 -1.384760e+00 -1.500000e+01
      vertex   -1.528422e+01 -1.318679e+00 -1.500000e+01
    endloop
  endfacet
  facet normal -0.000000e+00 0.000000e+00 1.000000e+00
    outer loop
      vertex   -1.528422e+01 -1.318679e+00 -1.500000e+01
      vertex   -1.440243e+01 -1.384760e+00 -1.500000e+01
      vertex   -1.461666e+01 -1.318679e+00 -1.500000e+01
    endloop
  endfacet
  facet normal 0.000000e+00 0.000000e+00 1.000000e+00
    outer loop
      vertex   -1.528422e+01 -1.318679e+00 -1.500000e+01
      vertex   -1.461666e+01 -1.318679e+00 -1.500000e+01
      vertex   -1.506253e+01 -1.285265e+00 -1.500000e+01
    endloop
  endfacet
  facet normal -0.000000e+00 0.000000e+00 1.000000e+00
    outer loop
      vertex   -1.506253e+01 -1.285265e+00 -1.500000e+01
      vertex   -1.461666e+01 -1.318679e+00 -1.500000e+01
      vertex   -1.483834e+01 -1.285265e+00 -1.500000e+01
    endloop
  endfacet
  facet normal 0.000000e+00 0.000000e+00 1.000000e+00
    outer loop
      vertex   -1.346719e+01 -3.004634e+00 -1.500000e+01
      vertex   -1.643369e+01 -3.004634e+00 -1.500000e+01
      vertex   -1.351708e+01 -3.223203e+00 -1.500000e+01
    endloop
  endfacet
  facet normal 0.000000e+00 0.000000e+00 1.000000e+00
    outer loop
      vertex   -1.351708e+01 -3.223203e+00 -1.500000e+01
      vertex   -1.643369e+01 -3.004634e+00 -1.500000e+01
      vertex   -1.638380e+01 -3.223203e+00 -1.500000e+01
    endloop
  endfacet
  facet normal 0.000000e+00 0.000000e+00 1.000000e+00
    outer loop
      vertex   -1.351708e+01 -3.223203e+00 -1.500000e+01
      vertex   -1.638380e+01 -3.223203e+00 -1.500000e+01
      vertex   -1.359899e+01 -3.431896e+00 -1.500000e+01
    endloop
  endfacet
  facet normal 0.000000e+00 0.000000e+00 1.000000e+00
    outer loop
      vertex   -1.359899e+01 -3.431896e+00 -1.500000e+01
      vertex   -1.638380e+01 -3.223203e+00 -1.500000e+01
      vertex   -1.630189e+01 -3.431896e+00 -1.500000e+01
    endloop
  endfacet
  facet normal 0.000000e+00 0.000000e+00 1.000000e+00
    outer loop
      vertex   -1.359899e+01 -3.431896e+00 -1.500000e+01
      vertex   -1.630189e+01 -3.431896e+00 -1.500000e+01
      vertex   -1.371108e+01 -3.626051e+00 -1.500000e+01
    endloop
  endfacet
  facet normal 0.000000e+00 0.000000e+00 1.000000e+00
    outer loop
      vertex   -1.371108e+01 -3.626051e+00 -1.500000e+01
      vertex   -1.630189e+01 -3.431896e+00 -1.500000e+01
      vertex   -1.618980e+01 -3.626051e+00 -1.500000e+01
    endloop
  endfacet
  facet normal 0.000000e+00 0.000000e+00 1.000000e+00
    outer loop
      vertex   -1.371108e+01 -3.626051e+00 -1.500000e+01
      vertex   -1.618980e+01 -3.626051e+00 -1.500000e+01
      vertex   -1.385086e+01 -3.801330e+00 -1.500000e+01
    endloop
  endfacet
  facet normal 0.000000e+00 0.000000e+00 1.000000e+00
    outer loop
      vertex   -1.385086e+01 -3.801330e+00 -1.500000e+01
      vertex   -1.618980e+01 -3.626051e+00 -1.500000e+01
      vertex   -1.605002e+01 -3.801330e+00 -1.500000e+01
    endloop
  endfacet
  facet normal 0.000000e+00 0.000000e+00 1.000000e+00
    outer loop
      vertex   -1.385086e+01 -3.801330e+00 -1.500000e+01
      vertex   -1.605002e+01 -3.801330e+00 -1.500000e+01
      vertex   -1.401520e+01 -3.953818e+00 -1.500000e+01
    endloop
  endfacet
  facet normal 0.000000e+00 0.000000e+00 1.000000e+00
    outer loop
      vertex   -1.401520e+01 -3.953818e+00 -1.500000e+01
      vertex   -1.605002e+01 -3.801330e+00 -1.500000e+01
      vertex   -1.588567e+01 -3.953818e+00 -1.500000e+01
    endloop
  endfacet
  facet normal 0.000000e+00 0.000000e+00 1.000000e+00
    outer loop
      vertex   -1.401520e+01 -3.953818e+00 -1.500000e+01
      vertex   -1.588567e+01 -3.953818e+00 -1.500000e+01
      vertex   -1.420044e+01 -4.080109e+00 -1.500000e+01
    endloop
  endfacet
  facet normal 0.000000e+00 0.000000e+00 1.000000e+00
    outer loop
      vertex   -1.420044e+01 -4.080109e+00 -1.500000e+01
      vertex   -1.588567e+01 -3.953818e+00 -1.500000e+01
      vertex   -1.570044e+01 -4.080109e+00 -1.500000e+01
    endloop
  endfacet
  facet normal 0.000000e+00 0.000000e+00 1.000000e+00
    outer loop
      vertex   -1.420044e+01 -4.080109e+00 -1.500000e+01
      vertex   -1.570044e+01 -4.080109e+00 -1.500000e+01
      vertex   -1.440243e+01 -4.177381e+00 -1.500000e+01
    endloop
  endfacet
  facet normal 0.000000e+00 0.000000e+00 1.000000e+00
    outer loop
      vertex   -1.440243e+01 -4.177381e+00 -1.500000e+01
      vertex   -1.570044e+01 -4.080109e+00 -1.500000e+01
      vertex   -1.549845e+01 -4.177381e+00 -1.500000e+01
    endloop
  endfacet
  facet normal 0.000000e+00 0.000000e+00 1.000000e+00
    outer loop
      vertex   -1.440243e+01 -4.177381e+00 -1.500000e+01
      vertex   -1.549845e+01 -4.177381e+00 -1.500000e+01
      vertex   -1.461666e+01 -4.243462e+00 -1.500000e+01
    endloop
  endfacet
  facet normal 0.000000e+00 0.000000e+00 1.000000e+00
    outer loop
      vertex   -1.461666e+01 -4.243462e+00 -1.500000e+01
      vertex   -1.549845e+01 -4.177381e+00 -1.500000e+01
      vertex   -1.528422e+01 -4.243462e+00 -1.500000e+01
    endloop
  endfacet
  facet normal 0.000000e+00 0.000000e+00 1.000000e+00
    outer loop
      vertex   -1.461666e+01 -4.243462e+00 -1.500000e+01
      vertex   -1.528422e+01 -4.243462e+00 -1.500000e+01
      vertex   -1.483834e+01 -4.276876e+00 -1.500000e+01
    endloop
  endfacet
  facet normal 0.000000e+00 0.000000e+00 1.000000e+00
    outer loop
      vertex   -1.483834e+01 -4.276876e+00 -1.500000e+01
      vertex   -1.528422e+01 -4.243462e+00 -1.500000e+01
      vertex   -1.506253e+01 -4.276876e+00 -1.500000e+01
    endloop
  endfacet
  facet normal 9.972038e-01 7.473009e-02 1.195304e-19
    outer loop
      vertex   1.175709e+01 7.255970e+00 -1.500000e+01
      vertex   1.174034e+01 7.479534e+00 -1.500000e+01
      vertex   1.174034e+01 7.479534e+00 -1.000000e+01
    endloop
  endfacet
  facet normal 9.972038e-01 -7.473009e-02 0.000000e+00
    outer loop
      vertex   1.174034e+01 7.479534e+00 -1.000000e+01
      vertex   1.174034e+01 7.479534e+00 -1.500000e+01
      vertex   1.175709e+01 7.703097e+00 -1.500000e+01
    endloop
  endfacet
  facet normal 9.970658e-01 -7.654925e-02 -8.180188e-05
    outer loop
      vertex   1.174034e+01 7.479534e+00 -1.000000e+01
      vertex   1.175709e+01 7.703097e+00 -1.500000e+01
      vertex   1.175792e+01 7.708508e+00 -1.000000e+01
    endloop
  endfacet
  facet normal 9.749279e-01 -2.225209e-01 7.981029e-05
    outer loop
      vertex   1.175792e+01 7.708508e+00 -1.000000e+01
      vertex   1.175709e+01 7.703097e+00 -1.500000e+01
      vertex   1.180698e+01 7.921666e+00 -1.500000e+01
    endloop
  endfacet
  facet normal 9.736954e-01 -2.278535e-01 -1.596203e-04
    outer loop
      vertex   1.175792e+01 7.708508e+00 -1.000000e+01
      vertex   1.180698e+01 7.921666e+00 -1.500000e+01
      vertex   1.181024e+01 7.932115e+00 -1.000000e+01
    endloop
  endfacet
  facet normal 9.308737e-01 -3.653410e-01 1.556366e-04
    outer loop
      vertex   1.181024e+01 7.932115e+00 -1.000000e+01
      vertex   1.180698e+01 7.921666e+00 -1.500000e+01
      vertex   1.188889e+01 8.130359e+00 -1.500000e+01
    endloop
  endfacet
  facet normal 9.275024e-01 -3.738171e-01 -2.334543e-04
    outer loop
      vertex   1.181024e+01 7.932115e+00 -1.000000e+01
      vertex   1.188889e+01 8.130359e+00 -1.500000e+01
      vertex   1.189609e+01 8.145113e+00 -1.000000e+01
    endloop
  endfacet
  facet normal 8.660254e-01 -5.000000e-01 2.274780e-04
    outer loop
      vertex   1.189609e+01 8.145113e+00 -1.000000e+01
      vertex   1.188889e+01 8.130359e+00 -1.500000e+01
      vertex   1.200098e+01 8.324514e+00 -1.500000e+01
    endloop
  endfacet
  facet normal 8.595696e-01 -5.110187e-01 -3.033028e-04
    outer loop
      vertex   1.189609e+01 8.145113e+00 -1.000000e+01
      vertex   1.200098e+01 8.324514e+00 -1.500000e+01
      vertex   1.201344e+01 8.342512e+00 -1.000000e+01
    endloop
  endfacet
  facet normal 7.818314e-01 -6.234898e-01 2.953335e-04
    outer loop
      vertex   1.201344e+01 8.342512e+00 -1.000000e+01
      vertex   1.200098e+01 8.324514e+00 -1.500000e+01
      vertex   1.214076e+01 8.499793e+00 -1.500000e+01
    endloop
  endfacet
  facet normal 7.714891e-01 -6.362424e-01 -3.691650e-04
    outer loop
      vertex   1.201344e+01 8.342512e+00 -1.000000e+01
      vertex   1.214076e+01 8.499793e+00 -1.500000e+01
      vertex   1.215956e+01 8.519682e+00 -1.000000e+01
    endloop
  endfacet
  facet normal 6.801727e-01 -7.330518e-01 3.592021e-04
    outer loop
      vertex   1.215956e+01 8.519682e+00 -1.000000e+01
      vertex   1.214076e+01 8.499793e+00 -1.500000e+01
      vertex   1.230510e+01 8.652281e+00 -1.500000e+01
    endloop
  endfacet
  facet normal 6.653256e-01 -7.465532e-01 -4.310399e-04
    outer loop
      vertex   1.215956e+01 8.519682e+00 -1.000000e+01
      vertex   1.230510e+01 8.652281e+00 -1.500000e+01
      vertex   1.233100e+01 8.672473e+00 -1.000000e+01
    endloop
  endfacet
  facet normal 5.633200e-01 -8.262387e-01 4.190831e-04
    outer loop
      vertex   1.233100e+01 8.672473e+00 -1.000000e+01
      vertex   1.230510e+01 8.652281e+00 -1.500000e+01
      vertex   1.249034e+01 8.778572e+00 -1.500000e+01
    endloop
  endfacet
  facet normal 5.435675e-01 -8.393653e-01 -4.889267e-04
    outer loop
      vertex   1.233100e+01 8.672473e+00 -1.000000e+01
      vertex   1.249034e+01 8.778572e+00 -1.500000e+01
      vertex   1.252376e+01 8.797302e+00 -1.000000e+01
    endloop
  endfacet
  facet normal 4.338837e-01 -9.009688e-01 4.749756e-04
    outer loop
      vertex   1.252376e+01 8.797302e+00 -1.000000e+01
      vertex   1.249034e+01 8.778572e+00 -1.500000e+01
      vertex   1.269233e+01 8.875844e+00 -1.500000e+01
    endloop
  endfacet
  facet normal 4.090686e-01 -9.125035e-01 -5.428247e-04
    outer loop
      vertex   1.252376e+01 8.797302e+00 -1.000000e+01
      vertex   1.269233e+01 8.875844e+00 -1.500000e+01
      vertex   1.273331e+01 8.891244e+00 -1.000000e+01
    endloop
  endfacet
  facet normal 2.947551e-01 -9.555727e-01 5.268788e-04
    outer loop
      vertex   1.273331e+01 8.891244e+00 -1.000000e+01
      vertex   1.269233e+01 8.875844e+00 -1.500000e+01
      vertex   1.290656e+01 8.941926e+00 -1.500000e+01
    endloop
  endfacet
  facet normal 2.649815e-01 -9.642533e-01 -5.927331e-04
    outer loop
      vertex   1.273331e+01 8.891244e+00 -1.000000e+01
      vertex   1.290656e+01 8.941926e+00 -1.500000e+01
      vertex   1.295475e+01 8.952096e+00 -1.000000e+01
    endloop
  endfacet
  facet normal 1.490422e-01 -9.888307e-01 5.747922e-04
    outer loop
      vertex   1.295475e+01 8.952096e+00 -1.000000e+01
      vertex   1.290656e+01 8.941926e+00 -1.500000e+01
      vertex   1.312824e+01 8.975339e+00 -1.500000e+01
    endloop
  endfacet
  facet normal 1.146834e-01 -9.934019e-01 -6.386513e-04
    outer loop
      vertex   1.295475e+01 8.952096e+00 -1.000000e+01
      vertex   1.312824e+01 8.975339e+00 -1.500000e+01
      vertex   1.318288e+01 8.978433e+00 -1.000000e+01
    endloop
  endfacet
  facet normal 0.000000e+00 -9.999998e-01 6.187150e-04
    outer loop
      vertex   1.318288e+01 8.978433e+00 -1.000000e+01
      vertex   1.312824e+01 8.975339e+00 -1.500000e+01
      vertex   1.335243e+01 8.975339e+00 -1.500000e+01
    endloop
  endfacet
  facet normal -3.830272e-02 -9.992659e-01 -6.805786e-04
    outer loop
      vertex   1.318288e+01 8.978433e+00 -1.000000e+01
      vertex   1.335243e+01 8.975339e+00 -1.500000e+01
      vertex   1.341236e+01 8.969637e+00 -1.000000e+01
    endloop
  endfacet
  facet normal -1.490422e-01 -9.888306e-01 6.586467e-04
    outer loop
      vertex   1.341236e+01 8.969637e+00 -1.000000e+01
      vertex   1.335243e+01 8.975339e+00 -1.500000e+01
      vertex   1.357412e+01 8.941926e+00 -1.500000e+01
    endloop
  endfacet
  facet normal -1.903911e-01 -9.817081e-01 -7.185145e-04
    outer loop
      vertex   1.341236e+01 8.969637e+00 -1.000000e+01
      vertex   1.357412e+01 8.941926e+00 -1.500000e+01
      vertex   1.363781e+01 8.925914e+00 -1.000000e+01
    endloop
  endfacet
  facet normal -2.947551e-01 -9.555726e-01 6.945868e-04
    outer loop
      vertex   1.363781e+01 8.925914e+00 -1.000000e+01
      vertex   1.357412e+01 8.941926e+00 -1.500000e+01
      vertex   1.378835e+01 8.875844e+00 -1.500000e+01
    endloop
  endfacet
  facet normal -3.380168e-01 -9.411398e-01 -7.524586e-04
    outer loop
      vertex   1.363781e+01 8.925914e+00 -1.000000e+01
      vertex   1.378835e+01 8.875844e+00 -1.500000e+01
      vertex   1.385394e+01 8.848289e+00 -1.000000e+01
    endloop
  endfacet
  facet normal -4.338836e-01 -9.009686e-01 7.265347e-04
    outer loop
      vertex   1.385394e+01 8.848289e+00 -1.000000e+01
      vertex   1.378835e+01 8.875844e+00 -1.500000e+01
      vertex   1.399034e+01 8.778572e+00 -1.500000e+01
    endloop
  endfacet
  facet normal -4.777197e-01 -8.785120e-01 -7.824102e-04
    outer loop
      vertex   1.385394e+01 8.848289e+00 -1.000000e+01
      vertex   1.399034e+01 8.778572e+00 -1.500000e+01
      vertex   1.405569e+01 8.738582e+00 -1.000000e+01
    endloop
  endfacet
  facet normal -5.633199e-01 -8.262385e-01 7.544900e-04
    outer loop
      vertex   1.405569e+01 8.738582e+00 -1.000000e+01
      vertex   1.399034e+01 8.778572e+00 -1.500000e+01
      vertex   1.417557e+01 8.652281e+00 -1.500000e+01
    endloop
  endfacet
  facet normal -6.062252e-01 -7.952926e-01 -8.083692e-04
    outer loop
      vertex   1.405569e+01 8.738582e+00 -1.000000e+01
      vertex   1.417557e+01 8.652281e+00 -1.500000e+01
      vertex   1.423833e+01 8.599364e+00 -1.000000e+01
    endloop
  endfacet
  facet normal -6.801725e-01 -7.330516e-01 7.784525e-04
    outer loop
      vertex   1.423833e+01 8.599364e+00 -1.000000e+01
      vertex   1.417557e+01 8.652281e+00 -1.500000e+01
      vertex   1.433992e+01 8.499793e+00 -1.500000e+01
    endloop
  endfacet
  facet normal -7.205213e-01 -6.934323e-01 -8.303350e-04
    outer loop
      vertex   1.423833e+01 8.599364e+00 -1.000000e+01
      vertex   1.433992e+01 8.499793e+00 -1.500000e+01
      vertex   1.439757e+01 8.433897e+00 -1.000000e+01
    endloop
  endfacet
  facet normal -7.818312e-01 -6.234896e-01 7.984216e-04
    outer loop
      vertex   1.439757e+01 8.433897e+00 -1.000000e+01
      vertex   1.433992e+01 8.499793e+00 -1.500000e+01
      vertex   1.447970e+01 8.324514e+00 -1.500000e+01
    endloop
  endfacet
  facet normal -8.179291e-01 -5.753185e-01 -8.483074e-04
    outer loop
      vertex   1.439757e+01 8.433897e+00 -1.000000e+01
      vertex   1.447970e+01 8.324514e+00 -1.500000e+01
      vertex   1.452969e+01 8.246062e+00 -1.000000e+01
    endloop
  endfacet
  facet normal -8.660251e-01 -4.999998e-01 8.143973e-04
    outer loop
      vertex   1.452969e+01 8.246062e+00 -1.000000e+01
      vertex   1.447970e+01 8.324514e+00 -1.500000e+01
      vertex   1.459179e+01 8.130359e+00 -1.500000e+01
    endloop
  endfacet
  facet normal -8.961652e-01 -4.437197e-01 -8.622862e-04
    outer loop
      vertex   1.452969e+01 8.246062e+00 -1.000000e+01
      vertex   1.459179e+01 8.130359e+00 -1.500000e+01
      vertex   1.463159e+01 8.040259e+00 -1.000000e+01
    endloop
  endfacet
  facet normal -9.308734e-01 -3.653409e-01 8.263792e-04
    outer loop
      vertex   1.463159e+01 8.040259e+00 -1.000000e+01
      vertex   1.459179e+01 8.130359e+00 -1.500000e+01
      vertex   1.467370e+01 7.921666e+00 -1.500000e+01
    endloop
  endfacet
  facet normal -9.533960e-01 -3.017205e-01 -8.722712e-04
    outer loop
      vertex   1.463159e+01 8.040259e+00 -1.000000e+01
      vertex   1.467370e+01 7.921666e+00 -1.500000e+01
      vertex   1.470088e+01 7.821314e+00 -1.000000e+01
    endloop
  endfacet
  facet normal -9.749276e-01 -2.225209e-01 8.343672e-04
    outer loop
      vertex   1.470088e+01 7.821314e+00 -1.000000e+01
      vertex   1.467370e+01 7.921666e+00 -1.500000e+01
      vertex   1.472359e+01 7.703097e+00 -1.500000e+01
    endloop
  endfacet
  facet normal -9.882800e-01 -1.526492e-01 -8.782623e-04
    outer loop
      vertex   1.470088e+01 7.821314e+00 -1.000000e+01
      vertex   1.472359e+01 7.703097e+00 -1.500000e+01
      vertex   1.473594e+01 7.594358e+00 -1.000000e+01
    endloop
  endfacet
  facet normal -9.972034e-01 -7.473007e-02 8.383613e-04
    outer loop
      vertex   1.473594e+01 7.594358e+00 -1.000000e+01
      vertex   1.472359e+01 7.703097e+00 -1.500000e+01
      vertex   1.474034e+01 7.479534e+00 -1.500000e+01
    endloop
  endfacet
  facet normal -9.999996e-01 -0.000000e+00 -8.802593e-04
    outer loop
      vertex   1.473594e+01 7.594358e+00 -1.000000e+01
      vertex   1.474034e+01 7.479534e+00 -1.500000e+01
      vertex   1.473594e+01 7.364710e+00 -1.000000e+01
    endloop
  endfacet
  facet normal -9.972034e-01 7.473007e-02 8.383613e-04
    outer loop
      vertex   1.473594e+01 7.364710e+00 -1.000000e+01
      vertex   1.474034e+01 7.479534e+00 -1.500000e+01
      vertex   1.472359e+01 7.255970e+00 -1.500000e+01
    endloop
  endfacet
  facet normal -9.882800e-01 1.526492e-01 -8.782623e-04
    outer loop
      vertex   1.473594e+01 7.364710e+00 -1.000000e+01
      vertex   1.472359e+01 7.255970e+00 -1.500000e+01
      vertex   1.470088e+01 7.137753e+00 -1.000000e+01
    endloop
  endfacet
  facet normal -9.749276e-01 2.225209e-01 8.343672e-04
    outer loop
      vertex   1.470088e+01 7.137753e+00 -1.000000e+01
      vertex   1.472359e+01 7.255970e+00 -1.500000e+01
      vertex   1.467370e+01 7.037401e+00 -1.500000e+01
    endloop
  endfacet
  facet normal -9.533960e-01 3.017205e-01 -8.722712e-04
    outer loop
      vertex   1.470088e+01 7.137753e+00 -1.000000e+01
      vertex   1.467370e+01 7.037401e+00 -1.500000e+01
      vertex   1.463159e+01 6.918808e+00 -1.000000e+01
    endloop
  endfacet
  facet normal -9.308734e-01 3.653409e-01 8.263792e-04
    outer loop
      vertex   1.463159e+01 6.918808e+00 -1.000000e+01
      vertex   1.467370e+01 7.037401e+00 -1.500000e+01
      vertex   1.459179e+01 6.828708e+00 -1.500000e+01
    endloop
  endfacet
  facet normal -8.961652e-01 4.437197e-01 -8.622862e-04
    outer loop
      vertex   1.463159e+01 6.918808e+00 -1.000000e+01
      vertex   1.459179e+01 6.828708e+00 -1.500000e+01
      vertex   1.452969e+01 6.713006e+00 -1.000000e+01
    endloop
  endfacet
  facet normal -8.660251e-01 4.999998e-01 8.143973e-04
    outer loop
      vertex   1.452969e+01 6.713006e+00 -1.000000e+01
      vertex   1.459179e+01 6.828708e+00 -1.500000e+01
      vertex   1.447970e+01 6.634554e+00 -1.500000e+01
    endloop
  endfacet
  facet normal -8.179291e-01 5.753185e-01 -8.483074e-04
    outer loop
      vertex   1.452969e+01 6.713006e+00 -1.000000e+01
      vertex   1.447970e+01 6.634554e+00 -1.500000e+01
      vertex   1.439757e+01 6.525170e+00 -1.000000e+01
    endloop
  endfacet
  facet normal -7.818312e-01 6.234896e-01 7.984216e-04
    outer loop
      vertex   1.439757e+01 6.525170e+00 -1.000000e+01
      vertex   1.447970e+01 6.634554e+00 -1.500000e+01
      vertex   1.433992e+01 6.459275e+00 -1.500000e+01
    endloop
  endfacet
  facet normal -7.205213e-01 6.934323e-01 -8.303350e-04
    outer loop
      vertex   1.439757e+01 6.525170e+00 -1.000000e+01
      vertex   1.433992e+01 6.459275e+00 -1.500000e+01
      vertex   1.423833e+01 6.359704e+00 -1.000000e+01
    endloop
  endfacet
  facet normal -6.801725e-01 7.330516e-01 7.784525e-04
    outer loop
      vertex   1.423833e+01 6.359704e+00 -1.000000e+01
      vertex   1.433992e+01 6.459275e+00 -1.500000e+01
      vertex   1.417557e+01 6.306786e+00 -1.500000e+01
    endloop
  endfacet
  facet normal -6.062252e-01 7.952926e-01 -8.083692e-04
    outer loop
      vertex   1.423833e+01 6.359704e+00 -1.000000e+01
      vertex   1.417557e+01 6.306786e+00 -1.500000e+01
      vertex   1.405569e+01 6.220486e+00 -1.000000e+01
    endloop
  endfacet
  facet normal -5.633199e-01 8.262385e-01 7.544900e-04
    outer loop
      vertex   1.405569e+01 6.220486e+00 -1.000000e+01
      vertex   1.417557e+01 6.306786e+00 -1.500000e+01
      vertex   1.399034e+01 6.180496e+00 -1.500000e+01
    endloop
  endfacet
  facet normal -4.777197e-01 8.785120e-01 -7.824102e-04
    outer loop
      vertex   1.405569e+01 6.220486e+00 -1.000000e+01
      vertex   1.399034e+01 6.180496e+00 -1.500000e+01
      vertex   1.385394e+01 6.110778e+00 -1.000000e+01
    endloop
  endfacet
  facet normal -4.338836e-01 9.009686e-01 7.265347e-04
    outer loop
      vertex   1.385394e+01 6.110778e+00 -1.000000e+01
      vertex   1.399034e+01 6.180496e+00 -1.500000e+01
      vertex   1.378835e+01 6.083223e+00 -1.500000e+01
    endloop
  endfacet
  facet normal -3.380168e-01 9.411398e-01 -7.524586e-04
    outer loop
      vertex   1.385394e+01 6.110778e+00 -1.000000e+01
      vertex   1.378835e+01 6.083223e+00 -1.500000e+01
      vertex   1.363781e+01 6.033153e+00 -1.000000e+01
    endloop
  endfacet
  facet normal -2.947551e-01 9.555726e-01 6.945868e-04
    outer loop
      vertex   1.363781e+01 6.033153e+00 -1.000000e+01
      vertex   1.378835e+01 6.083223e+00 -1.500000e+01
      vertex   1.357412e+01 6.017142e+00 -1.500000e+01
    endloop
  endfacet
  facet normal -1.903911e-01 9.817081e-01 -7.185145e-04
    outer loop
      vertex   1.363781e+01 6.033153e+00 -1.000000e+01
      vertex   1.357412e+01 6.017142e+00 -1.500000e+01
      vertex   1.341236e+01 5.989431e+00 -1.000000e+01
    endloop
  endfacet
  facet normal -1.490422e-01 9.888306e-01 6.586467e-04
    outer loop
      vertex   1.341236e+01 5.989431e+00 -1.000000e+01
      vertex   1.357412e+01 6.017142e+00 -1.500000e+01
      vertex   1.335243e+01 5.983728e+00 -1.500000e+01
    endloop
  endfacet
  facet normal -3.830272e-02 9.992659e-01 -6.805786e-04
    outer loop
      vertex   1.341236e+01 5.989431e+00 -1.000000e+01
      vertex   1.335243e+01 5.983728e+00 -1.500000e+01
      vertex   1.318288e+01 5.980634e+00 -1.000000e+01
    endloop
  endfacet
  facet normal 0.000000e+00 9.999998e-01 6.187150e-04
    outer loop
      vertex   1.318288e+01 5.980634e+00 -1.000000e+01
      vertex   1.335243e+01 5.983728e+00 -1.500000e+01
      vertex   1.312824e+01 5.983728e+00 -1.500000e+01
    endloop
  endfacet
  facet normal 1.146834e-01 9.934019e-01 -6.386513e-04
    outer loop
      vertex   1.318288e+01 5.980634e+00 -1.000000e+01
      vertex   1.312824e+01 5.983728e+00 -1.500000e+01
      vertex   1.295475e+01 6.006971e+00 -1.000000e+01
    endloop
  endfacet
  facet normal 1.490422e-01 9.888307e-01 5.747922e-04
    outer loop
      vertex   1.295475e+01 6.006971e+00 -1.000000e+01
      vertex   1.312824e+01 5.983728e+00 -1.500000e+01
      vertex   1.290656e+01 6.017142e+00 -1.500000e+01
    endloop
  endfacet
  facet normal 2.649815e-01 9.642533e-01 -5.927331e-04
    outer loop
      vertex   1.295475e+01 6.006971e+00 -1.000000e+01
      vertex   1.290656e+01 6.017142e+00 -1.500000e+01
      vertex   1.273331e+01 6.067824e+00 -1.000000e+01
    endloop
  endfacet
  facet normal 2.947551e-01 9.555727e-01 5.268788e-04
    outer loop
      vertex   1.273331e+01 6.067824e+00 -1.000000e+01
      vertex   1.290656e+01 6.017142e+00 -1.500000e+01
      vertex   1.269233e+01 6.083223e+00 -1.500000e+01
    endloop
  endfacet
  facet normal 4.090686e-01 9.125035e-01 -5.428247e-04
    outer loop
      vertex   1.273331e+01 6.067824e+00 -1.000000e+01
      vertex   1.269233e+01 6.083223e+00 -1.500000e+01
      vertex   1.252376e+01 6.161765e+00 -1.000000e+01
    endloop
  endfacet
  facet normal 4.338837e-01 9.009688e-01 4.749756e-04
    outer loop
      vertex   1.252376e+01 6.161765e+00 -1.000000e+01
      vertex   1.269233e+01 6.083223e+00 -1.500000e+01
      vertex   1.249034e+01 6.180496e+00 -1.500000e+01
    endloop
  endfacet
  facet normal 5.435675e-01 8.393653e-01 -4.889267e-04
    outer loop
      vertex   1.252376e+01 6.161765e+00 -1.000000e+01
      vertex   1.249034e+01 6.180496e+00 -1.500000e+01
      vertex   1.233100e+01 6.286594e+00 -1.000000e+01
    endloop
  endfacet
  facet normal 5.633200e-01 8.262387e-01 4.190831e-04
    outer loop
      vertex   1.233100e+01 6.286594e+00 -1.000000e+01
      vertex   1.249034e+01 6.180496e+00 -1.500000e+01
      vertex   1.230510e+01 6.306786e+00 -1.500000e+01
    endloop
  endfacet
  facet normal 6.653256e-01 7.465532e-01 -4.310399e-04
    outer loop
      vertex   1.233100e+01 6.286594e+00 -1.000000e+01
      vertex   1.230510e+01 6.306786e+00 -1.500000e+01
      vertex   1.215956e+01 6.439385e+00 -1.000000e+01
    endloop
  endfacet
  facet normal 6.801727e-01 7.330518e-01 3.592021e-04
    outer loop
      vertex   1.215956e+01 6.439385e+00 -1.000000e+01
      vertex   1.230510e+01 6.306786e+00 -1.500000e+01
      vertex   1.214076e+01 6.459275e+00 -1.500000e+01
    endloop
  endfacet
  facet normal 7.714891e-01 6.362424e-01 -3.691650e-04
    outer loop
      vertex   1.215956e+01 6.439385e+00 -1.000000e+01
      vertex   1.214076e+01 6.459275e+00 -1.500000e+01
      vertex   1.201344e+01 6.616556e+00 -1.000000e+01
    endloop
  endfacet
  facet normal 7.818314e-01 6.234898e-01 2.953335e-04
    outer loop
      vertex   1.201344e+01 6.616556e+00 -1.000000e+01
      vertex   1.214076e+01 6.459275e+00 -1.500000e+01
      vertex   1.200098e+01 6.634554e+00 -1.500000e+01
    endloop
  endfacet
  facet normal 8.595696e-01 5.110187e-01 -3.033028e-04
    outer loop
      vertex   1.201344e+01 6.616556e+00 -1.000000e+01
      vertex   1.200098e+01 6.634554e+00 -1.500000e+01
      vertex   1.189609e+01 6.813954e+00 -1.000000e+01
    endloop
  endfacet
  facet normal 8.660254e-01 5.000000e-01 2.274780e-04
    outer loop
      vertex   1.189609e+01 6.813954e+00 -1.000000e+01
      vertex   1.200098e+01 6.634554e+00 -1.500000e+01
      vertex   1.188889e+01 6.828708e+00 -1.500000e+01
    endloop
  endfacet
  facet normal 9.275024e-01 3.738171e-01 -2.334543e-04
    outer loop
      vertex   1.189609e+01 6.813954e+00 -1.000000e+01
      vertex   1.188889e+01 6.828708e+00 -1.500000e+01
      vertex   1.181024e+01 7.026953e+00 -1.000000e+01
    endloop
  endfacet
  facet normal 9.308737e-01 3.653410e-01 1.556366e-04
    outer loop
      vertex   1.181024e+01 7.026953e+00 -1.000000e+01
      vertex   1.188889e+01 6.828708e+00 -1.500000e+01
      vertex   1.180698e+01 7.037401e+00 -1.500000e+01
    endloop
  endfacet
  facet normal 9.736954e-01 2.278535e-01 -1.596203e-04
    outer loop
      vertex   1.181024e+01 7.026953e+00 -1.000000e+01
      vertex   1.180698e+01 7.037401e+00 -1.500000e+01
      vertex   1.175792e+01 7.250560e+00 -1.000000e+01
    endloop
  endfacet
  facet normal 9.749279e-01 2.225209e-01 7.981029e-05
    outer loop
      vertex   1.175792e+01 7.250560e+00 -1.000000e+01
      vertex   1.180698e+01 7.037401e+00 -1.500000e+01
      vertex   1.175709e+01 7.255970e+00 -1.500000e+01
    endloop
  endfacet
  facet normal 9.970658e-01 7.654925e-02 -8.180188e-05
    outer loop
      vertex   1.175792e+01 7.250560e+00 -1.000000e+01
      vertex   1.175709e+01 7.255970e+00 -1.500000e+01
      vertex   1.174034e+01 7.479534e+00 -1.000000e+01
    endloop
  endfacet
  facet normal 9.972038e-01 -7.473009e-02 2.616964e-20
    outer loop
      vertex   1.175709e+01 7.703097e+00 0.000000e+00
      vertex   1.174034e+01 7.479534e+00 0.000000e+00
      vertex   1.174034e+01 7.479534e+00 -5.000000e+00
    endloop
  endfacet
  facet normal 9.972038e-01 7.473009e-02 -0.000000e+00
    outer loop
      vertex   1.174034e+01 7.479534e+00 -5.000000e+00
      vertex   1.174034e+01 7.479534e+00 0.000000e+00
      vertex   1.175709e+01 7.255970e+00 0.000000e+00
    endloop
  endfacet
  facet normal 9.970658e-01 7.654925e-02 8.180188e-05
    outer loop
      vertex   1.174034e+01 7.479534e+00 -5.000000e+00
      vertex   1.175709e+01 7.255970e+00 0.000000e+00
      vertex   1.175792e+01 7.250560e+00 -5.000000e+00
    endloop
  endfacet
  facet normal 9.749279e-01 2.225209e-01 -7.981029e-05
    outer loop
      vertex   1.175792e+01 7.250560e+00 -5.000000e+00
      vertex   1.175709e+01 7.255970e+00 0.000000e+00
      vertex   1.180698e+01 7.037401e+00 0.000000e+00
    endloop
  endfacet
  facet normal 9.736954e-01 2.278535e-01 1.596203e-04
    outer loop
      vertex   1.175792e+01 7.250560e+00 -5.000000e+00
      vertex   1.180698e+01 7.037401e+00 0.000000e+00
      vertex   1.181024e+01 7.026953e+00 -5.000000e+00
    endloop
  endfacet
  facet normal 9.308737e-01 3.653410e-01 -1.556366e-04
    outer loop
      vertex   1.181024e+01 7.026953e+00 -5.000000e+00
      vertex   1.180698e+01 7.037401e+00 0.000000e+00
      vertex   1.188889e+01 6.828708e+00 0.000000e+00
    endloop
  endfacet
  facet normal 9.275024e-01 3.738171e-01 2.334543e-04
    outer loop
      vertex   1.181024e+01 7.026953e+00 -5.000000e+00
      vertex   1.188889e+01 6.828708e+00 0.000000e+00
      vertex   1.189609e+01 6.813954e+00 -5.000000e+00
    endloop
  endfacet
  facet normal 8.660254e-01 5.000000e-01 -2.274780e-04
    outer loop
      vertex   1.189609e+01 6.813954e+00 -5.000000e+00
      vertex   1.188889e+01 6.828708e+00 0.000000e+00
      vertex   1.200098e+01 6.634554e+00 0.000000e+00
    endloop
  endfacet
  facet normal 8.595696e-01 5.110187e-01 3.033028e-04
    outer loop
      vertex   1.189609e+01 6.813954e+00 -5.000000e+00
      vertex   1.200098e+01 6.634554e+00 0.000000e+00
      vertex   1.201344e+01 6.616556e+00 -5.000000e+00
    endloop
  endfacet
  facet normal 7.818314e-01 6.234898e-01 -2.953335e-04
    outer loop
      vertex   1.201344e+01 6.616556e+00 -5.000000e+00
      vertex   1.200098e+01 6.634554e+00 0.000000e+00
      vertex   1.214076e+01 6.459275e+00 0.000000e+00
    endloop
  endfacet
  facet normal 7.714891e-01 6.362424e-01 3.691650e-04
    outer loop
      vertex   1.201344e+01 6.616556e+00 -5.000000e+00
      vertex   1.214076e+01 6.459275e+00 0.000000e+00
      vertex   1.215956e+01 6.439385e+00 -5.000000e+00
    endloop
  endfacet
  facet normal 6.801727e-01 7.330518e-01 -3.592021e-04
    outer loop
      vertex   1.215956e+01 6.439385e+00 -5.000000e+00
      vertex   1.214076e+01 6.459275e+00 0.000000e+00
      vertex   1.230510e+01 6.306786e+00 0.000000e+00
    endloop
  endfacet
  facet normal 6.653256e-01 7.465532e-01 4.310399e-04
    outer loop
      vertex   1.215956e+01 6.439385e+00 -5.000000e+00
      vertex   1.230510e+01 6.306786e+00 0.000000e+00
      vertex   1.233100e+01 6.286594e+00 -5.000000e+00
    endloop
  endfacet
  facet normal 5.633200e-01 8.262387e-01 -4.190831e-04
    outer loop
      vertex   1.233100e+01 6.286594e+00 -5.000000e+00
      vertex   1.230510e+01 6.306786e+00 0.000000e+00
      vertex   1.249034e+01 6.180496e+00 0.000000e+00
    endloop
  endfacet
  facet normal 5.435675e-01 8.393653e-01 4.889267e-04
    outer loop
      vertex   1.233100e+01 6.286594e+00 -5.000000e+00
      vertex   1.249034e+01 6.180496e+00 0.000000e+00
      vertex   1.252376e+01 6.161765e+00 -5.000000e+00
    endloop
  endfacet
  facet normal 4.338837e-01 9.009688e-01 -4.749756e-04
    outer loop
      vertex   1.252376e+01 6.161765e+00 -5.000000e+00
      vertex   1.249034e+01 6.180496e+00 0.000000e+00
      vertex   1.269233e+01 6.083223e+00 0.000000e+00
    endloop
  endfacet
  facet normal 4.090686e-01 9.125035e-01 5.428247e-04
    outer loop
      vertex   1.252376e+01 6.161765e+00 -5.000000e+00
      vertex   1.269233e+01 6.083223e+00 0.000000e+00
      vertex   1.273331e+01 6.067824e+00 -5.000000e+00
    endloop
  endfacet
  facet normal 2.947551e-01 9.555727e-01 -5.268788e-04
    outer loop
      vertex   1.273331e+01 6.067824e+00 -5.000000e+00
      vertex   1.269233e+01 6.083223e+00 0.000000e+00
      vertex   1.290656e+01 6.017142e+00 0.000000e+00
    endloop
  endfacet
  facet normal 2.649815e-01 9.642533e-01 5.927331e-04
    outer loop
      vertex   1.273331e+01 6.067824e+00 -5.000000e+00
      vertex   1.290656e+01 6.017142e+00 0.000000e+00
      vertex   1.295475e+01 6.006971e+00 -5.000000e+00
    endloop
  endfacet
  facet normal 1.490422e-01 9.888307e-01 -5.747922e-04
    outer loop
      vertex   1.295475e+01 6.006971e+00 -5.000000e+00
      vertex   1.290656e+01 6.017142e+00 0.000000e+00
      vertex   1.312824e+01 5.983728e+00 0.000000e+00
    endloop
  endfacet
  facet normal 1.146834e-01 9.934019e-01 6.386513e-04
    outer loop
      vertex   1.295475e+01 6.006971e+00 -5.000000e+00
      vertex   1.312824e+01 5.983728e+00 0.000000e+00
      vertex   1.318288e+01 5.980634e+00 -5.000000e+00
    endloop
  endfacet
  facet normal 0.000000e+00 9.999998e-01 -6.187150e-04
    outer loop
      vertex   1.318288e+01 5.980634e+00 -5.000000e+00
      vertex   1.312824e+01 5.983728e+00 0.000000e+00
      vertex   1.335243e+01 5.983728e+00 0.000000e+00
    endloop
  endfacet
  facet normal -3.830272e-02 9.992659e-01 6.805786e-04
    outer loop
      vertex   1.318288e+01 5.980634e+00 -5.000000e+00
      vertex   1.335243e+01 5.983728e+00 0.000000e+00
      vertex   1.341236e+01 5.989431e+00 -5.000000e+00
    endloop
  endfacet
  facet normal -1.490422e-01 9.888306e-01 -6.586467e-04
    outer loop
      vertex   1.341236e+01 5.989431e+00 -5.000000e+00
      vertex   1.335243e+01 5.983728e+00 0.000000e+00
      vertex   1.357412e+01 6.017142e+00 0.000000e+00
    endloop
  endfacet
  facet normal -1.903911e-01 9.817081e-01 7.185145e-04
    outer loop
      vertex   1.341236e+01 5.989431e+00 -5.000000e+00
      vertex   1.357412e+01 6.017142e+00 0.000000e+00
      vertex   1.363781e+01 6.033153e+00 -5.000000e+00
    endloop
  endfacet
  facet normal -2.947551e-01 9.555726e-01 -6.945868e-04
    outer loop
      vertex   1.363781e+01 6.033153e+00 -5.000000e+00
      vertex   1.357412e+01 6.017142e+00 0.000000e+00
      vertex   1.378835e+01 6.083223e+00 0.000000e+00
    endloop
  endfacet
  facet normal -3.380168e-01 9.411398e-01 7.524586e-04
    outer loop
      vertex   1.363781e+01 6.033153e+00 -5.000000e+00
      vertex   1.378835e+01 6.083223e+00 0.000000e+00
      vertex   1.385394e+01 6.110778e+00 -5.000000e+00
    endloop
  endfacet
  facet normal -4.338836e-01 9.009686e-01 -7.265347e-04
    outer loop
      vertex   1.385394e+01 6.110778e+00 -5.000000e+00
      vertex   1.378835e+01 6.083223e+00 0.000000e+00
      vertex   1.399034e+01 6.180496e+00 0.000000e+00
    endloop
  endfacet
  facet normal -4.777197e-01 8.785120e-01 7.824102e-04
    outer loop
      vertex   1.385394e+01 6.110778e+00 -5.000000e+00
      vertex   1.399034e+01 6.180496e+00 0.000000e+00
      vertex   1.405569e+01 6.220486e+00 -5.000000e+00
    endloop
  endfacet
  facet normal -5.633199e-01 8.262385e-01 -7.544900e-04
    outer loop
      vertex   1.405569e+01 6.220486e+00 -5.000000e+00
      vertex   1.399034e+01 6.180496e+00 0.000000e+00
      vertex   1.417557e+01 6.306786e+00 0.000000e+00
    endloop
  endfacet
  facet normal -6.062252e-01 7.952926e-01 8.083692e-04
    outer loop
      vertex   1.405569e+01 6.220486e+00 -5.000000e+00
      vertex   1.417557e+01 6.306786e+00 0.000000e+00
      vertex   1.423833e+01 6.359704e+00 -5.000000e+00
    endloop
  endfacet
  facet normal -6.801725e-01 7.330516e-01 -7.784525e-04
    outer loop
      vertex   1.423833e+01 6.359704e+00 -5.000000e+00
      vertex   1.417557e+01 6.306786e+00 0.000000e+00
      vertex   1.433992e+01 6.459275e+00 0.000000e+00
    endloop
  endfacet
  facet normal -7.205213e-01 6.934323e-01 8.303350e-04
    outer loop
      vertex   1.423833e+01 6.359704e+00 -5.000000e+00
      vertex   1.433992e+01 6.459275e+00 0.000000e+00
      vertex   1.439757e+01 6.525170e+00 -5.000000e+00
    endloop
  endfacet
  facet normal -7.818312e-01 6.234896e-01 -7.984216e-04
    outer loop
      vertex   1.439757e+01 6.525170e+00 -5.000000e+00
      vertex   1.433992e+01 6.459275e+00 0.000000e+00
      vertex   1.447970e+01 6.634554e+00 0.000000e+00
    endloop
  endfacet
  facet normal -8.179291e-01 5.753185e-01 8.483074e-04
    outer loop
      vertex   1.439757e+01 6.525170e+00 -5.000000e+00
      vertex   1.447970e+01 6.634554e+00 0.000000e+00
      vertex   1.452969e+01 6.713006e+00 -5.000000e+00
    endloop
  endfacet
  facet normal -8.660251e-01 4.999998e-01 -8.143973e-04
    outer loop
      vertex   1.452969e+01 6.713006e+00 -5.000000e+00
      vertex   1.447970e+01 6.634554e+00 0.000000e+00
      vertex   1.459179e+01 6.828708e+00 0.000000e+00
    endloop
  endfacet
  facet normal -8.961652e-01 4.437197e-01 8.622862e-04
    outer loop
      vertex   1.452969e+01 6.713006e+00 -5.000000e+00
      vertex   1.459179e+01 6.828708e+00 0.000000e+00
      vertex   1.463159e+01 6.918808e+00 -5.000000e+00
    endloop
  endfacet
  facet normal -9.308734e-01 3.653409e-01 -8.263792e-04
    outer loop
      vertex   1.463159e+01 6.918808e+00 -5.000000e+00
      vertex   1.459179e+01 6.828708e+00 0.000000e+00
      vertex   1.467370e+01 7.037401e+00 0.000000e+00
    endloop
  endfacet
  facet normal -9.533960e-01 3.017205e-01 8.722712e-04
    outer loop
      vertex   1.463159e+01 6.918808e+00 -5.000000e+00
      vertex   1.467370e+01 7.037401e+00 0.000000e+00
      vertex   1.470088e+01 7.137753e+00 -5.000000e+00
    endloop
  endfacet
  facet normal -9.749276e-01 2.225209e-01 -8.343672e-04
    outer loop
      vertex   1.470088e+01 7.137753e+00 -5.000000e+00
      vertex   1.467370e+01 7.037401e+00 0.000000e+00
      vertex   1.472359e+01 7.255970e+00 0.000000e+00
    endloop
  endfacet
  facet normal -9.882800e-01 1.526492e-01 8.782623e-04
    outer loop
      vertex   1.470088e+01 7.137753e+00 -5.000000e+00
      vertex   1.472359e+01 7.255970e+00 0.000000e+00
      vertex   1.473594e+01 7.364710e+00 -5.000000e+00
    endloop
  endfacet
  facet normal -9.972034e-01 7.473007e-02 -8.383613e-04
    outer loop
      vertex   1.473594e+01 7.364710e+00 -5.000000e+00
      vertex   1.472359e+01 7.255970e+00 0.000000e+00
      vertex   1.474034e+01 7.479534e+00 0.000000e+00
    endloop
  endfacet
  facet normal -9.999996e-01 0.000000e+00 8.802593e-04
    outer loop
      vertex   1.473594e+01 7.364710e+00 -5.000000e+00
      vertex   1.474034e+01 7.479534e+00 0.000000e+00
      vertex   1.473594e+01 7.594358e+00 -5.000000e+00
    endloop
  endfacet
  facet normal -9.972034e-01 -7.473007e-02 -8.383613e-04
    outer loop
      vertex   1.473594e+01 7.594358e+00 -5.000000e+00
      vertex   1.474034e+01 7.479534e+00 0.000000e+00
      vertex   1.472359e+01 7.703097e+00 0.000000e+00
    endloop
  endfacet
  facet normal -9.882800e-01 -1.526492e-01 8.782623e-04
    outer loop
      vertex   1.473594e+01 7.594358e+00 -5.000000e+00
      vertex   1.472359e+01 7.703097e+00 0.000000e+00
      vertex   1.470088e+01 7.821314e+00 -5.000000e+00
    endloop
  endfacet
  facet normal -9.749276e-01 -2.225209e-01 -8.343672e-04
    outer loop
      vertex   1.470088e+01 7.821314e+00 -5.000000e+00
      vertex   1.472359e+01 7.703097e+00 0.000000e+00
      vertex   1.467370e+01 7.921666e+00 0.000000e+00
    endloop
  endfacet
  facet normal -9.533960e-01 -3.017205e-01 8.722712e-04
    outer loop
      vertex   1.470088e+01 7.821314e+00 -5.000000e+00
      vertex   1.467370e+01 7.921666e+00 0.000000e+00
      vertex   1.463159e+01 8.040259e+00 -5.000000e+00
    endloop
  endfacet
  facet normal -9.308734e-01 -3.653409e-01 -8.263792e-04
    outer loop
      vertex   1.463159e+01 8.040259e+00 -5.000000e+00
      vertex   1.467370e+01 7.921666e+00 0.000000e+00
      vertex   1.459179e+01 8.130359e+00 0.000000e+00
    endloop
  endfacet
  facet normal -8.961652e-01 -4.437197e-01 8.622862e-04
    outer loop
      vertex   1.463159e+01 8.040259e+00 -5.000000e+00
      vertex   1.459179e+01 8.130359e+00 0.000000e+00
      vertex   1.452969e+01 8.246062e+00 -5.000000e+00
    endloop
  endfacet
  facet normal -8.660251e-01 -4.999998e-01 -8.143973e-04
    outer loop
      vertex   1.452969e+01 8.246062e+00 -5.000000e+00
      vertex   1.459179e+01 8.130359e+00 0.000000e+00
      vertex   1.447970e+01 8.324514e+00 0.000000e+00
    endloop
  endfacet
  facet normal -8.179291e-01 -5.753185e-01 8.483074e-04
    outer loop
      vertex   1.452969e+01 8.246062e+00 -5.000000e+00
      vertex   1.447970e+01 8.324514e+00 0.000000e+00
      vertex   1.439757e+01 8.433897e+00 -5.000000e+00
    endloop
  endfacet
  facet normal -7.818312e-01 -6.234896e-01 -7.984216e-04
    outer loop
      vertex   1.439757e+01 8.433897e+00 -5.000000e+00
      vertex   1.447970e+01 8.324514e+00 0.000000e+00
      vertex   1.433992e+01 8.499793e+00 0.000000e+00
    endloop
  endfacet
  facet normal -7.205213e-01 -6.934323e-01 8.303350e-04
    outer loop
      vertex   1.439757e+01 8.433897e+00 -5.000000e+00
      vertex   1.433992e+01 8.499793e+00 0.000000e+00
      vertex   1.423833e+01 8.599364e+00 -5.000000e+00
    endloop
  endfacet
  facet normal -6.801725e-01 -7.330516e-01 -7.784525e-04
    outer loop
      vertex   1.423833e+01 8.599364e+00 -5.000000e+00
      vertex   1.433992e+01 8.499793e+00 0.000000e+00
      vertex   1.417557e+01 8.652281e+00 0.000000e+00
    endloop
  endfacet
  facet normal -6.062252e-01 -7.952926e-01 8.083692e-04
    outer loop
      vertex   1.423833e+01 8.599364e+00 -5.000000e+00
      vertex   1.417557e+01 8.652281e+00 0.000000e+00
      vertex   1.405569e+01 8.738582e+00 -5.000000e+00
    endloop
  endfacet
  facet normal -5.633199e-01 -8.262385e-01 -7.544900e-04
    outer loop
      vertex   1.405569e+01 8.738582e+00 -5.000000e+00
      vertex   1.417557e+01 8.652281e+00 0.000000e+00
      vertex   1.399034e+01 8.778572e+00 0.000000e+00
    endloop
  endfacet
  facet normal -4.777197e-01 -8.785120e-01 7.824102e-04
    outer loop
      vertex   1.405569e+01 8.738582e+00 -5.000000e+00
      vertex   1.399034e+01 8.778572e+00 0.000000e+00
      vertex   1.385394e+01 8.848289e+00 -5.000000e+00
    endloop
  endfacet
  facet normal -4.338836e-01 -9.009686e-01 -7.265347e-04
    outer loop
      vertex   1.385394e+01 8.848289e+00 -5.000000e+00
      vertex   1.399034e+01 8.778572e+00 0.000000e+00
      vertex   1.378835e+01 8.875844e+00 0.000000e+00
    endloop
  endfacet
  facet normal -3.380168e-01 -9.411398e-01 7.524586e-04
    outer loop
      vertex   1.385394e+01 8.848289e+00 -5.000000e+00
      vertex   1.378835e+01 8.875844e+00 0.000000e+00
      vertex   1.363781e+01 8.925914e+00 -5.000000e+00
    endloop
  endfacet
  facet normal -2.947551e-01 -9.555726e-01 -6.945868e-04
    outer loop
      vertex   1.363781e+01 8.925914e+00 -5.000000e+00
      vertex   1.378835e+01 8.875844e+00 0.000000e+00
      vertex   1.357412e+01 8.941926e+00 0.000000e+00
    endloop
  endfacet
  facet normal -1.903911e-01 -9.817081e-01 7.185145e-04
    outer loop
      vertex   1.363781e+01 8.925914e+00 -5.000000e+00
      vertex   1.357412e+01 8.941926e+00 0.000000e+00
      vertex   1.341236e+01 8.969637e+00 -5.000000e+00
    endloop
  endfacet
  facet normal -1.490422e-01 -9.888306e-01 -6.586467e-04
    outer loop
      vertex   1.341236e+01 8.969637e+00 -5.000000e+00
      vertex   1.357412e+01 8.941926e+00 0.000000e+00
      vertex   1.335243e+01 8.975339e+00 0.000000e+00
    endloop
  endfacet
  facet normal -3.830272e-02 -9.992659e-01 6.805786e-04
    outer loop
      vertex   1.341236e+01 8.969637e+00 -5.000000e+00
      vertex   1.335243e+01 8.975339e+00 0.000000e+00
      vertex   1.318288e+01 8.978433e+00 -5.000000e+00
    endloop
  endfacet
  facet normal 0.000000e+00 -9.999998e-01 -6.187150e-04
    outer loop
      vertex   1.318288e+01 8.978433e+00 -5.000000e+00
      vertex   1.335243e+01 8.975339e+00 0.000000e+00
      vertex   1.312824e+01 8.975339e+00 0.000000e+00
    endloop
  endfacet
  facet normal 1.146834e-01 -9.934019e-01 6.386513e-04
    outer loop
      vertex   1.318288e+01 8.978433e+00 -5.000000e+00
      vertex   1.312824e+01 8.975339e+00 0.000000e+00
      vertex   1.295475e+01 8.952096e+00 -5.000000e+00
    endloop
  endfacet
  facet normal 1.490422e-01 -9.888307e-01 -5.747922e-04
    outer loop
      vertex   1.295475e+01 8.952096e+00 -5.000000e+00
      vertex   1.312824e+01 8.975339e+00 0.000000e+00
      vertex   1.290656e+01 8.941926e+00 0.000000e+00
    endloop
  endfacet
  facet normal 2.649815e-01 -9.642533e-01 5.927331e-04
    outer loop
      vertex   1.295475e+01 8.952096e+00 -5.000000e+00
      vertex   1.290656e+01 8.941926e+00 0.000000e+00
      vertex   1.273331e+01 8.891244e+00 -5.000000e+00
    endloop
  endfacet
  facet normal 2.947551e-01 -9.555727e-01 -5.268788e-04
    outer loop
      vertex   1.273331e+01 8.891244e+00 -5.000000e+00
      vertex   1.290656e+01 8.941926e+00 0.000000e+00
      vertex   1.269233e+01 8.875844e+00 0.000000e+00
    endloop
  endfacet
  facet normal 4.090686e-01 -9.125035e-01 5.428247e-04
    outer loop
      vertex   1.273331e+01 8.891244e+00 -5.000000e+00
      vertex   1.269233e+01 8.875844e+00 0.000000e+00
      vertex   1.252376e+01 8.797302e+00 -5.000000e+00
    endloop
  endfacet
  facet normal 4.338837e-01 -9.009688e-01 -4.749756e-04
    outer loop
      vertex   1.252376e+01 8.797302e+00 -5.000000e+00
      vertex   1.269233e+01 8.875844e+00 0.000000e+00
      vertex   1.249034e+01 8.778572e+00 0.000000e+00
    endloop
  endfacet
  facet normal 5.435675e-01 -8.393653e-01 4.889267e-04
    outer loop
      vertex   1.252376e+01 8.797302e+00 -5.000000e+00
      vertex   1.249034e+01 8.778572e+00 0.000000e+00
      vertex   1.233100e+01 8.672473e+00 -5.000000e+00
    endloop
  endfacet
  facet normal 5.633200e-01 -8.262387e-01 -4.190831e-04
    outer loop
      vertex   1.233100e+01 8.672473e+00 -5.000000e+00
      vertex   1.249034e+01 8.778572e+00 0.000000e+00
      vertex   1.230510e+01 8.652281e+00 0.000000e+00
    endloop
  endfacet
  facet normal 6.653256e-01 -7.465532e-01 4.310399e-04
    outer loop
      vertex   1.233100e+01 8.672473e+00 -5.000000e+00
      vertex   1.230510e+01 8.652281e+00 0.000000e+00
      vertex   1.215956e+01 8.519682e+00 -5.000000e+00
    endloop
  endfacet
  facet normal 6.801727e-01 -7.330518e-01 -3.592021e-04
    outer loop
      vertex   1.215956e+01 8.519682e+00 -5.000000e+00
      vertex   1.230510e+01 8.652281e+00 0.000000e+00
      vertex   1.214076e+01 8.499793e+00 0.000000e+00
    endloop
  endfacet
  facet normal 7.714891e-01 -6.362424e-01 3.691650e-04
    outer loop
      vertex   1.215956e+01 8.519682e+00 -5.000000e+00
      vertex   1.214076e+01 8.499793e+00 0.000000e+00
      vertex   1.201344e+01 8.342512e+00 -5.000000e+00
    endloop
  endfacet
  facet normal 7.818314e-01 -6.234898e-01 -2.953335e-04
    outer loop
      vertex   1.201344e+01 8.342512e+00 -5.000000e+00
      vertex   1.214076e+01 8.499793e+00 0.000000e+00
      vertex   1.200098e+01 8.324514e+00 0.000000e+00
    endloop
  endfacet
  facet normal 8.595696e-01 -5.110187e-01 3.033028e-04
    outer loop
      vertex   1.201344e+01 8.342512e+00 -5.000000e+00
      vertex   1.200098e+01 8.324514e+00 0.000000e+00
      vertex   1.189609e+01 8.145113e+00 -5.000000e+00
    endloop
  endfacet
  facet normal 8.660254e-01 -5.000000e-01 -2.274780e-04
    outer loop
      vertex   1.189609e+01 8.145113e+00 -5.000000e+00
      vertex   1.200098e+01 8.324514e+00 0.000000e+00
      vertex   1.188889e+01 8.130359e+00 0.000000e+00
    endloop
  endfacet
  facet normal 9.275024e-01 -3.738171e-01 2.334543e-04
    outer loop
      vertex   1.189609e+01 8.145113e+00 -5.000000e+00
      vertex   1.188889e+01 8.130359e+00 0.000000e+00
      vertex   1.181024e+01 7.932115e+00 -5.000000e+00
    endloop
  endfacet
  facet normal 9.308737e-01 -3.653410e-01 -1.556366e-04
    outer loop
      vertex   1.181024e+01 7.932115e+00 -5.000000e+00
      vertex   1.188889e+01 8.130359e+00 0.000000e+00
      vertex   1.180698e+01 7.921666e+00 0.000000e+00
    endloop
  endfacet
  facet normal 9.736954e-01 -2.278535e-01 1.596203e-04
    outer loop
      vertex   1.181024e+01 7.932115e+00 -5.000000e+00
      vertex   1.180698e+01 7.921666e+00 0.000000e+00
      vertex   1.175792e+01 7.708508e+00 -5.000000e+00
    endloop
  endfacet
  facet normal 9.749279e-01 -2.225209e-01 -7.981029e-05
    outer loop
      vertex   1.175792e+01 7.708508e+00 -5.000000e+00
      vertex   1.180698e+01 7.921666e+00 0.000000e+00
      vertex   1.175709e+01 7.703097e+00 0.000000e+00
    endloop
  endfacet
  facet normal 9.970658e-01 -7.654925e-02 8.180188e-05
    outer loop
      vertex   1.175792e+01 7.708508e+00 -5.000000e+00
      vertex   1.175709e+01 7.703097e+00 0.000000e+00
      vertex   1.174034e+01 7.479534e+00 -5.000000e+00
    endloop
  endfacet
  facet normal 9.970658e-01 7.654925e-02 -0.000000e+00
    outer loop
      vertex   1.174034e+01 7.479534e+00 -1.000000e+01
      vertex   1.174034e+01 7.479534e+00 -5.000000e+00
      vertex   1.175792e+01 7.250560e+00 -1.000000e+01
    endloop
  endfacet
  facet normal 9.970658e-01 7.654925e-02 -0.000000e+00
    outer loop
      vertex   1.175792e+01 7.250560e+00 -1.000000e+01
      vertex   1.174034e+01 7.479534e+00 -5.000000e+00
      vertex   1.175792e+01 7.250560e+00 -5.000000e+00
    endloop
  endfacet
  facet normal 9.736954e-01 2.278535e-01 -0.000000e+00
    outer loop
      vertex   1.175792e+01 7.250560e+00 -1.000000e+01
      vertex   1.175792e+01 7.250560e+00 -5.000000e+00
      vertex   1.181024e+01 7.026953e+00 -1.000000e+01
    endloop
  endfacet
  facet normal 9.736954e-01 2.278535e-01 -0.000000e+00
    outer loop
      vertex   1.181024e+01 7.026953e+00 -1.000000e+01
      vertex   1.175792e+01 7.250560e+00 -5.000000e+00
      vertex   1.181024e+01 7.026953e+00 -5.000000e+00
    endloop
  endfacet
  facet normal 9.275025e-01 3.738171e-01 -0.000000e+00
    outer loop
      vertex   1.181024e+01 7.026953e+00 -1.000000e+01
      vertex   1.181024e+01 7.026953e+00 -5.000000e+00
      vertex   1.189609e+01 6.813954e+00 -1.000000e+01
    endloop
  endfacet
  facet normal 9.275025e-01 3.738171e-01 -0.000000e+00
    outer loop
      vertex   1.189609e+01 6.813954e+00 -1.000000e+01
      vertex   1.181024e+01 7.026953e+00 -5.000000e+00
      vertex   1.189609e+01 6.813954e+00 -5.000000e+00
    endloop
  endfacet
  facet normal 8.595696e-01 5.110187e-01 -0.000000e+00
    outer loop
      vertex   1.189609e+01 6.813954e+00 -1.000000e+01
      vertex   1.189609e+01 6.813954e+00 -5.000000e+00
      vertex   1.201344e+01 6.616556e+00 -1.000000e+01
    endloop
  endfacet
  facet normal 8.595696e-01 5.110187e-01 -0.000000e+00
    outer loop
      vertex   1.201344e+01 6.616556e+00 -1.000000e+01
      vertex   1.189609e+01 6.813954e+00 -5.000000e+00
      vertex   1.201344e+01 6.616556e+00 -5.000000e+00
    endloop
  endfacet
  facet normal 7.714892e-01 6.362424e-01 -0.000000e+00
    outer loop
      vertex   1.201344e+01 6.616556e+00 -1.000000e+01
      vertex   1.201344e+01 6.616556e+00 -5.000000e+00
      vertex   1.215956e+01 6.439385e+00 -1.000000e+01
    endloop
  endfacet
  facet normal 7.714892e-01 6.362424e-01 -0.000000e+00
    outer loop
      vertex   1.215956e+01 6.439385e+00 -1.000000e+01
      vertex   1.201344e+01 6.616556e+00 -5.000000e+00
      vertex   1.215956e+01 6.439385e+00 -5.000000e+00
    endloop
  endfacet
  facet normal 6.653257e-01 7.465532e-01 -0.000000e+00
    outer loop
      vertex   1.215956e+01 6.439385e+00 -1.000000e+01
      vertex   1.215956e+01 6.439385e+00 -5.000000e+00
      vertex   1.233100e+01 6.286594e+00 -1.000000e+01
    endloop
  endfacet
  facet normal 6.653257e-01 7.465532e-01 -0.000000e+00
    outer loop
      vertex   1.233100e+01 6.286594e+00 -1.000000e+01
      vertex   1.215956e+01 6.439385e+00 -5.000000e+00
      vertex   1.233100e+01 6.286594e+00 -5.000000e+00
    endloop
  endfacet
  facet normal 5.435676e-01 8.393654e-01 -0.000000e+00
    outer loop
      vertex   1.233100e+01 6.286594e+00 -1.000000e+01
      vertex   1.233100e+01 6.286594e+00 -5.000000e+00
      vertex   1.252376e+01 6.161765e+00 -1.000000e+01
    endloop
  endfacet
  facet normal 5.435676e-01 8.393654e-01 -0.000000e+00
    outer loop
      vertex   1.252376e+01 6.161765e+00 -1.000000e+01
      vertex   1.233100e+01 6.286594e+00 -5.000000e+00
      vertex   1.252376e+01 6.161765e+00 -5.000000e+00
    endloop
  endfacet
  facet normal 4.090686e-01 9.125036e-01 -0.000000e+00
    outer loop
      vertex   1.252376e+01 6.161765e+00 -1.000000e+01
      vertex   1.252376e+01 6.161765e+00 -5.000000e+00
      vertex   1.273331e+01 6.067824e+00 -1.000000e+01
    endloop
  endfacet
  facet normal 4.090686e-01 9.125036e-01 -0.000000e+00
    outer loop
      vertex   1.273331e+01 6.067824e+00 -1.000000e+01
      vertex   1.252376e+01 6.161765e+00 -5.000000e+00
      vertex   1.273331e+01 6.067824e+00 -5.000000e+00
    endloop
  endfacet
  facet normal 2.649815e-01 9.642535e-01 -0.000000e+00
    outer loop
      vertex   1.273331e+01 6.067824e+00 -1.000000e+01
      vertex   1.273331e+01 6.067824e+00 -5.000000e+00
      vertex   1.295475e+01 6.006971e+00 -1.000000e+01
    endloop
  endfacet
  facet normal 2.649815e-01 9.642535e-01 -0.000000e+00
    outer loop
      vertex   1.295475e+01 6.006971e+00 -1.000000e+01
      vertex   1.273331e+01 6.067824e+00 -5.000000e+00
      vertex   1.295475e+01 6.006971e+00 -5.000000e+00
    endloop
  endfacet
  facet normal 1.146834e-01 9.934021e-01 -0.000000e+00
    outer loop
      vertex   1.295475e+01 6.006971e+00 -1.000000e+01
      vertex   1.295475e+01 6.006971e+00 -5.000000e+00
      vertex   1.318288e+01 5.980634e+00 -1.000000e+01
    endloop
  endfacet
  facet normal 1.146834e-01 9.934021e-01 -0.000000e+00
    outer loop
      vertex   1.318288e+01 5.980634e+00 -1.000000e+01
      vertex   1.295475e+01 6.006971e+00 -5.000000e+00
      vertex   1.318288e+01 5.980634e+00 -5.000000e+00
    endloop
  endfacet
  facet normal -3.830273e-02 9.992662e-01 0.000000e+00
    outer loop
      vertex   1.318288e+01 5.980634e+00 -1.000000e+01
      vertex   1.318288e+01 5.980634e+00 -5.000000e+00
      vertex   1.341236e+01 5.989431e+00 -1.000000e+01
    endloop
  endfacet
  facet normal -3.830273e-02 9.992662e-01 0.000000e+00
    outer loop
      vertex   1.341236e+01 5.989431e+00 -1.000000e+01
      vertex   1.318288e+01 5.980634e+00 -5.000000e+00
      vertex   1.341236e+01 5.989431e+00 -5.000000e+00
    endloop
  endfacet
  facet normal -1.903911e-01 9.817083e-01 0.000000e+00
    outer loop
      vertex   1.341236e+01 5.989431e+00 -1.000000e+01
      vertex   1.341236e+01 5.989431e+00 -5.000000e+00
      vertex   1.363781e+01 6.033153e+00 -1.000000e+01
    endloop
  endfacet
  facet normal -1.903911e-01 9.817083e-01 0.000000e+00
    outer loop
      vertex   1.363781e+01 6.033153e+00 -1.000000e+01
      vertex   1.341236e+01 5.989431e+00 -5.000000e+00
      vertex   1.363781e+01 6.033153e+00 -5.000000e+00
    endloop
  endfacet
  facet normal -3.380169e-01 9.411400e-01 0.000000e+00
    outer loop
      vertex   1.363781e+01 6.033153e+00 -1.000000e+01
      vertex   1.363781e+01 6.033153e+00 -5.000000e+00
      vertex   1.385394e+01 6.110778e+00 -1.000000e+01
    endloop
  endfacet
  facet normal -3.380169e-01 9.411400e-01 0.000000e+00
    outer loop
      vertex   1.385394e+01 6.110778e+00 -1.000000e+01
      vertex   1.363781e+01 6.033153e+00 -5.000000e+00
      vertex   1.385394e+01 6.110778e+00 -5.000000e+00
    endloop
  endfacet
  facet normal -4.777198e-01 8.785123e-01 0.000000e+00
    outer loop
      vertex   1.385394e+01 6.110778e+00 -1.000000e+01
      vertex   1.385394e+01 6.110778e+00 -5.000000e+00
      vertex   1.405569e+01 6.220486e+00 -1.000000e+01
    endloop
  endfacet
  facet normal -4.777198e-01 8.785123e-01 0.000000e+00
    outer loop
      vertex   1.405569e+01 6.220486e+00 -1.000000e+01
      vertex   1.385394e+01 6.110778e+00 -5.000000e+00
      vertex   1.405569e+01 6.220486e+00 -5.000000e+00
    endloop
  endfacet
  facet normal -6.062254e-01 7.952929e-01 0.000000e+00
    outer loop
      vertex   1.405569e+01 6.220486e+00 -1.000000e+01
      vertex   1.405569e+01 6.220486e+00 -5.000000e+00
      vertex   1.423833e+01 6.359704e+00 -1.000000e+01
    endloop
  endfacet
  facet normal -6.062254e-01 7.952929e-01 0.000000e+00
    outer loop
      vertex   1.423833e+01 6.359704e+00 -1.000000e+01
      vertex   1.405569e+01 6.220486e+00 -5.000000e+00
      vertex   1.423833e+01 6.359704e+00 -5.000000e+00
    endloop
  endfacet
  facet normal -7.205216e-01 6.934325e-01 0.000000e+00
    outer loop
      vertex   1.423833e+01 6.359704e+00 -1.000000e+01
      vertex   1.423833e+01 6.359704e+00 -5.000000e+00
      vertex   1.439757e+01 6.525170e+00 -1.000000e+01
    endloop
  endfacet
  facet normal -7.205216e-01 6.934325e-01 0.000000e+00
    outer loop
      vertex   1.439757e+01 6.525170e+00 -1.000000e+01
      vertex   1.423833e+01 6.359704e+00 -5.000000e+00
      vertex   1.439757e+01 6.525170e+00 -5.000000e+00
    endloop
  endfacet
  facet normal -8.179294e-01 5.753187e-01 0.000000e+00
    outer loop
      vertex   1.439757e+01 6.525170e+00 -1.000000e+01
      vertex   1.439757e+01 6.525170e+00 -5.000000e+00
      vertex   1.452969e+01 6.713006e+00 -1.000000e+01
    endloop
  endfacet
  facet normal -8.179294e-01 5.753187e-01 0.000000e+00
    outer loop
      vertex   1.452969e+01 6.713006e+00 -1.000000e+01
      vertex   1.439757e+01 6.525170e+00 -5.000000e+00
      vertex   1.452969e+01 6.713006e+00 -5.000000e+00
    endloop
  endfacet
  facet normal -8.961656e-01 4.437198e-01 0.000000e+00
    outer loop
      vertex   1.452969e+01 6.713006e+00 -1.000000e+01
      vertex   1.452969e+01 6.713006e+00 -5.000000e+00
      vertex   1.463159e+01 6.918808e+00 -1.000000e+01
    endloop
  endfacet
  facet normal -8.961656e-01 4.437198e-01 0.000000e+00
    outer loop
      vertex   1.463159e+01 6.918808e+00 -1.000000e+01
      vertex   1.452969e+01 6.713006e+00 -5.000000e+00
      vertex   1.463159e+01 6.918808e+00 -5.000000e+00
    endloop
  endfacet
  facet normal -9.533964e-01 3.017206e-01 0.000000e+00
    outer loop
      vertex   1.463159e+01 6.918808e+00 -1.000000e+01
      vertex   1.463159e+01 6.918808e+00 -5.000000e+00
      vertex   1.470088e+01 7.137753e+00 -1.000000e+01
    endloop
  endfacet
  facet normal -9.533964e-01 3.017206e-01 0.000000e+00
    outer loop
      vertex   1.470088e+01 7.137753e+00 -1.000000e+01
      vertex   1.463159e+01 6.918808e+00 -5.000000e+00
      vertex   1.470088e+01 7.137753e+00 -5.000000e+00
    endloop
  endfacet
  facet normal -9.882804e-01 1.526493e-01 0.000000e+00
    outer loop
      vertex   1.470088e+01 7.137753e+00 -1.000000e+01
      vertex   1.470088e+01 7.137753e+00 -5.000000e+00
      vertex   1.473594e+01 7.364710e+00 -1.000000e+01
    endloop
  endfacet
  facet normal -9.882804e-01 1.526493e-01 0.000000e+00
    outer loop
      vertex   1.473594e+01 7.364710e+00 -1.000000e+01
      vertex   1.470088e+01 7.137753e+00 -5.000000e+00
      vertex   1.473594e+01 7.364710e+00 -5.000000e+00
    endloop
  endfacet
  facet normal -1.000000e+00 0.000000e+00 0.000000e+00
    outer loop
      vertex   1.473594e+01 7.364710e+00 -1.000000e+01
      vertex   1.473594e+01 7.364710e+00 -5.000000e+00
      vertex   1.473594e+01 7.594358e+00 -1.000000e+01
    endloop
  endfacet
  facet normal -1.000000e+00 0.000000e+00 0.000000e+00
    outer loop
      vertex   1.473594e+01 7.594358e+00 -1.000000e+01
      vertex   1.473594e+01 7.364710e+00 -5.000000e+00
      vertex   1.473594e+01 7.594358e+00 -5.000000e+00
    endloop
  endfacet
  facet normal -9.882804e-01 -1.526493e-01 0.000000e+00
    outer loop
      vertex   1.473594e+01 7.594358e+00 -1.000000e+01
      vertex   1.473594e+01 7.594358e+00 -5.000000e+00
      vertex   1.470088e+01 7.821314e+00 -1.000000e+01
    endloop
  endfacet
  facet normal -9.882804e-01 -1.526493e-01 0.000000e+00
    outer loop
      vertex   1.470088e+01 7.821314e+00 -1.000000e+01
      vertex   1.473594e+01 7.594358e+00 -5.000000e+00
      vertex   1.470088e+01 7.821314e+00 -5.000000e+00
    endloop
  endfacet
  facet normal -9.533964e-01 -3.017206e-01 0.000000e+00
    outer loop
      vertex   1.470088e+01 7.821314e+00 -1.000000e+01
      vertex   1.470088e+01 7.821314e+00 -5.000000e+00
      vertex   1.463159e+01 8.040259e+00 -1.000000e+01
    endloop
  endfacet
  facet normal -9.533964e-01 -3.017206e-01 0.000000e+00
    outer loop
      vertex   1.463159e+01 8.040259e+00 -1.000000e+01
      vertex   1.470088e+01 7.821314e+00 -5.000000e+00
      vertex   1.463159e+01 8.040259e+00 -5.000000e+00
    endloop
  endfacet
  facet normal -8.961656e-01 -4.437198e-01 0.000000e+00
    outer loop
      vertex   1.463159e+01 8.040259e+00 -1.000000e+01
      vertex   1.463159e+01 8.040259e+00 -5.000000e+00
      vertex   1.452969e+01 8.246062e+00 -1.000000e+01
    endloop
  endfacet
  facet normal -8.961656e-01 -4.437198e-01 0.000000e+00
    outer loop
      vertex   1.452969e+01 8.246062e+00 -1.000000e+01
      vertex   1.463159e+01 8.040259e+00 -5.000000e+00
      vertex   1.452969e+01 8.246062e+00 -5.000000e+00
    endloop
  endfacet
  facet normal -8.179294e-01 -5.753187e-01 0.000000e+00
    outer loop
      vertex   1.452969e+01 8.246062e+00 -1.000000e+01
      vertex   1.452969e+01 8.246062e+00 -5.000000e+00
      vertex   1.439757e+01 8.433897e+00 -1.000000e+01
    endloop
  endfacet
  facet normal -8.179294e-01 -5.753187e-01 0.000000e+00
    outer loop
      vertex   1.439757e+01 8.433897e+00 -1.000000e+01
      vertex   1.452969e+01 8.246062e+00 -5.000000e+00
      vertex   1.439757e+01 8.433897e+00 -5.000000e+00
    endloop
  endfacet
  facet normal -7.205216e-01 -6.934325e-01 0.000000e+00
    outer loop
      vertex   1.439757e+01 8.433897e+00 -1.000000e+01
      vertex   1.439757e+01 8.433897e+00 -5.000000e+00
      vertex   1.423833e+01 8.599364e+00 -1.000000e+01
    endloop
  endfacet
  facet normal -7.205216e-01 -6.934325e-01 0.000000e+00
    outer loop
      vertex   1.423833e+01 8.599364e+00 -1.000000e+01
      vertex   1.439757e+01 8.433897e+00 -5.000000e+00
      vertex   1.423833e+01 8.599364e+00 -5.000000e+00
    endloop
  endfacet
  facet normal -6.062254e-01 -7.952929e-01 0.000000e+00
    outer loop
      vertex   1.423833e+01 8.599364e+00 -1.000000e+01
      vertex   1.423833e+01 8.599364e+00 -5.000000e+00
      vertex   1.405569e+01 8.738582e+00 -1.000000e+01
    endloop
  endfacet
  facet normal -6.062254e-01 -7.952929e-01 0.000000e+00
    outer loop
      vertex   1.405569e+01 8.738582e+00 -1.000000e+01
      vertex   1.423833e+01 8.599364e+00 -5.000000e+00
      vertex   1.405569e+01 8.738582e+00 -5.000000e+00
    endloop
  endfacet
  facet normal -4.777198e-01 -8.785123e-01 0.000000e+00
    outer loop
      vertex   1.405569e+01 8.738582e+00 -1.000000e+01
      vertex   1.405569e+01 8.738582e+00 -5.000000e+00
      vertex   1.385394e+01 8.848289e+00 -1.000000e+01
    endloop
  endfacet
  facet normal -4.777198e-01 -8.785123e-01 0.000000e+00
    outer loop
      vertex   1.385394e+01 8.848289e+00 -1.000000e+01
      vertex   1.405569e+01 8.738582e+00 -5.000000e+00
      vertex   1.385394e+01 8.848289e+00 -5.000000e+00
    endloop
  endfacet
  facet normal -3.380169e-01 -9.411400e-01 0.000000e+00
    outer loop
      vertex   1.385394e+01 8.848289e+00 -1.000000e+01
      vertex   1.385394e+01 8.848289e+00 -5.000000e+00
      vertex   1.363781e+01 8.925914e+00 -1.000000e+01
    endloop
  endfacet
  facet normal -3.380169e-01 -9.411400e-01 0.000000e+00
    outer loop
      vertex   1.363781e+01 8.925914e+00 -1.000000e+01
      vertex   1.385394e+01 8.848289e+00 -5.000000e+00
      vertex   1.363781e+01 8.925914e+00 -5.000000e+00
    endloop
  endfacet
  facet normal -1.903911e-01 -9.817083e-01 0.000000e+00
    outer loop
      vertex   1.363781e+01 8.925914e+00 -1.000000e+01
      vertex   1.363781e+01 8.925914e+00 -5.000000e+00
      vertex   1.341236e+01 8.969637e+00 -1.000000e+01
    endloop
  endfacet
  facet normal -1.903911e-01 -9.817083e-01 0.000000e+00
    outer loop
      vertex   1.341236e+01 8.969637e+00 -1.000000e+01
      vertex   1.363781e+01 8.925914e+00 -5.000000e+00
      vertex   1.341236e+01 8.969637e+00 -5.000000e+00
    endloop
  endfacet
  facet normal -3.830273e-02 -9.992662e-01 0.000000e+00
    outer loop
      vertex   1.341236e+01 8.969637e+00 -1.000000e+01
      vertex   1.341236e+01 8.969637e+00 -5.000000e+00
      vertex   1.318288e+01 8.978433e+00 -1.000000e+01
    endloop
  endfacet
  facet normal -3.830273e-02 -9.992662e-01 0.000000e+00
    outer loop
      vertex   1.318288e+01 8.978433e+00 -1.000000e+01
      vertex   1.341236e+01 8.969637e+00 -5.000000e+00
      vertex   1.318288e+01 8.978433e+00 -5.000000e+00
    endloop
  endfacet
  facet normal 1.146834e-01 -9.934021e-01 0.000000e+00
    outer loop
      vertex   1.318288e+01 8.978433e+00 -1.000000e+01
      vertex   1.318288e+01 8.978433e+00 -5.000000e+00
      vertex   1.295475e+01 8.952096e+00 -1.000000e+01
    endloop
  endfacet
  facet normal 1.146834e-01 -9.934021e-01 0.000000e+00
    outer loop
      vertex   1.295475e+01 8.952096e+00 -1.000000e+01
      vertex   1.318288e+01 8.978433e+00 -5.000000e+00
      vertex   1.295475e+01 8.952096e+00 -5.000000e+00
    endloop
  endfacet
  facet normal 2.649815e-01 -9.642535e-01 0.000000e+00
    outer loop
      vertex   1.295475e+01 8.952096e+00 -1.000000e+01
      vertex   1.295475e+01 8.952096e+00 -5.000000e+00
      vertex   1.273331e+01 8.891244e+00 -1.000000e+01
    endloop
  endfacet
  facet normal 2.649815e-01 -9.642535e-01 0.000000e+00
    outer loop
      vertex   1.273331e+01 8.891244e+00 -1.000000e+01
      vertex   1.295475e+01 8.952096e+00 -5.000000e+00
      vertex   1.273331e+01 8.891244e+00 -5.000000e+00
    endloop
  endfacet
  facet normal 4.090686e-01 -9.125036e-01 0.000000e+00
    outer loop
      vertex   1.273331e+01 8.891244e+00 -1.000000e+01
      vertex   1.273331e+01 8.891244e+00 -5.000000e+00
      vertex   1.252376e+01 8.797302e+00 -1.000000e+01
    endloop
  endfacet
  facet normal 4.090686e-01 -9.125036e-01 0.000000e+00
    outer loop
      vertex   1.252376e+01 8.797302e+00 -1.000000e+01
      vertex   1.273331e+01 8.891244e+00 -5.000000e+00
      vertex   1.252376e+01 8.797302e+00 -5.000000e+00
    endloop
  endfacet
  facet normal 5.435676e-01 -8.393654e-01 0.000000e+00
    outer loop
      vertex   1.252376e+01 8.797302e+00 -1.000000e+01
      vertex   1.252376e+01 8.797302e+00 -5.000000e+00
      vertex   1.233100e+01 8.672473e+00 -1.000000e+01
    endloop
  endfacet
  facet normal 5.435676e-01 -8.393654e-01 0.000000e+00
    outer loop
      vertex   1.233100e+01 8.672473e+00 -1.000000e+01
      vertex   1.252376e+01 8.797302e+00 -5.000000e+00
      vertex   1.233100e+01 8.672473e+00 -5.000000e+00
    endloop
  endfacet
  facet normal 6.653257e-01 -7.465532e-01 0.000000e+00
    outer loop
      vertex   1.233100e+01 8.672473e+00 -1.000000e+01
      vertex   1.233100e+01 8.672473e+00 -5.000000e+00
      vertex   1.215956e+01 8.519682e+00 -1.000000e+01
    endloop
  endfacet
  facet normal 6.653257e-01 -7.465532e-01 0.000000e+00
    outer loop
      vertex   1.215956e+01 8.519682e+00 -1.000000e+01
      vertex   1.233100e+01 8.672473e+00 -5.000000e+00
      vertex   1.215956e+01 8.519682e+00 -5.000000e+00
    endloop
  endfacet
  facet normal 7.714892e-01 -6.362424e-01 0.000000e+00
    outer loop
      vertex   1.215956e+01 8.519682e+00 -1.000000e+01
      vertex   1.215956e+01 8.519682e+00 -5.000000e+00
      vertex   1.201344e+01 8.342512e+00 -1.000000e+01
    endloop
  endfacet
  facet normal 7.714892e-01 -6.362424e-01 0.000000e+00
    outer loop
      vertex   1.201344e+01 8.342512e+00 -1.000000e+01
      vertex   1.215956e+01 8.519682e+00 -5.000000e+00
      vertex   1.201344e+01 8.342512e+00 -5.000000e+00
    endloop
  endfacet
  facet normal 8.595696e-01 -5.110187e-01 0.000000e+00
    outer loop
      vertex   1.201344e+01 8.342512e+00 -1.000000e+01
      vertex   1.201344e+01 8.342512e+00 -5.000000e+00
      vertex   1.189609e+01 8.145113e+00 -1.000000e+01
    endloop
  endfacet
  facet normal 8.595696e-01 -5.110187e-01 0.000000e+00
    outer loop
      vertex   1.189609e+01 8.145113e+00 -1.000000e+01
      vertex   1.201344e+01 8.342512e+00 -5.000000e+00
      vertex   1.189609e+01 8.145113e+00 -5.000000e+00
    endloop
  endfacet
  facet normal 9.275025e-01 -3.738171e-01 0.000000e+00
    outer loop
      vertex   1.189609e+01 8.145113e+00 -1.000000e+01
      vertex   1.189609e+01 8.145113e+00 -5.000000e+00
      vertex   1.181024e+01 7.932115e+00 -1.000000e+01
    endloop
  endfacet
  facet normal 9.275025e-01 -3.738171e-01 0.000000e+00
    outer loop
      vertex   1.181024e+01 7.932115e+00 -1.000000e+01
      vertex   1.189609e+01 8.145113e+00 -5.000000e+00
      vertex   1.181024e+01 7.932115e+00 -5.000000e+00
    endloop
  endfacet
  facet normal 9.736954e-01 -2.278535e-01 0.000000e+00
    outer loop
      vertex   1.181024e+01 7.932115e+00 -1.000000e+01
      vertex   1.181024e+01 7.932115e+00 -5.000000e+00
      vertex   1.175792e+01 7.708508e+00 -1.000000e+01
    endloop
  endfacet
  facet normal 9.736954e-01 -2.278535e-01 0.000000e+00
    outer loop
      vertex   1.175792e+01 7.708508e+00 -1.000000e+01
      vertex   1.181024e+01 7.932115e+00 -5.000000e+00
      vertex   1.175792e+01 7.708508e+00 -5.000000e+00
    endloop
  endfacet
  facet normal 9.970658e-01 -7.654925e-02 0.000000e+00
    outer loop
      vertex   1.175792e+01 7.708508e+00 -1.000000e+01
      vertex   1.175792e+01 7.708508e+00 -5.000000e+00
      vertex   1.174034e+01 7.479534e+00 -1.000000e+01
    endloop
  endfacet
  facet normal 9.970658e-01 -7.654925e-02 0.000000e+00
    outer loop
      vertex   1.174034e+01 7.479534e+00 -1.000000e+01
      vertex   1.175792e+01 7.708508e+00 -5.000000e+00
      vertex   1.174034e+01 7.479534e+00 -5.000000e+00
    endloop
  endfacet
  facet normal 0.000000e+00 -0.000000e+00 1.000000e+00
    outer loop
      vertex   1.175709e+01 7.255970e+00 -1.500000e+01
      vertex   1.472359e+01 7.255970e+00 -1.500000e+01
      vertex   1.174034e+01 7.479534e+00 -1.500000e+01
    endloop
  endfacet
  facet normal -0.000000e+00 0.000000e+00 1.000000e+00
    outer loop
      vertex   1.174034e+01 7.479534e+00 -1.500000e+01
      vertex   1.472359e+01 7.255970e+00 -1.500000e+01
      vertex   1.474034e+01 7.479534e+00 -1.500000e+01
    endloop
  endfacet
  facet normal 0.000000e+00 0.000000e+00 1.000000e+00
    outer loop
      vertex   1.174034e+01 7.479534e+00 -1.500000e+01
      vertex   1.474034e+01 7.479534e+00 -1.500000e+01
      vertex   1.175709e+01 7.703097e+00 -1.500000e+01
    endloop
  endfacet
  facet normal -0.000000e+00 0.000000e+00 1.000000e+00
    outer loop
      vertex   1.175709e+01 7.703097e+00 -1.500000e+01
      vertex   1.474034e+01 7.479534e+00 -1.500000e+01
      vertex   1.472359e+01 7.703097e+00 -1.500000e+01
    endloop
  endfacet
  facet normal 0.000000e+00 0.000000e+00 1.000000e+00
    outer loop
      vertex   1.175709e+01 7.703097e+00 -1.500000e+01
      vertex   1.472359e+01 7.703097e+00 -1.500000e+01
      vertex   1.180698e+01 7.921666e+00 -1.500000e+01
    endloop
  endfacet
  facet normal -0.000000e+00 0.000000e+00 1.000000e+00
    outer loop
      vertex   1.180698e+01 7.921666e+00 -1.500000e+01
      vertex   1.472359e+01 7.703097e+00 -1.500000e+01
      vertex   1.467370e+01 7.921666e+00 -1.500000e+01
    endloop
  endfacet
  facet normal 0.000000e+00 0.000000e+00 1.000000e+00
    outer loop
      vertex   1.180698e+01 7.921666e+00 -1.500000e+01
      vertex   1.467370e+01 7.921666e+00 -1.500000e+01
      vertex   1.188889e+01 8.130359e+00 -1.500000e+01
    endloop
  endfacet
  facet normal -0.000000e+00 0.000000e+00 1.000000e+00
    outer loop
      vertex   1.188889e+01 8.130359e+00 -1.500000e+01
      vertex   1.467370e+01 7.921666e+00 -1.500000e+01
      vertex   1.459179e+01 8.130359e+00 -1.500000e+01
    endloop
  endfacet
  facet normal 0.000000e+00 0.000000e+00 1.000000e+00
    outer loop
      vertex   1.188889e+01 8.130359e+00 -1.500000e+01
      vertex   1.459179e+01 8.130359e+00 -1.500000e+01
      vertex   1.200098e+01 8.324514e+00 -1.500000e+01
    endloop
  endfacet
  facet normal -0.000000e+00 0.000000e+00 1.000000e+00
    outer loop
      vertex   1.200098e+01 8.324514e+00 -1.500000e+01
      vertex   1.459179e+01 8.130359e+00 -1.500000e+01
      vertex   1.447970e+01 8.324514e+00 -1.500000e+01
    endloop
  endfacet
  facet normal 0.000000e+00 0.000000e+00 1.000000e+00
    outer loop
      vertex   1.200098e+01 8.324514e+00 -1.500000e+01
      vertex   1.447970e+01 8.324514e+00 -1.500000e+01
      vertex   1.214076e+01 8.499793e+00 -1.500000e+01
    endloop
  endfacet
  facet normal -0.000000e+00 0.000000e+00 1.000000e+00
    outer loop
      vertex   1.214076e+01 8.499793e+00 -1.500000e+01
      vertex   1.447970e+01 8.324514e+00 -1.500000e+01
      vertex   1.433992e+01 8.499793e+00 -1.500000e+01
    endloop
  endfacet
  facet normal 0.000000e+00 0.000000e+00 1.000000e+00
    outer loop
      vertex   1.214076e+01 8.499793e+00 -1.500000e+01
      vertex   1.433992e+01 8.499793e+00 -1.500000e+01
      vertex   1.230510e+01 8.652281e+00 -1.500000e+01
    endloop
  endfacet
  facet normal -0.000000e+00 0.000000e+00 1.000000e+00
    outer loop
      vertex   1.230510e+01 8.652281e+00 -1.500000e+01
      vertex   1.433992e+01 8.499793e+00 -1.500000e+01
      vertex   1.417557e+01 8.652281e+00 -1.500000e+01
    endloop
  endfacet
  facet normal 0.000000e+00 0.000000e+00 1.000000e+00
    outer loop
      vertex   1.230510e+01 8.652281e+00 -1.500000e+01
      vertex   1.417557e+01 8.652281e+00 -1.500000e+01
      vertex   1.249034e+01 8.778572e+00 -1.500000e+01
    endloop
  endfacet
  facet normal -0.000000e+00 0.000000e+00 1.000000e+00
    outer loop
      vertex   1.249034e+01 8.778572e+00 -1.500000e+01
      vertex   1.417557e+01 8.652281e+00 -1.500000e+01
      vertex   1.399034e+01 8.778572e+00 -1.500000e+01
    endloop
  endfacet
  facet normal 0.000000e+00 0.000000e+00 1.000000e+00
    outer loop
      vertex   1.249034e+01 8.778572e+00 -1.500000e+01
      vertex   1.399034e+01 8.778572e+00 -1.500000e+01
      vertex   1.269233e+01 8.875844e+00 -1.500000e+01
    endloop
  endfacet
  facet normal -0.000000e+00 0.000000e+00 1.000000e+00
    outer loop
      vertex   1.269233e+01 8.875844e+00 -1.500000e+01
      vertex   1.399034e+01 8.778572e+00 -1.500000e+01
      vertex   1.378835e+01 8.875844e+00 -1.500000e+01
    endloop
  endfacet
  facet normal 0.000000e+00 0.000000e+00 1.000000e+00
    outer loop
      vertex   1.269233e+01 8.875844e+00 -1.500000e+01
      vertex   1.378835e+01 8.875844e+00 -1.500000e+01
      vertex   1.290656e+01 8.941926e+00 -1.500000e+01
    endloop
  endfacet
  facet normal -0.000000e+00 0.000000e+00 1.000000e+00
    outer loop
      vertex   1.290656e+01 8.941926e+00 -1.500000e+01
      vertex   1.378835e+01 8.875844e+00 -1.500000e+01
      vertex   1.357412e+01 8.941926e+00 -1.500000e+01
    endloop
  endfacet
  facet normal 0.000000e+00 0.000000e+00 1.000000e+00
    outer loop
      vertex   1.290656e+01 8.941926e+00 -1.500000e+01
      vertex   1.357412e+01 8.941926e+00 -1.500000e+01
      vertex   1.312824e+01 8.975339e+00 -1.500000e+01
    endloop
  endfacet
  facet normal -0.000000e+00 0.000000e+00 1.000000e+00
    outer loop
      vertex   1.312824e+01 8.975339e+00 -1.500000e+01
      vertex   1.357412e+01 8.941926e+00 -1.500000e+01
      vertex   1.335243e+01 8.975339e+00 -1.500000e+01
    endloop
  endfacet
  facet normal 0.000000e+00 0.000000e+00 1.000000e+00
    outer loop
      vertex   1.472359e+01 7.255970e+00 -1.500000e+01
      vertex   1.175709e+01 7.255970e+00 -1.500000e+01
      vertex   1.467370e+01 7.037401e+00 -1.500000e+01
    endloop
  endfacet
  facet normal 0.000000e+00 0.000000e+00 1.000000e+00
    outer loop
      vertex   1.467370e+01 7.037401e+00 -1.500000e+01
      vertex   1.175709e+01 7.255970e+00 -1.500000e+01
      vertex   1.180698e+01 7.037401e+00 -1.500000e+01
    endloop
  endfacet
  facet normal 0.000000e+00 0.000000e+00 1.000000e+00
    outer loop
      vertex   1.467370e+01 7.037401e+00 -1.500000e+01
      vertex   1.180698e+01 7.037401e+00 -1.500000e+01
      vertex   1.459179e+01 6.828708e+00 -1.500000e+01
    endloop
  endfacet
  facet normal 0.000000e+00 0.000000e+00 1.000000e+00
    outer loop
      vertex   1.459179e+01 6.828708e+00 -1.500000e+01
      vertex   1.180698e+01 7.037401e+00 -1.500000e+01
      vertex   1.188889e+01 6.828708e+00 -1.500000e+01
    endloop
  endfacet
  facet normal 0.000000e+00 0.000000e+00 1.000000e+00
    outer loop
      vertex   1.459179e+01 6.828708e+00 -1.500000e+01
      vertex   1.188889e+01 6.828708e+00 -1.500000e+01
      vertex   1.447970e+01 6.634554e+00 -1.500000e+01
    endloop
  endfacet
  facet normal 0.000000e+00 0.000000e+00 1.000000e+00
    outer loop
      vertex   1.447970e+01 6.634554e+00 -1.500000e+01
      vertex   1.188889e+01 6.828708e+00 -1.500000e+01
      vertex   1.200098e+01 6.634554e+00 -1.500000e+01
    endloop
  endfacet
  facet normal 0.000000e+00 0.000000e+00 1.000000e+00
    outer loop
      vertex   1.447970e+01 6.634554e+00 -1.500000e+01
      vertex   1.200098e+01 6.634554e+00 -1.500000e+01
      vertex   1.433992e+01 6.459275e+00 -1.500000e+01
    endloop
  endfacet
  facet normal 0.000000e+00 0.000000e+00 1.000000e+00
    outer loop
      vertex   1.433992e+01 6.459275e+00 -1.500000e+01
      vertex   1.200098e+01 6.634554e+00 -1.500000e+01
      vertex   1.214076e+01 6.459275e+00 -1.500000e+01
    endloop
  endfacet
  facet normal 0.000000e+00 0.000000e+00 1.000000e+00
    outer loop
      vertex   1.433992e+01 6.459275e+00 -1.500000e+01
      vertex   1.214076e+01 6.459275e+00 -1.500000e+01
      vertex   1.417557e+01 6.306786e+00 -1.500000e+01
    endloop
  endfacet
  facet normal 0.000000e+00 0.000000e+00 1.000000e+00
    outer loop
      vertex   1.417557e+01 6.306786e+00 -1.500000e+01
      vertex   1.214076e+01 6.459275e+00 -1.500000e+01
      vertex   1.230510e+01 6.306786e+00 -1.500000e+01
    endloop
  endfacet
  facet normal 0.000000e+00 0.000000e+00 1.000000e+00
    outer loop
      vertex   1.417557e+01 6.306786e+00 -1.500000e+01
      vertex   1.230510e+01 6.306786e+00 -1.500000e+01
      vertex   1.399034e+01 6.180496e+00 -1.500000e+01
    endloop
  endfacet
  facet normal 0.000000e+00 0.000000e+00 1.000000e+00
    outer loop
      vertex   1.399034e+01 6.180496e+00 -1.500000e+01
      vertex   1.230510e+01 6.306786e+00 -1.500000e+01
      vertex   1.249034e+01 6.180496e+00 -1.500000e+01
    endloop
  endfacet
  facet normal 0.000000e+00 0.000000e+00 1.000000e+00
    outer loop
      vertex   1.399034e+01 6.180496e+00 -1.500000e+01
      vertex   1.249034e+01 6.180496e+00 -1.500000e+01
      vertex   1.378835e+01 6.083223e+00 -1.500000e+01
    endloop
  endfacet
  facet normal 0.000000e+00 0.000000e+00 1.000000e+00
    outer loop
      vertex   1.378835e+01 6.083223e+00 -1.500000e+01
      vertex   1.249034e+01 6.180496e+00 -1.500000e+01
      vertex   1.269233e+01 6.083223e+00 -1.500000e+01
    endloop
  endfacet
  facet normal 0.000000e+00 0.000000e+00 1.000000e+00
    outer loop
      vertex   1.378835e+01 6.083223e+00 -1.500000e+01
      vertex   1.269233e+01 6.083223e+00 -1.500000e+01
      vertex   1.357412e+01 6.017142e+00 -1.500000e+01
    endloop
  endfacet
  facet normal 0.000000e+00 0.000000e+00 1.000000e+00
    outer loop
      vertex   1.357412e+01 6.017142e+00 -1.500000e+01
      vertex   1.269233e+01 6.083223e+00 -1.500000e+01
      vertex   1.290656e+01 6.017142e+00 -1.500000e+01
    endloop
  endfacet
  facet normal 0.000000e+00 0.000000e+00 1.000000e+00
    outer loop
      vertex   1.357412e+01 6.017142e+00 -1.500000e+01
      vertex   1.290656e+01 6.017142e+00 -1.500000e+01
      vertex   1.335243e+01 5.983728e+00 -1.500000e+01
    endloop
  endfacet
  facet normal 0.000000e+00 0.000000e+00 1.000000e+00
    outer loop
      vertex   1.335243e+01 5.983728e+00 -1.500000e+01
      vertex   1.290656e+01 6.017142e+00 -1.500000e+01
      vertex   1.312824e+01 5.983728e+00 -1.500000e+01
    endloop
  endfacet
  facet normal -9.816497e-17 9.983691e-01 -5.708881e-02
    outer loop
      vertex   -3.900000e+01 -2.607890e+00 5.049227e+00
      vertex   -3.500000e+01 -2.607890e+00 5.049227e+00
      vertex   -3.900000e+01 -2.625000e+00 4.750000e+00
    endloop
  endfacet
  facet normal 0.000000e+00 9.983691e-01 -5.708881e-02
    outer loop
      vertex   -3.900000e+01 -2.625000e+00 4.750000e+00
      vertex   -3.500000e+01 -2.607890e+00 5.049227e+00
      vertex   -3.500000e+01 -2.625000e+00 4.750000e+00
    endloop
  endfacet
  facet normal -0.000000e+00 9.983691e-01 5.708881e-02
    outer loop
      vertex   -3.900000e+01 -2.625000e+00 4.750000e+00
      vertex   -3.500000e+01 -2.625000e+00 4.750000e+00
      vertex   -3.900000e+01 -2.607890e+00 4.450773e+00
    endloop
  endfacet
  facet normal -0.000000e+00 9.983691e-01 5.708881e-02
    outer loop
      vertex   -3.900000e+01 -2.607890e+00 4.450773e+00
      vertex   -3.500000e+01 -2.625000e+00 4.750000e+00
      vertex   -3.500000e+01 -2.607890e+00 4.450773e+00
    endloop
  endfacet
  facet normal -0.000000e+00 9.853538e-01 1.705222e-01
    outer loop
      vertex   -3.900000e+01 -2.607890e+00 4.450773e+00
      vertex   -3.500000e+01 -2.607890e+00 4.450773e+00
      vertex   -3.900000e+01 -2.556781e+00 4.155446e+00
    endloop
  endfacet
  facet normal -0.000000e+00 9.853538e-01 1.705222e-01
    outer loop
      vertex   -3.900000e+01 -2.556781e+00 4.155446e+00
      vertex   -3.500000e+01 -2.607890e+00 4.450773e+00
      vertex   -3.500000e+01 -2.556781e+00 4.155446e+00
    endloop
  endfacet
  facet normal -0.000000e+00 9.594930e-01 2.817326e-01
    outer loop
      vertex   -3.900000e+01 -2.556781e+00 4.155446e+00
      vertex   -3.500000e+01 -2.556781e+00 4.155446e+00
      vertex   -3.900000e+01 -2.472341e+00 3.867870e+00
    endloop
  endfacet
  facet normal -0.000000e+00 9.594930e-01 2.817326e-01
    outer loop
      vertex   -3.900000e+01 -2.472341e+00 3.867870e+00
      vertex   -3.500000e+01 -2.556781e+00 4.155446e+00
      vertex   -3.500000e+01 -2.472341e+00 3.867870e+00
    endloop
  endfacet
  facet normal -0.000000e+00 9.211237e-01 3.892701e-01
    outer loop
      vertex   -3.900000e+01 -2.472341e+00 3.867870e+00
      vertex   -3.500000e+01 -2.472341e+00 3.867870e+00
      vertex   -3.900000e+01 -2.355671e+00 3.591795e+00
    endloop
  endfacet
  facet normal -0.000000e+00 9.211237e-01 3.892701e-01
    outer loop
      vertex   -3.900000e+01 -2.355671e+00 3.591795e+00
      vertex   -3.500000e+01 -2.472341e+00 3.867870e+00
      vertex   -3.500000e+01 -2.355671e+00 3.591795e+00
    endloop
  endfacet
  facet normal -0.000000e+00 8.707461e-01 4.917329e-01
    outer loop
      vertex   -3.900000e+01 -2.355671e+00 3.591795e+00
      vertex   -3.500000e+01 -2.355671e+00 3.591795e+00
      vertex   -3.900000e+01 -2.208291e+00 3.330818e+00
    endloop
  endfacet
  facet normal -0.000000e+00 8.707461e-01 4.917329e-01
    outer loop
      vertex   -3.900000e+01 -2.208291e+00 3.330818e+00
      vertex   -3.500000e+01 -2.355671e+00 3.591795e+00
      vertex   -3.500000e+01 -2.208291e+00 3.330818e+00
    endloop
  endfacet
  facet normal -0.000000e+00 8.090170e-01 5.877853e-01
    outer loop
      vertex   -3.900000e+01 -2.208291e+00 3.330818e+00
      vertex   -3.500000e+01 -2.208291e+00 3.330818e+00
      vertex   -3.900000e+01 -2.032122e+00 3.088342e+00
    endloop
  endfacet
  facet normal -0.000000e+00 8.090170e-01 5.877853e-01
    outer loop
      vertex   -3.900000e+01 -2.032122e+00 3.088342e+00
      vertex   -3.500000e+01 -2.208291e+00 3.330818e+00
      vertex   -3.500000e+01 -2.032122e+00 3.088342e+00
    endloop
  endfacet
  facet normal -0.000000e+00 7.367411e-01 6.761749e-01
    outer loop
      vertex   -3.900000e+01 -2.032122e+00 3.088342e+00
      vertex   -3.500000e+01 -2.032122e+00 3.088342e+00
      vertex   -3.900000e+01 -1.829461e+00 2.867529e+00
    endloop
  endfacet
  facet normal -0.000000e+00 7.367411e-01 6.761749e-01
    outer loop
      vertex   -3.900000e+01 -1.829461e+00 2.867529e+00
      vertex   -3.500000e+01 -2.032122e+00 3.088342e+00
      vertex   -3.500000e+01 -1.829461e+00 2.867529e+00
    endloop
  endfacet
  facet normal -0.000000e+00 6.548607e-01 7.557496e-01
    outer loop
      vertex   -3.900000e+01 -1.829461e+00 2.867529e+00
      vertex   -3.500000e+01 -1.829461e+00 2.867529e+00
      vertex   -3.900000e+01 -1.602951e+00 2.671257e+00
    endloop
  endfacet
  facet normal 6.150324e-17 6.548607e-01 7.557496e-01
    outer loop
      vertex   -3.900000e+01 -1.602951e+00 2.671257e+00
      vertex   -3.500000e+01 -1.829461e+00 2.867529e+00
      vertex   -3.500000e+01 -1.602951e+00 2.671257e+00
    endloop
  endfacet
  facet normal 3.368578e-17 5.644432e-01 8.254719e-01
    outer loop
      vertex   -3.900000e+01 -1.602951e+00 2.671257e+00
      vertex   -3.500000e+01 -1.602951e+00 2.671257e+00
      vertex   -3.900000e+01 -1.355543e+00 2.502084e+00
    endloop
  endfacet
  facet normal -0.000000e+00 5.644432e-01 8.254719e-01
    outer loop
      vertex   -3.900000e+01 -1.355543e+00 2.502084e+00
      vertex   -3.500000e+01 -1.602951e+00 2.671257e+00
      vertex   -3.500000e+01 -1.355543e+00 2.502084e+00
    endloop
  endfacet
  facet normal -0.000000e+00 4.666673e-01 8.844329e-01
    outer loop
      vertex   -3.900000e+01 -1.355543e+00 2.502084e+00
      vertex   -3.500000e+01 -1.355543e+00 2.502084e+00
      vertex   -3.900000e+01 -1.090464e+00 2.362216e+00
    endloop
  endfacet
  facet normal -0.000000e+00 4.666673e-01 8.844329e-01
    outer loop
      vertex   -3.900000e+01 -1.090464e+00 2.362216e+00
      vertex   -3.500000e+01 -1.355543e+00 2.502084e+00
      vertex   -3.500000e+01 -1.090464e+00 2.362216e+00
    endloop
  endfacet
  facet normal -0.000000e+00 3.628077e-01 9.318640e-01
    outer loop
      vertex   -3.900000e+01 -1.090464e+00 2.362216e+00
      vertex   -3.500000e+01 -1.090464e+00 2.362216e+00
      vertex   -3.900000e+01 -8.111696e-01 2.253477e+00
    endloop
  endfacet
  facet normal -0.000000e+00 3.628077e-01 9.318640e-01
    outer loop
      vertex   -3.900000e+01 -8.111696e-01 2.253477e+00
      vertex   -3.500000e+01 -1.090464e+00 2.362216e+00
      vertex   -3.500000e+01 -8.111696e-01 2.253477e+00
    endloop
  endfacet
  facet normal -0.000000e+00 2.542183e-01 9.671469e-01
    outer loop
      vertex   -3.900000e+01 -8.111696e-01 2.253477e+00
      vertex   -3.500000e+01 -8.111696e-01 2.253477e+00
      vertex   -3.900000e+01 -5.213000e-01 2.177283e+00
    endloop
  endfacet
  facet normal 7.055976e-17 2.542183e-01 9.671469e-01
    outer loop
      vertex   -3.900000e+01 -5.213000e-01 2.177283e+00
      vertex   -3.500000e+01 -8.111696e-01 2.253477e+00
      vertex   -3.500000e+01 -5.213000e-01 2.177283e+00
    endloop
  endfacet
  facet normal 3.950030e-17 1.423148e-01 9.898214e-01
    outer loop
      vertex   -3.900000e+01 -5.213000e-01 2.177283e+00
      vertex   -3.500000e+01 -5.213000e-01 2.177283e+00
      vertex   -3.900000e+01 -2.246344e-01 2.134629e+00
    endloop
  endfacet
  facet normal 2.073766e-17 1.423148e-01 9.898214e-01
    outer loop
      vertex   -3.900000e+01 -2.246344e-01 2.134629e+00
      vertex   -3.500000e+01 -5.213000e-01 2.177283e+00
      vertex   -3.500000e+01 -2.246344e-01 2.134629e+00
    endloop
  endfacet
  facet normal 4.161096e-18 2.855605e-02 9.995922e-01
    outer loop
      vertex   -3.900000e+01 -2.246344e-01 2.134629e+00
      vertex   -3.500000e+01 -2.246344e-01 2.134629e+00
      vertex   -3.900000e+01 7.495963e-02 2.126070e+00
    endloop
  endfacet
  facet normal -0.000000e+00 2.855605e-02 9.995922e-01
    outer loop
      vertex   -3.900000e+01 7.495963e-02 2.126070e+00
      vertex   -3.500000e+01 -2.246344e-01 2.134629e+00
      vertex   -3.500000e+01 7.495963e-02 2.126070e+00
    endloop
  endfacet
  facet normal 0.000000e+00 -8.557501e-02 9.963317e-01
    outer loop
      vertex   -3.900000e+01 7.495963e-02 2.126070e+00
      vertex   -3.500000e+01 7.495963e-02 2.126070e+00
      vertex   -3.900000e+01 3.735765e-01 2.151719e+00
    endloop
  endfacet
  facet normal 0.000000e+00 -8.557501e-02 9.963317e-01
    outer loop
      vertex   -3.900000e+01 3.735765e-01 2.151719e+00
      vertex   -3.500000e+01 7.495963e-02 2.126070e+00
      vertex   -3.500000e+01 3.735765e-01 2.151719e+00
    endloop
  endfacet
  facet normal 0.000000e+00 -1.985905e-01 9.800826e-01
    outer loop
      vertex   -3.900000e+01 3.735765e-01 2.151719e+00
      vertex   -3.500000e+01 3.735765e-01 2.151719e+00
      vertex   -3.900000e+01 6.673231e-01 2.211240e+00
    endloop
  endfacet
  facet normal -5.511993e-17 -1.985905e-01 9.800826e-01
    outer loop
      vertex   -3.900000e+01 6.673231e-01 2.211240e+00
      vertex   -3.500000e+01 3.735765e-01 2.151719e+00
      vertex   -3.500000e+01 6.673231e-01 2.211240e+00
    endloop
  endfacet
  facet normal -8.576945e-17 -3.090170e-01 9.510565e-01
    outer loop
      vertex   -3.900000e+01 6.673231e-01 2.211240e+00
      vertex   -3.500000e+01 6.673231e-01 2.211240e+00
      vertex   -3.900000e+01 9.523702e-01 2.303857e+00
    endloop
  endfacet
  facet normal 7.128071e-17 -3.090170e-01 9.510565e-01
    outer loop
      vertex   -3.900000e+01 9.523702e-01 2.303857e+00
      vertex   -3.500000e+01 6.673231e-01 2.211240e+00
      vertex   -3.500000e+01 9.523702e-01 2.303857e+00
    endloop
  endfacet
  facet normal 5.486911e-17 -4.154150e-01 9.096320e-01
    outer loop
      vertex   -3.900000e+01 9.523702e-01 2.303857e+00
      vertex   -3.500000e+01 9.523702e-01 2.303857e+00
      vertex   -3.900000e+01 1.225002e+00 2.428364e+00
    endloop
  endfacet
  facet normal 0.000000e+00 -4.154150e-01 9.096320e-01
    outer loop
      vertex   -3.900000e+01 1.225002e+00 2.428364e+00
      vertex   -3.500000e+01 9.523702e-01 2.303857e+00
      vertex   -3.500000e+01 1.225002e+00 2.428364e+00
    endloop
  endfacet
  facet normal 0.000000e+00 -5.163975e-01 8.563490e-01
    outer loop
      vertex   -3.900000e+01 1.225002e+00 2.428364e+00
      vertex   -3.500000e+01 1.225002e+00 2.428364e+00
      vertex   -3.900000e+01 1.481663e+00 2.583136e+00
    endloop
  endfacet
  facet normal 0.000000e+00 -5.163975e-01 8.563490e-01
    outer loop
      vertex   -3.900000e+01 1.481663e+00 2.583136e+00
      vertex   -3.500000e+01 1.225002e+00 2.428364e+00
      vertex   -3.500000e+01 1.481663e+00 2.583136e+00
    endloop
  endfacet
  facet normal 0.000000e+00 -6.106479e-01 7.919022e-01
    outer loop
      vertex   -3.900000e+01 1.481663e+00 2.583136e+00
      vertex   -3.500000e+01 1.481663e+00 2.583136e+00
      vertex   -3.900000e+01 1.719009e+00 2.766157e+00
    endloop
  endfacet
  facet normal 0.000000e+00 -6.106479e-01 7.919022e-01
    outer loop
      vertex   -3.900000e+01 1.719009e+00 2.766157e+00
      vertex   -3.500000e+01 1.481663e+00 2.583136e+00
      vertex   -3.500000e+01 1.719009e+00 2.766157e+00
    endloop
  endfacet
  facet normal 0.000000e+00 -6.969376e-01 7.171318e-01
    outer loop
      vertex   -3.900000e+01 1.719009e+00 2.766157e+00
      vertex   -3.500000e+01 1.719009e+00 2.766157e+00
      vertex   -3.900000e+01 1.933945e+00 2.975041e+00
    endloop
  endfacet
  facet normal 4.092982e-17 -6.969376e-01 7.171318e-01
    outer loop
      vertex   -3.900000e+01 1.933945e+00 2.975041e+00
      vertex   -3.500000e+01 1.719009e+00 2.766157e+00
      vertex   -3.500000e+01 1.933945e+00 2.975041e+00
    endloop
  endfacet
  facet normal 2.730501e-17 -7.741416e-01 6.330125e-01
    outer loop
      vertex   -3.900000e+01 1.933945e+00 2.975041e+00
      vertex   -3.500000e+01 1.933945e+00 2.975041e+00
      vertex   -3.900000e+01 2.123670e+00 3.207064e+00
    endloop
  endfacet
  facet normal 0.000000e+00 -7.741416e-01 6.330125e-01
    outer loop
      vertex   -3.900000e+01 2.123670e+00 3.207064e+00
      vertex   -3.500000e+01 1.933945e+00 2.975041e+00
      vertex   -3.500000e+01 2.123670e+00 3.207064e+00
    endloop
  endfacet
  facet normal 0.000000e+00 -8.412535e-01 5.406408e-01
    outer loop
      vertex   -3.900000e+01 2.123670e+00 3.207064e+00
      vertex   -3.500000e+01 2.123670e+00 3.207064e+00
      vertex   -3.900000e+01 2.285708e+00 3.459201e+00
    endloop
  endfacet
  facet normal -3.337472e-17 -8.412535e-01 5.406408e-01
    outer loop
      vertex   -3.900000e+01 2.285708e+00 3.459201e+00
      vertex   -3.500000e+01 2.123670e+00 3.207064e+00
      vertex   -3.500000e+01 2.285708e+00 3.459201e+00
    endloop
  endfacet
  facet normal -5.064586e-17 -8.973984e-01 4.412211e-01
    outer loop
      vertex   -3.900000e+01 2.285708e+00 3.459201e+00
      vertex   -3.500000e+01 2.285708e+00 3.459201e+00
      vertex   -3.900000e+01 2.417950e+00 3.728166e+00
    endloop
  endfacet
  facet normal 4.898538e-17 -8.973984e-01 4.412211e-01
    outer loop
      vertex   -3.900000e+01 2.417950e+00 3.728166e+00
      vertex   -3.500000e+01 2.285708e+00 3.459201e+00
      vertex   -3.500000e+01 2.417950e+00 3.728166e+00
    endloop
  endfacet
  facet normal 3.730898e-17 -9.418444e-01 3.360494e-01
    outer loop
      vertex   -3.900000e+01 2.417950e+00 3.728166e+00
      vertex   -3.500000e+01 2.417950e+00 3.728166e+00
      vertex   -3.900000e+01 2.518669e+00 4.010452e+00
    endloop
  endfacet
  facet normal 0.000000e+00 -9.418444e-01 3.360494e-01
    outer loop
      vertex   -3.900000e+01 2.518669e+00 4.010452e+00
      vertex   -3.500000e+01 2.417950e+00 3.728166e+00
      vertex   -3.500000e+01 2.518669e+00 4.010452e+00
    endloop
  endfacet
  facet normal 0.000000e+00 -9.740119e-01 2.264968e-01
    outer loop
      vertex   -3.900000e+01 2.518669e+00 4.010452e+00
      vertex   -3.500000e+01 2.518669e+00 4.010452e+00
      vertex   -3.900000e+01 2.586554e+00 4.302379e+00
    endloop
  endfacet
  facet normal -5.784466e-17 -9.740119e-01 2.264968e-01
    outer loop
      vertex   -3.900000e+01 2.586554e+00 4.302379e+00
      vertex   -3.500000e+01 2.518669e+00 4.010452e+00
      vertex   -3.500000e+01 2.586554e+00 4.302379e+00
    endloop
  endfacet
  facet normal -8.498745e-17 -9.934817e-01 1.139914e-01
    outer loop
      vertex   -3.900000e+01 2.586554e+00 4.302379e+00
      vertex   -3.500000e+01 2.586554e+00 4.302379e+00
      vertex   -3.900000e+01 2.620719e+00 4.600142e+00
    endloop
  endfacet
  facet normal 2.531118e-17 -9.934817e-01 1.139914e-01
    outer loop
      vertex   -3.900000e+01 2.620719e+00 4.600142e+00
      vertex   -3.500000e+01 2.586554e+00 4.302379e+00
      vertex   -3.500000e+01 2.620719e+00 4.600142e+00
    endloop
  endfacet
  facet normal 0.000000e+00 -1.000000e+00 0.000000e+00
    outer loop
      vertex   -3.900000e+01 2.620719e+00 4.600142e+00
      vertex   -3.500000e+01 2.620719e+00 4.600142e+00
      vertex   -3.900000e+01 2.620719e+00 4.899858e+00
    endloop
  endfacet
  facet normal 0.000000e+00 -1.000000e+00 0.000000e+00
    outer loop
      vertex   -3.900000e+01 2.620719e+00 4.899858e+00
      vertex   -3.500000e+01 2.620719e+00 4.600142e+00
      vertex   -3.500000e+01 2.620719e+00 4.899858e+00
    endloop
  endfacet
  facet normal -2.531118e-17 -9.934817e-01 -1.139914e-01
    outer loop
      vertex   -3.900000e+01 2.620719e+00 4.899858e+00
      vertex   -3.500000e+01 2.620719e+00 4.899858e+00
      vertex   -3.900000e+01 2.586554e+00 5.197621e+00
    endloop
  endfacet
  facet normal 0.000000e+00 -9.934817e-01 -1.139914e-01
    outer loop
      vertex   -3.900000e+01 2.586554e+00 5.197621e+00
      vertex   -3.500000e+01 2.620719e+00 4.899858e+00
      vertex   -3.500000e+01 2.586554e+00 5.197621e+00
    endloop
  endfacet
  facet normal 0.000000e+00 -9.740119e-01 -2.264968e-01
    outer loop
      vertex   -3.900000e+01 2.586554e+00 5.197621e+00
      vertex   -3.500000e+01 2.586554e+00 5.197621e+00
      vertex   -3.900000e+01 2.518669e+00 5.489548e+00
    endloop
  endfacet
  facet normal -5.029239e-17 -9.740119e-01 -2.264968e-01
    outer loop
      vertex   -3.900000e+01 2.518669e+00 5.489548e+00
      vertex   -3.500000e+01 2.586554e+00 5.197621e+00
      vertex   -3.500000e+01 2.518669e+00 5.489548e+00
    endloop
  endfacet
  facet normal -7.461795e-17 -9.418444e-01 -3.360494e-01
    outer loop
      vertex   -3.900000e+01 2.518669e+00 5.489548e+00
      vertex   -3.500000e+01 2.518669e+00 5.489548e+00
      vertex   -3.900000e+01 2.417950e+00 5.771834e+00
    endloop
  endfacet
  facet normal 0.000000e+00 -9.418444e-01 -3.360494e-01
    outer loop
      vertex   -3.900000e+01 2.417950e+00 5.771834e+00
      vertex   -3.500000e+01 2.518669e+00 5.489548e+00
      vertex   -3.500000e+01 2.417950e+00 5.771834e+00
    endloop
  endfacet
  facet normal 0.000000e+00 -8.973984e-01 -4.412211e-01
    outer loop
      vertex   -3.900000e+01 2.417950e+00 5.771834e+00
      vertex   -3.500000e+01 2.417950e+00 5.771834e+00
      vertex   -3.900000e+01 2.285708e+00 6.040799e+00
    endloop
  endfacet
  facet normal 9.963124e-17 -8.973984e-01 -4.412211e-01
    outer loop
      vertex   -3.900000e+01 2.285708e+00 6.040799e+00
      vertex   -3.500000e+01 2.417950e+00 5.771834e+00
      vertex   -3.500000e+01 2.285708e+00 6.040799e+00
    endloop
  endfacet
  facet normal 9.339790e-17 -8.412535e-01 -5.406408e-01
    outer loop
      vertex   -3.900000e+01 2.285708e+00 6.040799e+00
      vertex   -3.500000e+01 2.285708e+00 6.040799e+00
      vertex   -3.900000e+01 2.123670e+00 6.292936e+00
    endloop
  endfacet
  facet normal 0.000000e+00 -8.412535e-01 -5.406408e-01
    outer loop
      vertex   -3.900000e+01 2.123670e+00 6.292936e+00
      vertex   -3.500000e+01 2.285708e+00 6.040799e+00
      vertex   -3.500000e+01 2.123670e+00 6.292936e+00
    endloop
  endfacet
  facet normal 0.000000e+00 -7.741416e-01 -6.330125e-01
    outer loop
      vertex   -3.900000e+01 2.123670e+00 6.292936e+00
      vertex   -3.500000e+01 2.123670e+00 6.292936e+00
      vertex   -3.900000e+01 1.933945e+00 6.524959e+00
    endloop
  endfacet
  facet normal -5.461002e-17 -7.741416e-01 -6.330125e-01
    outer loop
      vertex   -3.900000e+01 1.933945e+00 6.524959e+00
      vertex   -3.500000e+01 2.123670e+00 6.292936e+00
      vertex   -3.500000e+01 1.933945e+00 6.524959e+00
    endloop
  endfacet
  facet normal -8.185963e-17 -6.969376e-01 -7.171318e-01
    outer loop
      vertex   -3.900000e+01 1.933945e+00 6.524959e+00
      vertex   -3.500000e+01 1.933945e+00 6.524959e+00
      vertex   -3.900000e+01 1.719009e+00 6.733843e+00
    endloop
  endfacet
  facet normal 0.000000e+00 -6.969376e-01 -7.171318e-01
    outer loop
      vertex   -3.900000e+01 1.719009e+00 6.733843e+00
      vertex   -3.500000e+01 1.933945e+00 6.524959e+00
      vertex   -3.500000e+01 1.719009e+00 6.733843e+00
    endloop
  endfacet
  facet normal 0.000000e+00 -6.106479e-01 -7.919022e-01
    outer loop
      vertex   -3.900000e+01 1.719009e+00 6.733843e+00
      vertex   -3.500000e+01 1.719009e+00 6.733843e+00
      vertex   -3.900000e+01 1.481663e+00 6.916864e+00
    endloop
  endfacet
  facet normal 3.389777e-17 -6.106479e-01 -7.919022e-01
    outer loop
      vertex   -3.900000e+01 1.481663e+00 6.916864e+00
      vertex   -3.500000e+01 1.719009e+00 6.733843e+00
      vertex   -3.500000e+01 1.481663e+00 6.916864e+00
    endloop
  endfacet
  facet normal 2.866582e-17 -5.163975e-01 -8.563490e-01
    outer loop
      vertex   -3.900000e+01 1.481663e+00 6.916864e+00
      vertex   -3.500000e+01 1.481663e+00 6.916864e+00
      vertex   -3.900000e+01 1.225002e+00 7.071636e+00
    endloop
  endfacet
  facet normal 0.000000e+00 -5.163975e-01 -8.563490e-01
    outer loop
      vertex   -3.900000e+01 1.225002e+00 7.071636e+00
      vertex   -3.500000e+01 1.481663e+00 6.916864e+00
      vertex   -3.500000e+01 1.225002e+00 7.071636e+00
    endloop
  endfacet
  facet normal 0.000000e+00 -4.154150e-01 -9.096320e-01
    outer loop
      vertex   -3.900000e+01 1.225002e+00 7.071636e+00
      vertex   -3.500000e+01 1.225002e+00 7.071636e+00
      vertex   -3.900000e+01 9.523702e-01 7.196143e+00
    endloop
  endfacet
  facet normal 5.765041e-17 -4.154150e-01 -9.096320e-01
    outer loop
      vertex   -3.900000e+01 9.523702e-01 7.196143e+00
      vertex   -3.500000e+01 1.225002e+00 7.071636e+00
      vertex   -3.500000e+01 9.523702e-01 7.196143e+00
    endloop
  endfacet
  facet normal 4.288472e-17 -3.090170e-01 -9.510565e-01
    outer loop
      vertex   -3.900000e+01 9.523702e-01 7.196143e+00
      vertex   -3.500000e+01 9.523702e-01 7.196143e+00
      vertex   -3.900000e+01 6.673231e-01 7.288760e+00
    endloop
  endfacet
  facet normal 5.146167e-17 -3.090170e-01 -9.510565e-01
    outer loop
      vertex   -3.900000e+01 6.673231e-01 7.288760e+00
      vertex   -3.500000e+01 9.523702e-01 7.196143e+00
      vertex   -3.500000e+01 6.673231e-01 7.288760e+00
    endloop
  endfacet
  facet normal 3.307196e-17 -1.985905e-01 -9.800826e-01
    outer loop
      vertex   -3.900000e+01 6.673231e-01 7.288760e+00
      vertex   -3.500000e+01 6.673231e-01 7.288760e+00
      vertex   -3.900000e+01 3.735765e-01 7.348281e+00
    endloop
  endfacet
  facet normal 0.000000e+00 -1.985905e-01 -9.800826e-01
    outer loop
      vertex   -3.900000e+01 3.735765e-01 7.348281e+00
      vertex   -3.500000e+01 6.673231e-01 7.288760e+00
      vertex   -3.500000e+01 3.735765e-01 7.348281e+00
    endloop
  endfacet
  facet normal 0.000000e+00 -8.557501e-02 -9.963317e-01
    outer loop
      vertex   -3.900000e+01 3.735765e-01 7.348281e+00
      vertex   -3.500000e+01 3.735765e-01 7.348281e+00
      vertex   -3.900000e+01 7.495963e-02 7.373930e+00
    endloop
  endfacet
  facet normal 1.246971e-17 -8.557501e-02 -9.963317e-01
    outer loop
      vertex   -3.900000e+01 7.495963e-02 7.373930e+00
      vertex   -3.500000e+01 3.735765e-01 7.348281e+00
      vertex   -3.500000e+01 7.495963e-02 7.373930e+00
    endloop
  endfacet
  facet normal -4.161096e-18 2.855605e-02 -9.995922e-01
    outer loop
      vertex   -3.900000e+01 7.495963e-02 7.373930e+00
      vertex   -3.500000e+01 7.495963e-02 7.373930e+00
      vertex   -3.900000e+01 -2.246344e-01 7.365371e+00
    endloop
  endfacet
  facet normal -4.161096e-18 2.855605e-02 -9.995922e-01
    outer loop
      vertex   -3.900000e+01 -2.246344e-01 7.365371e+00
      vertex   -3.500000e+01 7.495963e-02 7.373930e+00
      vertex   -3.500000e+01 -2.246344e-01 7.365371e+00
    endloop
  endfacet
  facet normal -2.073766e-17 1.423148e-01 -9.898214e-01
    outer loop
      vertex   -3.900000e+01 -2.246344e-01 7.365371e+00
      vertex   -3.500000e+01 -2.246344e-01 7.365371e+00
      vertex   -3.900000e+01 -5.213000e-01 7.322717e+00
    endloop
  endfacet
  facet normal -1.975015e-17 1.423148e-01 -9.898214e-01
    outer loop
      vertex   -3.900000e+01 -5.213000e-01 7.322717e+00
      vertex   -3.500000e+01 -2.246344e-01 7.365371e+00
      vertex   -3.500000e+01 -5.213000e-01 7.322717e+00
    endloop
  endfacet
  facet normal -3.527988e-17 2.542183e-01 -9.671469e-01
    outer loop
      vertex   -3.900000e+01 -5.213000e-01 7.322717e+00
      vertex   -3.500000e+01 -5.213000e-01 7.322717e+00
      vertex   -3.900000e+01 -8.111696e-01 7.246523e+00
    endloop
  endfacet
  facet normal 0.000000e+00 2.542183e-01 -9.671469e-01
    outer loop
      vertex   -3.900000e+01 -8.111696e-01 7.246523e+00
      vertex   -3.500000e+01 -5.213000e-01 7.322717e+00
      vertex   -3.500000e+01 -8.111696e-01 7.246523e+00
    endloop
  endfacet
  facet normal 0.000000e+00 3.628077e-01 -9.318640e-01
    outer loop
      vertex   -3.900000e+01 -8.111696e-01 7.246523e+00
      vertex   -3.500000e+01 -8.111696e-01 7.246523e+00
      vertex   -3.900000e+01 -1.090464e+00 7.137784e+00
    endloop
  endfacet
  facet normal -4.027975e-17 3.628077e-01 -9.318640e-01
    outer loop
      vertex   -3.900000e+01 -1.090464e+00 7.137784e+00
      vertex   -3.500000e+01 -8.111696e-01 7.246523e+00
      vertex   -3.500000e+01 -1.090464e+00 7.137784e+00
    endloop
  endfacet
  facet normal -5.181048e-17 4.666673e-01 -8.844329e-01
    outer loop
      vertex   -3.900000e+01 -1.090464e+00 7.137784e+00
      vertex   -3.500000e+01 -1.090464e+00 7.137784e+00
      vertex   -3.900000e+01 -1.355543e+00 6.997916e+00
    endloop
  endfacet
  facet normal 1.186678e-16 4.666673e-01 -8.844329e-01
    outer loop
      vertex   -3.900000e+01 -1.355543e+00 6.997916e+00
      vertex   -3.500000e+01 -1.090464e+00 7.137784e+00
      vertex   -3.500000e+01 -1.355543e+00 6.997916e+00
    endloop
  endfacet
  facet normal 8.929290e-17 5.644432e-01 -8.254719e-01
    outer loop
      vertex   -3.900000e+01 -1.355543e+00 6.997916e+00
      vertex   -3.500000e+01 -1.355543e+00 6.997916e+00
      vertex   -3.900000e+01 -1.602951e+00 6.828743e+00
    endloop
  endfacet
  facet normal 2.099187e-16 5.644432e-01 -8.254719e-01
    outer loop
      vertex   -3.900000e+01 -1.602951e+00 6.828743e+00
      vertex   -3.500000e+01 -1.355543e+00 6.997916e+00
      vertex   -3.500000e+01 -1.602951e+00 6.828743e+00
    endloop
  endfacet
  facet normal 1.538599e-16 6.548607e-01 -7.557496e-01
    outer loop
      vertex   -3.900000e+01 -1.602951e+00 6.828743e+00
      vertex   -3.500000e+01 -1.602951e+00 6.828743e+00
      vertex   -3.900000e+01 -1.829461e+00 6.632471e+00
    endloop
  endfacet
  facet normal 0.000000e+00 6.548607e-01 -7.557496e-01
    outer loop
      vertex   -3.900000e+01 -1.829461e+00 6.632471e+00
      vertex   -3.500000e+01 -1.602951e+00 6.828743e+00
      vertex   -3.500000e+01 -1.829461e+00 6.632471e+00
    endloop
  endfacet
  facet normal 0.000000e+00 7.367411e-01 -6.761749e-01
    outer loop
      vertex   -3.900000e+01 -1.829461e+00 6.632471e+00
      vertex   -3.500000e+01 -1.829461e+00 6.632471e+00
      vertex   -3.900000e+01 -2.032122e+00 6.411658e+00
    endloop
  endfacet
  facet normal 1.366926e-16 7.367411e-01 -6.761749e-01
    outer loop
      vertex   -3.900000e+01 -2.032122e+00 6.411658e+00
      vertex   -3.500000e+01 -1.829461e+00 6.632471e+00
      vertex   -3.500000e+01 -2.032122e+00 6.411658e+00
    endloop
  endfacet
  facet normal 8.139123e-17 8.090170e-01 -5.877853e-01
    outer loop
      vertex   -3.900000e+01 -2.032122e+00 6.411658e+00
      vertex   -3.500000e+01 -2.032122e+00 6.411658e+00
      vertex   -3.900000e+01 -2.208291e+00 6.169182e+00
    endloop
  endfacet
  facet normal -1.796379e-16 8.090170e-01 -5.877853e-01
    outer loop
      vertex   -3.900000e+01 -2.208291e+00 6.169182e+00
      vertex   -3.500000e+01 -2.032122e+00 6.411658e+00
      vertex   -3.500000e+01 -2.208291e+00 6.169182e+00
    endloop
  endfacet
  facet normal -1.933445e-16 8.707461e-01 -4.917329e-01
    outer loop
      vertex   -3.900000e+01 -2.208291e+00 6.169182e+00
      vertex   -3.500000e+01 -2.208291e+00 6.169182e+00
      vertex   -3.900000e+01 -2.355671e+00 5.908205e+00
    endloop
  endfacet
  facet normal 0.000000e+00 8.707461e-01 -4.917329e-01
    outer loop
      vertex   -3.900000e+01 -2.355671e+00 5.908205e+00
      vertex   -3.500000e+01 -2.208291e+00 6.169182e+00
      vertex   -3.500000e+01 -2.355671e+00 5.908205e+00
    endloop
  endfacet
  facet normal 0.000000e+00 9.211237e-01 -3.892701e-01
    outer loop
      vertex   -3.900000e+01 -2.355671e+00 5.908205e+00
      vertex   -3.500000e+01 -2.355671e+00 5.908205e+00
      vertex   -3.900000e+01 -2.472341e+00 5.632130e+00
    endloop
  endfacet
  facet normal 0.000000e+00 9.211237e-01 -3.892701e-01
    outer loop
      vertex   -3.900000e+01 -2.472341e+00 5.632130e+00
      vertex   -3.500000e+01 -2.355671e+00 5.908205e+00
      vertex   -3.500000e+01 -2.472341e+00 5.632130e+00
    endloop
  endfacet
  facet normal 0.000000e+00 9.594930e-01 -2.817326e-01
    outer loop
      vertex   -3.900000e+01 -2.472341e+00 5.632130e+00
      vertex   -3.500000e+01 -2.472341e+00 5.632130e+00
      vertex   -3.900000e+01 -2.556781e+00 5.344554e+00
    endloop
  endfacet
  facet normal 6.255719e-17 9.594930e-01 -2.817326e-01
    outer loop
      vertex   -3.900000e+01 -2.556781e+00 5.344554e+00
      vertex   -3.500000e+01 -2.472341e+00 5.632130e+00
      vertex   -3.500000e+01 -2.556781e+00 5.344554e+00
    endloop
  endfacet
  facet normal 3.786353e-17 9.853538e-01 -1.705222e-01
    outer loop
      vertex   -3.900000e+01 -2.556781e+00 5.344554e+00
      vertex   -3.500000e+01 -2.556781e+00 5.344554e+00
      vertex   -3.900000e+01 -2.607890e+00 5.049227e+00
    endloop
  endfacet
  facet normal -7.153272e-17 9.853538e-01 -1.705222e-01
    outer loop
      vertex   -3.900000e+01 -2.607890e+00 5.049227e+00
      vertex   -3.500000e+01 -2.556781e+00 5.344554e+00
      vertex   -3.500000e+01 -2.607890e+00 5.049227e+00
    endloop
  endfacet
  facet normal 9.816497e-17 9.983691e-01 5.708881e-02
    outer loop
      vertex   -3.100000e+01 -2.607890e+00 4.450773e+00
      vertex   -3.500000e+01 -2.607890e+00 4.450773e+00
      vertex   -3.100000e+01 -2.625000e+00 4.750000e+00
    endloop
  endfacet
  facet normal 0.000000e+00 9.983691e-01 5.708881e-02
    outer loop
      vertex   -3.100000e+01 -2.625000e+00 4.750000e+00
      vertex   -3.500000e+01 -2.607890e+00 4.450773e+00
      vertex   -3.500000e+01 -2.625000e+00 4.750000e+00
    endloop
  endfacet
  facet normal 0.000000e+00 9.983691e-01 -5.708881e-02
    outer loop
      vertex   -3.100000e+01 -2.625000e+00 4.750000e+00
      vertex   -3.500000e+01 -2.625000e+00 4.750000e+00
      vertex   -3.100000e+01 -2.607890e+00 5.049227e+00
    endloop
  endfacet
  facet normal 0.000000e+00 9.983691e-01 -5.708881e-02
    outer loop
      vertex   -3.100000e+01 -2.607890e+00 5.049227e+00
      vertex   -3.500000e+01 -2.625000e+00 4.750000e+00
      vertex   -3.500000e+01 -2.607890e+00 5.049227e+00
    endloop
  endfacet
  facet normal 0.000000e+00 9.853538e-01 -1.705222e-01
    outer loop
      vertex   -3.100000e+01 -2.607890e+00 5.049227e+00
      vertex   -3.500000e+01 -2.607890e+00 5.049227e+00
      vertex   -3.100000e+01 -2.556781e+00 5.344554e+00
    endloop
  endfacet
  facet normal 0.000000e+00 9.853538e-01 -1.705222e-01
    outer loop
      vertex   -3.100000e+01 -2.556781e+00 5.344554e+00
      vertex   -3.500000e+01 -2.607890e+00 5.049227e+00
      vertex   -3.500000e+01 -2.556781e+00 5.344554e+00
    endloop
  endfacet
  facet normal 0.000000e+00 9.594930e-01 -2.817326e-01
    outer loop
      vertex   -3.100000e+01 -2.556781e+00 5.344554e+00
      vertex   -3.500000e+01 -2.556781e+00 5.344554e+00
      vertex   -3.100000e+01 -2.472341e+00 5.632130e+00
    endloop
  endfacet
  facet normal 0.000000e+00 9.594930e-01 -2.817326e-01
    outer loop
      vertex   -3.100000e+01 -2.472341e+00 5.632130e+00
      vertex   -3.500000e+01 -2.556781e+00 5.344554e+00
      vertex   -3.500000e+01 -2.472341e+00 5.632130e+00
    endloop
  endfacet
  facet normal 0.000000e+00 9.211237e-01 -3.892701e-01
    outer loop
      vertex   -3.100000e+01 -2.472341e+00 5.632130e+00
      vertex   -3.500000e+01 -2.472341e+00 5.632130e+00
      vertex   -3.100000e+01 -2.355671e+00 5.908205e+00
    endloop
  endfacet
  facet normal 0.000000e+00 9.211237e-01 -3.892701e-01
    outer loop
      vertex   -3.100000e+01 -2.355671e+00 5.908205e+00
      vertex   -3.500000e+01 -2.472341e+00 5.632130e+00
      vertex   -3.500000e+01 -2.355671e+00 5.908205e+00
    endloop
  endfacet
  facet normal 0.000000e+00 8.707461e-01 -4.917329e-01
    outer loop
      vertex   -3.100000e+01 -2.355671e+00 5.908205e+00
      vertex   -3.500000e+01 -2.355671e+00 5.908205e+00
      vertex   -3.100000e+01 -2.208291e+00 6.169182e+00
    endloop
  endfacet
  facet normal 0.000000e+00 8.707461e-01 -4.917329e-01
    outer loop
      vertex   -3.100000e+01 -2.208291e+00 6.169182e+00
      vertex   -3.500000e+01 -2.355671e+00 5.908205e+00
      vertex   -3.500000e+01 -2.208291e+00 6.169182e+00
    endloop
  endfacet
  facet normal 0.000000e+00 8.090170e-01 -5.877853e-01
    outer loop
      vertex   -3.100000e+01 -2.208291e+00 6.169182e+00
      vertex   -3.500000e+01 -2.208291e+00 6.169182e+00
      vertex   -3.100000e+01 -2.032122e+00 6.411658e+00
    endloop
  endfacet
  facet normal 0.000000e+00 8.090170e-01 -5.877853e-01
    outer loop
      vertex   -3.100000e+01 -2.032122e+00 6.411658e+00
      vertex   -3.500000e+01 -2.208291e+00 6.169182e+00
      vertex   -3.500000e+01 -2.032122e+00 6.411658e+00
    endloop
  endfacet
  facet normal 0.000000e+00 7.367411e-01 -6.761749e-01
    outer loop
      vertex   -3.100000e+01 -2.032122e+00 6.411658e+00
      vertex   -3.500000e+01 -2.032122e+00 6.411658e+00
      vertex   -3.100000e+01 -1.829461e+00 6.632471e+00
    endloop
  endfacet
  facet normal 0.000000e+00 7.367411e-01 -6.761749e-01
    outer loop
      vertex   -3.100000e+01 -1.829461e+00 6.632471e+00
      vertex   -3.500000e+01 -2.032122e+00 6.411658e+00
      vertex   -3.500000e+01 -1.829461e+00 6.632471e+00
    endloop
  endfacet
  facet normal 0.000000e+00 6.548607e-01 -7.557496e-01
    outer loop
      vertex   -3.100000e+01 -1.829461e+00 6.632471e+00
      vertex   -3.500000e+01 -1.829461e+00 6.632471e+00
      vertex   -3.100000e+01 -1.602951e+00 6.828743e+00
    endloop
  endfacet
  facet normal 2.240182e-17 6.548607e-01 -7.557496e-01
    outer loop
      vertex   -3.100000e+01 -1.602951e+00 6.828743e+00
      vertex   -3.500000e+01 -1.829461e+00 6.632471e+00
      vertex   -3.500000e+01 -1.602951e+00 6.828743e+00
    endloop
  endfacet
  facet normal 5.796001e-17 5.644432e-01 -8.254719e-01
    outer loop
      vertex   -3.100000e+01 -1.602951e+00 6.828743e+00
      vertex   -3.500000e+01 -1.602951e+00 6.828743e+00
      vertex   -3.100000e+01 -1.355543e+00 6.997916e+00
    endloop
  endfacet
  facet normal 0.000000e+00 5.644432e-01 -8.254719e-01
    outer loop
      vertex   -3.100000e+01 -1.355543e+00 6.997916e+00
      vertex   -3.500000e+01 -1.602951e+00 6.828743e+00
      vertex   -3.500000e+01 -1.355543e+00 6.997916e+00
    endloop
  endfacet
  facet normal 0.000000e+00 4.666673e-01 -8.844329e-01
    outer loop
      vertex   -3.100000e+01 -1.355543e+00 6.997916e+00
      vertex   -3.500000e+01 -1.355543e+00 6.997916e+00
      vertex   -3.100000e+01 -1.090464e+00 7.137784e+00
    endloop
  endfacet
  facet normal 0.000000e+00 4.666673e-01 -8.844329e-01
    outer loop
      vertex   -3.100000e+01 -1.090464e+00 7.137784e+00
      vertex   -3.500000e+01 -1.355543e+00 6.997916e+00
      vertex   -3.500000e+01 -1.090464e+00 7.137784e+00
    endloop
  endfacet
  facet normal 0.000000e+00 3.628077e-01 -9.318640e-01
    outer loop
      vertex   -3.100000e+01 -1.090464e+00 7.137784e+00
      vertex   -3.500000e+01 -1.090464e+00 7.137784e+00
      vertex   -3.100000e+01 -8.111696e-01 7.246523e+00
    endloop
  endfacet
  facet normal 0.000000e+00 3.628077e-01 -9.318640e-01
    outer loop
      vertex   -3.100000e+01 -8.111696e-01 7.246523e+00
      vertex   -3.500000e+01 -1.090464e+00 7.137784e+00
      vertex   -3.500000e+01 -8.111696e-01 7.246523e+00
    endloop
  endfacet
  facet normal 0.000000e+00 2.542183e-01 -9.671469e-01
    outer loop
      vertex   -3.100000e+01 -8.111696e-01 7.246523e+00
      vertex   -3.500000e+01 -8.111696e-01 7.246523e+00
      vertex   -3.100000e+01 -5.213000e-01 7.322717e+00
    endloop
  endfacet
  facet normal -7.055976e-17 2.542183e-01 -9.671469e-01
    outer loop
      vertex   -3.100000e+01 -5.213000e-01 7.322717e+00
      vertex   -3.500000e+01 -8.111696e-01 7.246523e+00
      vertex   -3.500000e+01 -5.213000e-01 7.322717e+00
    endloop
  endfacet
  facet normal -3.950030e-17 1.423148e-01 -9.898214e-01
    outer loop
      vertex   -3.100000e+01 -5.213000e-01 7.322717e+00
      vertex   -3.500000e+01 -5.213000e-01 7.322717e+00
      vertex   -3.100000e+01 -2.246344e-01 7.365371e+00
    endloop
  endfacet
  facet normal -2.073766e-17 1.423148e-01 -9.898214e-01
    outer loop
      vertex   -3.100000e+01 -2.246344e-01 7.365371e+00
      vertex   -3.500000e+01 -5.213000e-01 7.322717e+00
      vertex   -3.500000e+01 -2.246344e-01 7.365371e+00
    endloop
  endfacet
  facet normal -4.161096e-18 2.855605e-02 -9.995922e-01
    outer loop
      vertex   -3.100000e+01 -2.246344e-01 7.365371e+00
      vertex   -3.500000e+01 -2.246344e-01 7.365371e+00
      vertex   -3.100000e+01 7.495963e-02 7.373930e+00
    endloop
  endfacet
  facet normal 0.000000e+00 2.855605e-02 -9.995922e-01
    outer loop
      vertex   -3.100000e+01 7.495963e-02 7.373930e+00
      vertex   -3.500000e+01 -2.246344e-01 7.365371e+00
      vertex   -3.500000e+01 7.495963e-02 7.373930e+00
    endloop
  endfacet
  facet normal -0.000000e+00 -8.557501e-02 -9.963317e-01
    outer loop
      vertex   -3.100000e+01 7.495963e-02 7.373930e+00
      vertex   -3.500000e+01 7.495963e-02 7.373930e+00
      vertex   -3.100000e+01 3.735765e-01 7.348281e+00
    endloop
  endfacet
  facet normal -0.000000e+00 -8.557501e-02 -9.963317e-01
    outer loop
      vertex   -3.100000e+01 3.735765e-01 7.348281e+00
      vertex   -3.500000e+01 7.495963e-02 7.373930e+00
      vertex   -3.500000e+01 3.735765e-01 7.348281e+00
    endloop
  endfacet
  facet normal -0.000000e+00 -1.985905e-01 -9.800826e-01
    outer loop
      vertex   -3.100000e+01 3.735765e-01 7.348281e+00
      vertex   -3.500000e+01 3.735765e-01 7.348281e+00
      vertex   -3.100000e+01 6.673231e-01 7.288760e+00
    endloop
  endfacet
  facet normal 5.511993e-17 -1.985905e-01 -9.800826e-01
    outer loop
      vertex   -3.100000e+01 6.673231e-01 7.288760e+00
      vertex   -3.500000e+01 3.735765e-01 7.348281e+00
      vertex   -3.500000e+01 6.673231e-01 7.288760e+00
    endloop
  endfacet
  facet normal 8.576945e-17 -3.090170e-01 -9.510565e-01
    outer loop
      vertex   -3.100000e+01 6.673231e-01 7.288760e+00
      vertex   -3.500000e+01 6.673231e-01 7.288760e+00
      vertex   -3.100000e+01 9.523702e-01 7.196143e+00
    endloop
  endfacet
  facet normal 3.430778e-17 -3.090170e-01 -9.510565e-01
    outer loop
      vertex   -3.100000e+01 9.523702e-01 7.196143e+00
      vertex   -3.500000e+01 6.673231e-01 7.288760e+00
      vertex   -3.500000e+01 9.523702e-01 7.196143e+00
    endloop
  endfacet
  facet normal 4.612033e-17 -4.154150e-01 -9.096320e-01
    outer loop
      vertex   -3.100000e+01 9.523702e-01 7.196143e+00
      vertex   -3.500000e+01 9.523702e-01 7.196143e+00
      vertex   -3.100000e+01 1.225002e+00 7.071636e+00
    endloop
  endfacet
  facet normal -0.000000e+00 -4.154150e-01 -9.096320e-01
    outer loop
      vertex   -3.100000e+01 1.225002e+00 7.071636e+00
      vertex   -3.500000e+01 9.523702e-01 7.196143e+00
      vertex   -3.500000e+01 1.225002e+00 7.071636e+00
    endloop
  endfacet
  facet normal -0.000000e+00 -5.163975e-01 -8.563490e-01
    outer loop
      vertex   -3.100000e+01 1.225002e+00 7.071636e+00
      vertex   -3.500000e+01 1.225002e+00 7.071636e+00
      vertex   -3.100000e+01 1.481663e+00 6.916864e+00
    endloop
  endfacet
  facet normal -2.866582e-17 -5.163975e-01 -8.563490e-01
    outer loop
      vertex   -3.100000e+01 1.481663e+00 6.916864e+00
      vertex   -3.500000e+01 1.225002e+00 7.071636e+00
      vertex   -3.500000e+01 1.481663e+00 6.916864e+00
    endloop
  endfacet
  facet normal -3.389777e-17 -6.106479e-01 -7.919022e-01
    outer loop
      vertex   -3.100000e+01 1.481663e+00 6.916864e+00
      vertex   -3.500000e+01 1.481663e+00 6.916864e+00
      vertex   -3.100000e+01 1.719009e+00 6.733843e+00
    endloop
  endfacet
  facet normal -0.000000e+00 -6.106479e-01 -7.919022e-01
    outer loop
      vertex   -3.100000e+01 1.719009e+00 6.733843e+00
      vertex   -3.500000e+01 1.481663e+00 6.916864e+00
      vertex   -3.500000e+01 1.719009e+00 6.733843e+00
    endloop
  endfacet
  facet normal -0.000000e+00 -6.969376e-01 -7.171318e-01
    outer loop
      vertex   -3.100000e+01 1.719009e+00 6.733843e+00
      vertex   -3.500000e+01 1.719009e+00 6.733843e+00
      vertex   -3.100000e+01 1.933945e+00 6.524959e+00
    endloop
  endfacet
  facet normal 3.868781e-17 -6.969376e-01 -7.171318e-01
    outer loop
      vertex   -3.100000e+01 1.933945e+00 6.524959e+00
      vertex   -3.500000e+01 1.719009e+00 6.733843e+00
      vertex   -3.500000e+01 1.933945e+00 6.524959e+00
    endloop
  endfacet
  facet normal 4.297349e-17 -7.741416e-01 -6.330125e-01
    outer loop
      vertex   -3.100000e+01 1.933945e+00 6.524959e+00
      vertex   -3.500000e+01 1.933945e+00 6.524959e+00
      vertex   -3.100000e+01 2.123670e+00 6.292936e+00
    endloop
  endfacet
  facet normal -0.000000e+00 -7.741416e-01 -6.330125e-01
    outer loop
      vertex   -3.100000e+01 2.123670e+00 6.292936e+00
      vertex   -3.500000e+01 1.933945e+00 6.524959e+00
      vertex   -3.500000e+01 2.123670e+00 6.292936e+00
    endloop
  endfacet
  facet normal -0.000000e+00 -8.412535e-01 -5.406408e-01
    outer loop
      vertex   -3.100000e+01 2.123670e+00 6.292936e+00
      vertex   -3.500000e+01 2.123670e+00 6.292936e+00
      vertex   -3.100000e+01 2.285708e+00 6.040799e+00
    endloop
  endfacet
  facet normal -1.200464e-16 -8.412535e-01 -5.406408e-01
    outer loop
      vertex   -3.100000e+01 2.285708e+00 6.040799e+00
      vertex   -3.500000e+01 2.123670e+00 6.292936e+00
      vertex   -3.500000e+01 2.285708e+00 6.040799e+00
    endloop
  endfacet
  facet normal -9.797077e-17 -8.973984e-01 -4.412211e-01
    outer loop
      vertex   -3.100000e+01 2.285708e+00 6.040799e+00
      vertex   -3.500000e+01 2.285708e+00 6.040799e+00
      vertex   -3.100000e+01 2.417950e+00 5.771834e+00
    endloop
  endfacet
  facet normal 9.963124e-17 -8.973984e-01 -4.412211e-01
    outer loop
      vertex   -3.100000e+01 2.417950e+00 5.771834e+00
      vertex   -3.500000e+01 2.285708e+00 6.040799e+00
      vertex   -3.500000e+01 2.417950e+00 5.771834e+00
    endloop
  endfacet
  facet normal 1.045657e-16 -9.418444e-01 -3.360494e-01
    outer loop
      vertex   -3.100000e+01 2.417950e+00 5.771834e+00
      vertex   -3.500000e+01 2.417950e+00 5.771834e+00
      vertex   -3.100000e+01 2.518669e+00 5.489548e+00
    endloop
  endfacet
  facet normal -0.000000e+00 -9.418444e-01 -3.360494e-01
    outer loop
      vertex   -3.100000e+01 2.518669e+00 5.489548e+00
      vertex   -3.500000e+01 2.417950e+00 5.771834e+00
      vertex   -3.500000e+01 2.518669e+00 5.489548e+00
    endloop
  endfacet
  facet normal -0.000000e+00 -9.740119e-01 -2.264968e-01
    outer loop
      vertex   -3.100000e+01 2.518669e+00 5.489548e+00
      vertex   -3.500000e+01 2.518669e+00 5.489548e+00
      vertex   -3.100000e+01 2.586554e+00 5.197621e+00
    endloop
  endfacet
  facet normal 5.784466e-17 -9.740119e-01 -2.264968e-01
    outer loop
      vertex   -3.100000e+01 2.586554e+00 5.197621e+00
      vertex   -3.500000e+01 2.518669e+00 5.489548e+00
      vertex   -3.500000e+01 2.586554e+00 5.197621e+00
    endloop
  endfacet
  facet normal 8.498745e-17 -9.934817e-01 -1.139914e-01
    outer loop
      vertex   -3.100000e+01 2.586554e+00 5.197621e+00
      vertex   -3.500000e+01 2.586554e+00 5.197621e+00
      vertex   -3.100000e+01 2.620719e+00 4.899858e+00
    endloop
  endfacet
  facet normal -0.000000e+00 -9.934817e-01 -1.139914e-01
    outer loop
      vertex   -3.100000e+01 2.620719e+00 4.899858e+00
      vertex   -3.500000e+01 2.586554e+00 5.197621e+00
      vertex   -3.500000e+01 2.620719e+00 4.899858e+00
    endloop
  endfacet
  facet normal -0.000000e+00 -1.000000e+00 -0.000000e+00
    outer loop
      vertex   -3.100000e+01 2.620719e+00 4.899858e+00
      vertex   -3.500000e+01 2.620719e+00 4.899858e+00
      vertex   -3.100000e+01 2.620719e+00 4.600142e+00
    endloop
  endfacet
  facet normal 0.000000e+00 -1.000000e+00 0.000000e+00
    outer loop
      vertex   -3.100000e+01 2.620719e+00 4.600142e+00
      vertex   -3.500000e+01 2.620719e+00 4.899858e+00
      vertex   -3.500000e+01 2.620719e+00 4.600142e+00
    endloop
  endfacet
  facet normal 0.000000e+00 -9.934817e-01 1.139914e-01
    outer loop
      vertex   -3.100000e+01 2.620719e+00 4.600142e+00
      vertex   -3.500000e+01 2.620719e+00 4.600142e+00
      vertex   -3.100000e+01 2.586554e+00 4.302379e+00
    endloop
  endfacet
  facet normal 2.531118e-17 -9.934817e-01 1.139914e-01
    outer loop
      vertex   -3.100000e+01 2.586554e+00 4.302379e+00
      vertex   -3.500000e+01 2.620719e+00 4.600142e+00
      vertex   -3.500000e+01 2.586554e+00 4.302379e+00
    endloop
  endfacet
  facet normal 5.029239e-17 -9.740119e-01 2.264968e-01
    outer loop
      vertex   -3.100000e+01 2.586554e+00 4.302379e+00
      vertex   -3.500000e+01 2.586554e+00 4.302379e+00
      vertex   -3.100000e+01 2.518669e+00 4.010452e+00
    endloop
  endfacet
  facet normal 5.029239e-17 -9.740119e-01 2.264968e-01
    outer loop
      vertex   -3.100000e+01 2.518669e+00 4.010452e+00
      vertex   -3.500000e+01 2.586554e+00 4.302379e+00
      vertex   -3.500000e+01 2.518669e+00 4.010452e+00
    endloop
  endfacet
  facet normal 7.461795e-17 -9.418444e-01 3.360494e-01
    outer loop
      vertex   -3.100000e+01 2.518669e+00 4.010452e+00
      vertex   -3.500000e+01 2.518669e+00 4.010452e+00
      vertex   -3.100000e+01 2.417950e+00 3.728166e+00
    endloop
  endfacet
  facet normal -2.994778e-17 -9.418444e-01 3.360494e-01
    outer loop
      vertex   -3.100000e+01 2.417950e+00 3.728166e+00
      vertex   -3.500000e+01 2.518669e+00 4.010452e+00
      vertex   -3.500000e+01 2.417950e+00 3.728166e+00
    endloop
  endfacet
  facet normal -1.660475e-18 -8.973984e-01 4.412211e-01
    outer loop
      vertex   -3.100000e+01 2.417950e+00 3.728166e+00
      vertex   -3.500000e+01 2.417950e+00 3.728166e+00
      vertex   -3.100000e+01 2.285708e+00 3.459201e+00
    endloop
  endfacet
  facet normal 0.000000e+00 -8.973984e-01 4.412211e-01
    outer loop
      vertex   -3.100000e+01 2.285708e+00 3.459201e+00
      vertex   -3.500000e+01 2.417950e+00 3.728166e+00
      vertex   -3.500000e+01 2.285708e+00 3.459201e+00
    endloop
  endfacet
  facet normal 0.000000e+00 -8.412535e-01 5.406408e-01
    outer loop
      vertex   -3.100000e+01 2.285708e+00 3.459201e+00
      vertex   -3.500000e+01 2.285708e+00 3.459201e+00
      vertex   -3.100000e+01 2.123670e+00 3.207064e+00
    endloop
  endfacet
  facet normal 0.000000e+00 -8.412535e-01 5.406408e-01
    outer loop
      vertex   -3.100000e+01 2.123670e+00 3.207064e+00
      vertex   -3.500000e+01 2.285708e+00 3.459201e+00
      vertex   -3.500000e+01 2.123670e+00 3.207064e+00
    endloop
  endfacet
  facet normal 0.000000e+00 -7.741416e-01 6.330125e-01
    outer loop
      vertex   -3.100000e+01 2.123670e+00 3.207064e+00
      vertex   -3.500000e+01 2.123670e+00 3.207064e+00
      vertex   -3.100000e+01 1.933945e+00 2.975041e+00
    endloop
  endfacet
  facet normal -1.566848e-17 -7.741416e-01 6.330125e-01
    outer loop
      vertex   -3.100000e+01 1.933945e+00 2.975041e+00
      vertex   -3.500000e+01 2.123670e+00 3.207064e+00
      vertex   -3.500000e+01 1.933945e+00 2.975041e+00
    endloop
  endfacet
  facet normal 2.242011e-18 -6.969376e-01 7.171318e-01
    outer loop
      vertex   -3.100000e+01 1.933945e+00 2.975041e+00
      vertex   -3.500000e+01 1.933945e+00 2.975041e+00
      vertex   -3.100000e+01 1.719009e+00 2.766157e+00
    endloop
  endfacet
  facet normal 0.000000e+00 -6.969376e-01 7.171318e-01
    outer loop
      vertex   -3.100000e+01 1.719009e+00 2.766157e+00
      vertex   -3.500000e+01 1.933945e+00 2.975041e+00
      vertex   -3.500000e+01 1.719009e+00 2.766157e+00
    endloop
  endfacet
  facet normal 0.000000e+00 -6.106479e-01 7.919022e-01
    outer loop
      vertex   -3.100000e+01 1.719009e+00 2.766157e+00
      vertex   -3.500000e+01 1.719009e+00 2.766157e+00
      vertex   -3.100000e+01 1.481663e+00 2.583136e+00
    endloop
  endfacet
  facet normal 0.000000e+00 -6.106479e-01 7.919022e-01
    outer loop
      vertex   -3.100000e+01 1.481663e+00 2.583136e+00
      vertex   -3.500000e+01 1.719009e+00 2.766157e+00
      vertex   -3.500000e+01 1.481663e+00 2.583136e+00
    endloop
  endfacet
  facet normal 0.000000e+00 -5.163975e-01 8.563490e-01
    outer loop
      vertex   -3.100000e+01 1.481663e+00 2.583136e+00
      vertex   -3.500000e+01 1.481663e+00 2.583136e+00
      vertex   -3.100000e+01 1.225002e+00 2.428364e+00
    endloop
  endfacet
  facet normal 0.000000e+00 -5.163975e-01 8.563490e-01
    outer loop
      vertex   -3.100000e+01 1.225002e+00 2.428364e+00
      vertex   -3.500000e+01 1.481663e+00 2.583136e+00
      vertex   -3.500000e+01 1.225002e+00 2.428364e+00
    endloop
  endfacet
  facet normal 0.000000e+00 -4.154150e-01 9.096320e-01
    outer loop
      vertex   -3.100000e+01 1.225002e+00 2.428364e+00
      vertex   -3.500000e+01 1.225002e+00 2.428364e+00
      vertex   -3.100000e+01 9.523702e-01 2.303857e+00
    endloop
  endfacet
  facet normal -5.765041e-17 -4.154150e-01 9.096320e-01
    outer loop
      vertex   -3.100000e+01 9.523702e-01 2.303857e+00
      vertex   -3.500000e+01 1.225002e+00 2.428364e+00
      vertex   -3.500000e+01 9.523702e-01 2.303857e+00
    endloop
  endfacet
  facet normal -4.288472e-17 -3.090170e-01 9.510565e-01
    outer loop
      vertex   -3.100000e+01 9.523702e-01 2.303857e+00
      vertex   -3.500000e+01 9.523702e-01 2.303857e+00
      vertex   -3.100000e+01 6.673231e-01 2.211240e+00
    endloop
  endfacet
  facet normal 1.597153e-16 -3.090170e-01 9.510565e-01
    outer loop
      vertex   -3.100000e+01 6.673231e-01 2.211240e+00
      vertex   -3.500000e+01 9.523702e-01 2.303857e+00
      vertex   -3.500000e+01 6.673231e-01 2.211240e+00
    endloop
  endfacet
  facet normal 1.845501e-16 -1.985905e-01 9.800826e-01
    outer loop
      vertex   -3.100000e+01 6.673231e-01 2.211240e+00
      vertex   -3.500000e+01 6.673231e-01 2.211240e+00
      vertex   -3.100000e+01 3.735765e-01 2.151719e+00
    endloop
  endfacet
  facet normal 0.000000e+00 -1.985905e-01 9.800826e-01
    outer loop
      vertex   -3.100000e+01 3.735765e-01 2.151719e+00
      vertex   -3.500000e+01 6.673231e-01 2.211240e+00
      vertex   -3.500000e+01 3.735765e-01 2.151719e+00
    endloop
  endfacet
  facet normal 0.000000e+00 -8.557501e-02 9.963317e-01
    outer loop
      vertex   -3.100000e+01 3.735765e-01 2.151719e+00
      vertex   -3.500000e+01 3.735765e-01 2.151719e+00
      vertex   -3.100000e+01 7.495963e-02 2.126070e+00
    endloop
  endfacet
  facet normal -1.246971e-17 -8.557501e-02 9.963317e-01
    outer loop
      vertex   -3.100000e+01 7.495963e-02 2.126070e+00
      vertex   -3.500000e+01 3.735765e-01 2.151719e+00
      vertex   -3.500000e+01 7.495963e-02 2.126070e+00
    endloop
  endfacet
  facet normal 4.161096e-18 2.855605e-02 9.995922e-01
    outer loop
      vertex   -3.100000e+01 7.495963e-02 2.126070e+00
      vertex   -3.500000e+01 7.495963e-02 2.126070e+00
      vertex   -3.100000e+01 -2.246344e-01 2.134629e+00
    endloop
  endfacet
  facet normal 4.161096e-18 2.855605e-02 9.995922e-01
    outer loop
      vertex   -3.100000e+01 -2.246344e-01 2.134629e+00
      vertex   -3.500000e+01 7.495963e-02 2.126070e+00
      vertex   -3.500000e+01 -2.246344e-01 2.134629e+00
    endloop
  endfacet
  facet normal 2.073766e-17 1.423148e-01 9.898214e-01
    outer loop
      vertex   -3.100000e+01 -2.246344e-01 2.134629e+00
      vertex   -3.500000e+01 -2.246344e-01 2.134629e+00
      vertex   -3.100000e+01 -5.213000e-01 2.177283e+00
    endloop
  endfacet
  facet normal 1.975015e-17 1.423148e-01 9.898214e-01
    outer loop
      vertex   -3.100000e+01 -5.213000e-01 2.177283e+00
      vertex   -3.500000e+01 -2.246344e-01 2.134629e+00
      vertex   -3.500000e+01 -5.213000e-01 2.177283e+00
    endloop
  endfacet
  facet normal 3.527988e-17 2.542183e-01 9.671469e-01
    outer loop
      vertex   -3.100000e+01 -5.213000e-01 2.177283e+00
      vertex   -3.500000e+01 -5.213000e-01 2.177283e+00
      vertex   -3.100000e+01 -8.111696e-01 2.253477e+00
    endloop
  endfacet
  facet normal 0.000000e+00 2.542183e-01 9.671469e-01
    outer loop
      vertex   -3.100000e+01 -8.111696e-01 2.253477e+00
      vertex   -3.500000e+01 -5.213000e-01 2.177283e+00
      vertex   -3.500000e+01 -8.111696e-01 2.253477e+00
    endloop
  endfacet
  facet normal 0.000000e+00 3.628077e-01 9.318640e-01
    outer loop
      vertex   -3.100000e+01 -8.111696e-01 2.253477e+00
      vertex   -3.500000e+01 -8.111696e-01 2.253477e+00
      vertex   -3.100000e+01 -1.090464e+00 2.362216e+00
    endloop
  endfacet
  facet normal 4.027975e-17 3.628077e-01 9.318640e-01
    outer loop
      vertex   -3.100000e+01 -1.090464e+00 2.362216e+00
      vertex   -3.500000e+01 -8.111696e-01 2.253477e+00
      vertex   -3.500000e+01 -1.090464e+00 2.362216e+00
    endloop
  endfacet
  facet normal 5.181048e-17 4.666673e-01 8.844329e-01
    outer loop
      vertex   -3.100000e+01 -1.090464e+00 2.362216e+00
      vertex   -3.500000e+01 -1.090464e+00 2.362216e+00
      vertex   -3.100000e+01 -1.355543e+00 2.502084e+00
    endloop
  endfacet
  facet normal -1.186678e-16 4.666673e-01 8.844329e-01
    outer loop
      vertex   -3.100000e+01 -1.355543e+00 2.502084e+00
      vertex   -3.500000e+01 -1.090464e+00 2.362216e+00
      vertex   -3.500000e+01 -1.355543e+00 2.502084e+00
    endloop
  endfacet
  facet normal -8.929290e-17 5.644432e-01 8.254719e-01
    outer loop
      vertex   -3.100000e+01 -1.355543e+00 2.502084e+00
      vertex   -3.500000e+01 -1.355543e+00 2.502084e+00
      vertex   -3.100000e+01 -1.602951e+00 2.671257e+00
    endloop
  endfacet
  facet normal 6.501867e-17 5.644432e-01 8.254719e-01
    outer loop
      vertex   -3.100000e+01 -1.602951e+00 2.671257e+00
      vertex   -3.500000e+01 -1.355543e+00 2.502084e+00
      vertex   -3.500000e+01 -1.602951e+00 2.671257e+00
    endloop
  endfacet
  facet normal 9.785531e-17 6.548607e-01 7.557496e-01
    outer loop
      vertex   -3.100000e+01 -1.602951e+00 2.671257e+00
      vertex   -3.500000e+01 -1.602951e+00 2.671257e+00
      vertex   -3.100000e+01 -1.829461e+00 2.867529e+00
    endloop
  endfacet
  facet normal 0.000000e+00 6.548607e-01 7.557496e-01
    outer loop
      vertex   -3.100000e+01 -1.829461e+00 2.867529e+00
      vertex   -3.500000e+01 -1.602951e+00 2.671257e+00
      vertex   -3.500000e+01 -1.829461e+00 2.867529e+00
    endloop
  endfacet
  facet normal 0.000000e+00 7.367411e-01 6.761749e-01
    outer loop
      vertex   -3.100000e+01 -1.829461e+00 2.867529e+00
      vertex   -3.500000e+01 -1.829461e+00 2.867529e+00
      vertex   -3.100000e+01 -2.032122e+00 3.088342e+00
    endloop
  endfacet
  facet normal 1.344841e-17 7.367411e-01 6.761749e-01
    outer loop
      vertex   -3.100000e+01 -2.032122e+00 3.088342e+00
      vertex   -3.500000e+01 -1.829461e+00 2.867529e+00
      vertex   -3.500000e+01 -2.032122e+00 3.088342e+00
    endloop
  endfacet
  facet normal 4.912331e-17 8.090170e-01 5.877853e-01
    outer loop
      vertex   -3.100000e+01 -2.032122e+00 3.088342e+00
      vertex   -3.500000e+01 -2.032122e+00 3.088342e+00
      vertex   -3.100000e+01 -2.208291e+00 3.330818e+00
    endloop
  endfacet
  facet normal 4.912331e-17 8.090170e-01 5.877853e-01
    outer loop
      vertex   -3.100000e+01 -2.208291e+00 3.330818e+00
      vertex   -3.500000e+01 -2.032122e+00 3.088342e+00
      vertex   -3.500000e+01 -2.208291e+00 3.330818e+00
    endloop
  endfacet
  facet normal 8.415783e-17 8.707461e-01 4.917329e-01
    outer loop
      vertex   -3.100000e+01 -2.208291e+00 3.330818e+00
      vertex   -3.500000e+01 -2.208291e+00 3.330818e+00
      vertex   -3.100000e+01 -2.355671e+00 3.591795e+00
    endloop
  endfacet
  facet normal 0.000000e+00 8.707461e-01 4.917329e-01
    outer loop
      vertex   -3.100000e+01 -2.355671e+00 3.591795e+00
      vertex   -3.500000e+01 -2.208291e+00 3.330818e+00
      vertex   -3.500000e+01 -2.355671e+00 3.591795e+00
    endloop
  endfacet
  facet normal 0.000000e+00 9.211237e-01 3.892701e-01
    outer loop
      vertex   -3.100000e+01 -2.355671e+00 3.591795e+00
      vertex   -3.500000e+01 -2.355671e+00 3.591795e+00
      vertex   -3.100000e+01 -2.472341e+00 3.867870e+00
    endloop
  endfacet
  facet normal 0.000000e+00 9.211237e-01 3.892701e-01
    outer loop
      vertex   -3.100000e+01 -2.472341e+00 3.867870e+00
      vertex   -3.500000e+01 -2.355671e+00 3.591795e+00
      vertex   -3.500000e+01 -2.472341e+00 3.867870e+00
    endloop
  endfacet
  facet normal 0.000000e+00 9.594930e-01 2.817326e-01
    outer loop
      vertex   -3.100000e+01 -2.472341e+00 3.867870e+00
      vertex   -3.500000e+01 -2.472341e+00 3.867870e+00
      vertex   -3.100000e+01 -2.556781e+00 4.155446e+00
    endloop
  endfacet
  facet normal -6.255719e-17 9.594930e-01 2.817326e-01
    outer loop
      vertex   -3.100000e+01 -2.556781e+00 4.155446e+00
      vertex   -3.500000e+01 -2.472341e+00 3.867870e+00
      vertex   -3.500000e+01 -2.556781e+00 4.155446e+00
    endloop
  endfacet
  facet normal -3.786353e-17 9.853538e-01 1.705222e-01
    outer loop
      vertex   -3.100000e+01 -2.556781e+00 4.155446e+00
      vertex   -3.500000e+01 -2.556781e+00 4.155446e+00
      vertex   -3.100000e+01 -2.607890e+00 4.450773e+00
    endloop
  endfacet
  facet normal 7.153272e-17 9.853538e-01 1.705222e-01
    outer loop
      vertex   -3.100000e+01 -2.607890e+00 4.450773e+00
      vertex   -3.500000e+01 -2.556781e+00 4.155446e+00
      vertex   -3.500000e+01 -2.607890e+00 4.450773e+00
    endloop
  endfacet
  facet normal 1.000000e+00 -0.000000e+00 0.000000e+00
    outer loop
      vertex   -3.100000e+01 -4.750000e+00 8.500000e+00
      vertex   -3.100000e+01 7.495963e-02 7.373930e+00
      vertex   -3.100000e+01 4.750000e+00 8.500000e+00
    endloop
  endfacet
  facet normal 1.000000e+00 0.000000e+00 0.000000e+00
    outer loop
      vertex   -3.100000e+01 4.750000e+00 8.500000e+00
      vertex   -3.100000e+01 7.495963e-02 7.373930e+00
      vertex   -3.100000e+01 3.735765e-01 7.348281e+00
    endloop
  endfacet
  facet normal 1.000000e+00 0.000000e+00 0.000000e+00
    outer loop
      vertex   -3.100000e+01 4.750000e+00 8.500000e+00
      vertex   -3.100000e+01 3.735765e-01 7.348281e+00
      vertex   -3.100000e+01 6.673231e-01 7.288760e+00
    endloop
  endfacet
  facet normal 1.000000e+00 0.000000e+00 0.000000e+00
    outer loop
      vertex   -3.100000e+01 -4.750000e+00 4.750000e+00
      vertex   -3.100000e+01 -2.355671e+00 5.908205e+00
      vertex   -3.100000e+01 -4.750000e+00 8.500000e+00
    endloop
  endfacet
  facet normal 1.000000e+00 0.000000e+00 0.000000e+00
    outer loop
      vertex   -3.100000e+01 -4.750000e+00 8.500000e+00
      vertex   -3.100000e+01 -2.355671e+00 5.908205e+00
      vertex   -3.100000e+01 -2.208291e+00 6.169182e+00
    endloop
  endfacet
  facet normal 1.000000e+00 0.000000e+00 0.000000e+00
    outer loop
      vertex   -3.100000e+01 -4.750000e+00 8.500000e+00
      vertex   -3.100000e+01 -2.208291e+00 6.169182e+00
      vertex   -3.100000e+01 -2.032122e+00 6.411658e+00
    endloop
  endfacet
  facet normal 1.000000e+00 0.000000e+00 -0.000000e+00
    outer loop
      vertex   -3.100000e+01 -4.732888e+00 4.347172e+00
      vertex   -3.100000e+01 -2.625000e+00 4.750000e+00
      vertex   -3.100000e+01 -4.750000e+00 4.750000e+00
    endloop
  endfacet
  facet normal 1.000000e+00 0.000000e+00 0.000000e+00
    outer loop
      vertex   -3.100000e+01 -4.750000e+00 4.750000e+00
      vertex   -3.100000e+01 -2.625000e+00 4.750000e+00
      vertex   -3.100000e+01 -2.607890e+00 5.049227e+00
    endloop
  endfacet
  facet normal 1.000000e+00 0.000000e+00 0.000000e+00
    outer loop
      vertex   -3.100000e+01 -4.750000e+00 4.750000e+00
      vertex   -3.100000e+01 -2.607890e+00 5.049227e+00
      vertex   -3.100000e+01 -2.556781e+00 5.344554e+00
    endloop
  endfacet
  facet normal 1.000000e+00 0.000000e+00 0.000000e+00
    outer loop
      vertex   -3.100000e+01 -2.625000e+00 4.750000e+00
      vertex   -3.100000e+01 -4.732888e+00 4.347172e+00
      vertex   -3.100000e+01 -2.607890e+00 4.450773e+00
    endloop
  endfacet
  facet normal 1.000000e+00 0.000000e+00 0.000000e+00
    outer loop
      vertex   -3.100000e+01 -2.607890e+00 4.450773e+00
      vertex   -3.100000e+01 -4.732888e+00 4.347172e+00
      vertex   -3.100000e+01 -4.681676e+00 3.947246e+00
    endloop
  endfacet
  facet normal 1.000000e+00 0.000000e+00 0.000000e+00
    outer loop
      vertex   -3.100000e+01 -2.607890e+00 4.450773e+00
      vertex   -3.100000e+01 -4.681676e+00 3.947246e+00
      vertex   -3.100000e+01 -2.556781e+00 4.155446e+00
    endloop
  endfacet
  facet normal 1.000000e+00 0.000000e+00 0.000000e+00
    outer loop
      vertex   -3.100000e+01 -2.556781e+00 4.155446e+00
      vertex   -3.100000e+01 -4.681676e+00 3.947246e+00
      vertex   -3.100000e+01 -4.596731e+00 3.553104e+00
    endloop
  endfacet
  facet normal 1.000000e+00 0.000000e+00 0.000000e+00
    outer loop
      vertex   -3.100000e+01 -2.556781e+00 4.155446e+00
      vertex   -3.100000e+01 -4.596731e+00 3.553104e+00
      vertex   -3.100000e+01 -2.472341e+00 3.867870e+00
    endloop
  endfacet
  facet normal 1.000000e+00 0.000000e+00 0.000000e+00
    outer loop
      vertex   -3.100000e+01 -2.472341e+00 3.867870e+00
      vertex   -3.100000e+01 -4.596731e+00 3.553104e+00
      vertex   -3.100000e+01 -4.478668e+00 3.167586e+00
    endloop
  endfacet
  facet normal 1.000000e+00 0.000000e+00 0.000000e+00
    outer loop
      vertex   -3.100000e+01 -2.472341e+00 3.867870e+00
      vertex   -3.100000e+01 -4.478668e+00 3.167586e+00
      vertex   -3.100000e+01 -2.355671e+00 3.591795e+00
    endloop
  endfacet
  facet normal 1.000000e+00 0.000000e+00 0.000000e+00
    outer loop
      vertex   -3.100000e+01 -2.355671e+00 3.591795e+00
      vertex   -3.100000e+01 -4.478668e+00 3.167586e+00
      vertex   -3.100000e+01 -4.328335e+00 2.793469e+00
    endloop
  endfacet
  facet normal 1.000000e+00 0.000000e+00 0.000000e+00
    outer loop
      vertex   -3.100000e+01 -2.355671e+00 3.591795e+00
      vertex   -3.100000e+01 -4.328335e+00 2.793469e+00
      vertex   -3.100000e+01 -2.208291e+00 3.330818e+00
    endloop
  endfacet
  facet normal 1.000000e+00 0.000000e+00 0.000000e+00
    outer loop
      vertex   -3.100000e+01 -2.208291e+00 3.330818e+00
      vertex   -3.100000e+01 -4.328335e+00 2.793469e+00
      vertex   -3.100000e+01 -4.146817e+00 2.433449e+00
    endloop
  endfacet
  facet normal 1.000000e+00 0.000000e+00 0.000000e+00
    outer loop
      vertex   -3.100000e+01 -2.208291e+00 3.330818e+00
      vertex   -3.100000e+01 -4.146817e+00 2.433449e+00
      vertex   -3.100000e+01 -3.935421e+00 2.090120e+00
    endloop
  endfacet
  facet normal 1.000000e+00 0.000000e+00 0.000000e+00
    outer loop
      vertex   -3.100000e+01 -2.208291e+00 3.330818e+00
      vertex   -3.100000e+01 -3.935421e+00 2.090120e+00
      vertex   -3.100000e+01 -2.032122e+00 3.088342e+00
    endloop
  endfacet
  facet normal 1.000000e+00 0.000000e+00 0.000000e+00
    outer loop
      vertex   -3.100000e+01 -2.032122e+00 3.088342e+00
      vertex   -3.100000e+01 -3.935421e+00 2.090120e+00
      vertex   -3.100000e+01 -3.695670e+00 1.765955e+00
    endloop
  endfacet
  facet normal 1.000000e+00 0.000000e+00 0.000000e+00
    outer loop
      vertex   -3.100000e+01 -2.032122e+00 3.088342e+00
      vertex   -3.100000e+01 -3.695670e+00 1.765955e+00
      vertex   -3.100000e+01 -1.829461e+00 2.867529e+00
    endloop
  endfacet
  facet normal 1.000000e+00 0.000000e+00 0.000000e+00
    outer loop
      vertex   -3.100000e+01 -1.829461e+00 2.867529e+00
      vertex   -3.100000e+01 -3.695670e+00 1.765955e+00
      vertex   -3.100000e+01 -3.429291e+00 1.463290e+00
    endloop
  endfacet
  facet normal 1.000000e+00 0.000000e+00 0.000000e+00
    outer loop
      vertex   -3.100000e+01 -1.829461e+00 2.867529e+00
      vertex   -3.100000e+01 -3.429291e+00 1.463290e+00
      vertex   -3.100000e+01 -1.602951e+00 2.671257e+00
    endloop
  endfacet
  facet normal 1.000000e+00 0.000000e+00 0.000000e+00
    outer loop
      vertex   -3.100000e+01 -1.602951e+00 2.671257e+00
      vertex   -3.100000e+01 -3.429291e+00 1.463290e+00
      vertex   -3.100000e+01 -3.138205e+00 1.184307e+00
    endloop
  endfacet
  facet normal 1.000000e+00 0.000000e+00 0.000000e+00
    outer loop
      vertex   -3.100000e+01 -1.602951e+00 2.671257e+00
      vertex   -3.100000e+01 -3.138205e+00 1.184307e+00
      vertex   -3.100000e+01 -2.824508e+00 9.310136e-01
    endloop
  endfacet
  facet normal 1.000000e+00 0.000000e+00 0.000000e+00
    outer loop
      vertex   -3.100000e+01 -1.602951e+00 2.671257e+00
      vertex   -3.100000e+01 -2.824508e+00 9.310136e-01
      vertex   -3.100000e+01 -1.355543e+00 2.502084e+00
    endloop
  endfacet
  facet normal 1.000000e+00 0.000000e+00 0.000000e+00
    outer loop
      vertex   -3.100000e+01 -1.355543e+00 2.502084e+00
      vertex   -3.100000e+01 -2.824508e+00 9.310136e-01
      vertex   -3.100000e+01 -2.490460e+00 7.052366e-01
    endloop
  endfacet
  facet normal 1.000000e+00 0.000000e+00 0.000000e+00
    outer loop
      vertex   -3.100000e+01 -1.355543e+00 2.502084e+00
      vertex   -3.100000e+01 -2.490460e+00 7.052366e-01
      vertex   -3.100000e+01 -1.090464e+00 2.362216e+00
    endloop
  endfacet
  facet normal 1.000000e+00 0.000000e+00 0.000000e+00
    outer loop
      vertex   -3.100000e+01 -1.090464e+00 2.362216e+00
      vertex   -3.100000e+01 -2.490460e+00 7.052366e-01
      vertex   -3.100000e+01 -2.138468e+00 5.086022e-01
    endloop
  endfacet
  facet normal 1.000000e+00 0.000000e+00 0.000000e+00
    outer loop
      vertex   -3.100000e+01 -1.090464e+00 2.362216e+00
      vertex   -3.100000e+01 -2.138468e+00 5.086022e-01
      vertex   -3.100000e+01 -1.771068e+00 3.425271e-01
    endloop
  endfacet
  facet normal 1.000000e+00 0.000000e+00 0.000000e+00
    outer loop
      vertex   -3.100000e+01 -1.090464e+00 2.362216e+00
      vertex   -3.100000e+01 -1.771068e+00 3.425271e-01
      vertex   -3.100000e+01 -8.111696e-01 2.253477e+00
    endloop
  endfacet
  facet normal 1.000000e+00 0.000000e+00 0.000000e+00
    outer loop
      vertex   -3.100000e+01 -8.111696e-01 2.253477e+00
      vertex   -3.100000e+01 -1.771068e+00 3.425271e-01
      vertex   -3.100000e+01 -1.390908e+00 2.082080e-01
    endloop
  endfacet
  facet normal 1.000000e+00 0.000000e+00 0.000000e+00
    outer loop
      vertex   -3.100000e+01 -8.111696e-01 2.253477e+00
      vertex   -3.100000e+01 -1.390908e+00 2.082080e-01
      vertex   -3.100000e+01 -5.213000e-01 2.177283e+00
    endloop
  endfacet
  facet normal 1.000000e+00 0.000000e+00 0.000000e+00
    outer loop
      vertex   -3.100000e+01 -5.213000e-01 2.177283e+00
      vertex   -3.100000e+01 -1.390908e+00 2.082080e-01
      vertex   -3.100000e+01 -1.000727e+00 1.066126e-01
    endloop
  endfacet
  facet normal 1.000000e+00 0.000000e+00 0.000000e+00
    outer loop
      vertex   -3.100000e+01 -5.213000e-01 2.177283e+00
      vertex   -3.100000e+01 -1.000727e+00 1.066126e-01
      vertex   -3.100000e+01 -6.033346e-01 3.847293e-02
    endloop
  endfacet
  facet normal 1.000000e+00 0.000000e+00 0.000000e+00
    outer loop
      vertex   -3.100000e+01 -5.213000e-01 2.177283e+00
      vertex   -3.100000e+01 -6.033346e-01 3.847293e-02
      vertex   -3.100000e+01 -2.246344e-01 2.134629e+00
    endloop
  endfacet
  facet normal 1.000000e+00 0.000000e+00 0.000000e+00
    outer loop
      vertex   -3.100000e+01 -2.246344e-01 2.134629e+00
      vertex   -3.100000e+01 -6.033346e-01 3.847293e-02
      vertex   -3.100000e+01 -2.015957e-01 4.279911e-03
    endloop
  endfacet
  facet normal 1.000000e+00 0.000000e+00 0.000000e+00
    outer loop
      vertex   -3.100000e+01 -2.246344e-01 2.134629e+00
      vertex   -3.100000e+01 -2.015957e-01 4.279911e-03
      vertex   -3.100000e+01 7.495963e-02 2.126070e+00
    endloop
  endfacet
  facet normal 1.000000e+00 0.000000e+00 0.000000e+00
    outer loop
      vertex   -3.100000e+01 7.495963e-02 2.126070e+00
      vertex   -3.100000e+01 -2.015957e-01 4.279911e-03
      vertex   -3.100000e+01 2.015957e-01 4.279911e-03
    endloop
  endfacet
  facet normal 1.000000e+00 0.000000e+00 0.000000e+00
    outer loop
      vertex   -3.100000e+01 7.495963e-02 2.126070e+00
      vertex   -3.100000e+01 2.015957e-01 4.279911e-03
      vertex   -3.100000e+01 6.033346e-01 3.847293e-02
    endloop
  endfacet
  facet normal 1.000000e+00 -0.000000e+00 0.000000e+00
    outer loop
      vertex   -3.100000e+01 7.495963e-02 2.126070e+00
      vertex   -3.100000e+01 6.033346e-01 3.847293e-02
      vertex   -3.100000e+01 3.735765e-01 2.151719e+00
    endloop
  endfacet
  facet normal 1.000000e+00 0.000000e+00 0.000000e+00
    outer loop
      vertex   -3.100000e+01 3.735765e-01 2.151719e+00
      vertex   -3.100000e+01 6.033346e-01 3.847293e-02
      vertex   -3.100000e+01 1.000727e+00 1.066126e-01
    endloop
  endfacet
  facet normal 1.000000e+00 -0.000000e+00 0.000000e+00
    outer loop
      vertex   -3.100000e+01 3.735765e-01 2.151719e+00
      vertex   -3.100000e+01 1.000727e+00 1.066126e-01
      vertex   -3.100000e+01 6.673231e-01 2.211240e+00
    endloop
  endfacet
  facet normal 1.000000e+00 0.000000e+00 0.000000e+00
    outer loop
      vertex   -3.100000e+01 6.673231e-01 2.211240e+00
      vertex   -3.100000e+01 1.000727e+00 1.066126e-01
      vertex   -3.100000e+01 1.390908e+00 2.082080e-01
    endloop
  endfacet
  facet normal 1.000000e+00 0.000000e+00 0.000000e+00
    outer loop
      vertex   -3.100000e+01 6.673231e-01 2.211240e+00
      vertex   -3.100000e+01 1.390908e+00 2.082080e-01
      vertex   -3.100000e+01 1.771068e+00 3.425271e-01
    endloop
  endfacet
  facet normal 1.000000e+00 -0.000000e+00 0.000000e+00
    outer loop
      vertex   -3.100000e+01 6.673231e-01 2.211240e+00
      vertex   -3.100000e+01 1.771068e+00 3.425271e-01
      vertex   -3.100000e+01 9.523702e-01 2.303857e+00
    endloop
  endfacet
  facet normal 1.000000e+00 0.000000e+00 0.000000e+00
    outer loop
      vertex   -3.100000e+01 9.523702e-01 2.303857e+00
      vertex   -3.100000e+01 1.771068e+00 3.425271e-01
      vertex   -3.100000e+01 2.138468e+00 5.086022e-01
    endloop
  endfacet
  facet normal 1.000000e+00 -0.000000e+00 0.000000e+00
    outer loop
      vertex   -3.100000e+01 9.523702e-01 2.303857e+00
      vertex   -3.100000e+01 2.138468e+00 5.086022e-01
      vertex   -3.100000e+01 1.225002e+00 2.428364e+00
    endloop
  endfacet
  facet normal 1.000000e+00 0.000000e+00 0.000000e+00
    outer loop
      vertex   -3.100000e+01 1.225002e+00 2.428364e+00
      vertex   -3.100000e+01 2.138468e+00 5.086022e-01
      vertex   -3.100000e+01 2.490460e+00 7.052366e-01
    endloop
  endfacet
  facet normal 1.000000e+00 0.000000e+00 0.000000e+00
    outer loop
      vertex   -3.100000e+01 1.225002e+00 2.428364e+00
      vertex   -3.100000e+01 2.490460e+00 7.052366e-01
      vertex   -3.100000e+01 2.824508e+00 9.310136e-01
    endloop
  endfacet
  facet normal 1.000000e+00 -0.000000e+00 0.000000e+00
    outer loop
      vertex   -3.100000e+01 1.225002e+00 2.428364e+00
      vertex   -3.100000e+01 2.824508e+00 9.310136e-01
      vertex   -3.100000e+01 1.481663e+00 2.583136e+00
    endloop
  endfacet
  facet normal 1.000000e+00 0.000000e+00 0.000000e+00
    outer loop
      vertex   -3.100000e+01 1.481663e+00 2.583136e+00
      vertex   -3.100000e+01 2.824508e+00 9.310136e-01
      vertex   -3.100000e+01 3.138205e+00 1.184307e+00
    endloop
  endfacet
  facet normal 1.000000e+00 -0.000000e+00 0.000000e+00
    outer loop
      vertex   -3.100000e+01 1.481663e+00 2.583136e+00
      vertex   -3.100000e+01 3.138205e+00 1.184307e+00
      vertex   -3.100000e+01 1.719009e+00 2.766157e+00
    endloop
  endfacet
  facet normal 1.000000e+00 0.000000e+00 0.000000e+00
    outer loop
      vertex   -3.100000e+01 1.719009e+00 2.766157e+00
      vertex   -3.100000e+01 3.138205e+00 1.184307e+00
      vertex   -3.100000e+01 3.429291e+00 1.463290e+00
    endloop
  endfacet
  facet normal 1.000000e+00 -0.000000e+00 0.000000e+00
    outer loop
      vertex   -3.100000e+01 1.719009e+00 2.766157e+00
      vertex   -3.100000e+01 3.429291e+00 1.463290e+00
      vertex   -3.100000e+01 1.933945e+00 2.975041e+00
    endloop
  endfacet
  facet normal 1.000000e+00 0.000000e+00 0.000000e+00
    outer loop
      vertex   -3.100000e+01 1.933945e+00 2.975041e+00
      vertex   -3.100000e+01 3.429291e+00 1.463290e+00
      vertex   -3.100000e+01 3.695670e+00 1.765955e+00
    endloop
  endfacet
  facet normal 1.000000e+00 0.000000e+00 0.000000e+00
    outer loop
      vertex   -3.100000e+01 1.933945e+00 2.975041e+00
      vertex   -3.100000e+01 3.695670e+00 1.765955e+00
      vertex   -3.100000e+01 3.935421e+00 2.090120e+00
    endloop
  endfacet
  facet normal 1.000000e+00 -0.000000e+00 0.000000e+00
    outer loop
      vertex   -3.100000e+01 1.933945e+00 2.975041e+00
      vertex   -3.100000e+01 3.935421e+00 2.090120e+00
      vertex   -3.100000e+01 2.123670e+00 3.207064e+00
    endloop
  endfacet
  facet normal 1.000000e+00 0.000000e+00 0.000000e+00
    outer loop
      vertex   -3.100000e+01 2.123670e+00 3.207064e+00
      vertex   -3.100000e+01 3.935421e+00 2.090120e+00
      vertex   -3.100000e+01 4.146817e+00 2.433449e+00
    endloop
  endfacet
  facet normal 1.000000e+00 -0.000000e+00 0.000000e+00
    outer loop
      vertex   -3.100000e+01 2.123670e+00 3.207064e+00
      vertex   -3.100000e+01 4.146817e+00 2.433449e+00
      vertex   -3.100000e+01 2.285708e+00 3.459201e+00
    endloop
  endfacet
  facet normal 1.000000e+00 0.000000e+00 0.000000e+00
    outer loop
      vertex   -3.100000e+01 2.285708e+00 3.459201e+00
      vertex   -3.100000e+01 4.146817e+00 2.433449e+00
      vertex   -3.100000e+01 4.328335e+00 2.793469e+00
    endloop
  endfacet
  facet normal 1.000000e+00 -0.000000e+00 0.000000e+00
    outer loop
      vertex   -3.100000e+01 2.285708e+00 3.459201e+00
      vertex   -3.100000e+01 4.328335e+00 2.793469e+00
      vertex   -3.100000e+01 2.417950e+00 3.728166e+00
    endloop
  endfacet
  facet normal 1.000000e+00 0.000000e+00 0.000000e+00
    outer loop
      vertex   -3.100000e+01 2.417950e+00 3.728166e+00
      vertex   -3.100000e+01 4.328335e+00 2.793469e+00
      vertex   -3.100000e+01 4.478668e+00 3.167586e+00
    endloop
  endfacet
  facet normal 1.000000e+00 -0.000000e+00 0.000000e+00
    outer loop
      vertex   -3.100000e+01 2.417950e+00 3.728166e+00
      vertex   -3.100000e+01 4.478668e+00 3.167586e+00
      vertex   -3.100000e+01 2.518669e+00 4.010452e+00
    endloop
  endfacet
  facet normal 1.000000e+00 0.000000e+00 0.000000e+00
    outer loop
      vertex   -3.100000e+01 2.518669e+00 4.010452e+00
      vertex   -3.100000e+01 4.478668e+00 3.167586e+00
      vertex   -3.100000e+01 4.596731e+00 3.553104e+00
    endloop
  endfacet
  facet normal 1.000000e+00 0.000000e+00 0.000000e+00
    outer loop
      vertex   -3.100000e+01 2.518669e+00 4.010452e+00
      vertex   -3.100000e+01 4.596731e+00 3.553104e+00
      vertex   -3.100000e+01 4.681676e+00 3.947246e+00
    endloop
  endfacet
  facet normal 1.000000e+00 -0.000000e+00 0.000000e+00
    outer loop
      vertex   -3.100000e+01 2.518669e+00 4.010452e+00
      vertex   -3.100000e+01 4.681676e+00 3.947246e+00
      vertex   -3.100000e+01 2.586554e+00 4.302379e+00
    endloop
  endfacet
  facet normal 1.000000e+00 -0.000000e+00 0.000000e+00
    outer loop
      vertex   -3.100000e+01 2.586554e+00 4.302379e+00
      vertex   -3.100000e+01 4.681676e+00 3.947246e+00
      vertex   -3.100000e+01 4.732888e+00 4.347172e+00
    endloop
  endfacet
  facet normal 1.000000e+00 0.000000e+00 0.000000e+00
    outer loop
      vertex   -3.100000e+01 2.586554e+00 4.302379e+00
      vertex   -3.100000e+01 4.732888e+00 4.347172e+00
      vertex   -3.100000e+01 2.620719e+00 4.600142e+00
    endloop
  endfacet
  facet normal 1.000000e+00 -0.000000e+00 0.000000e+00
    outer loop
      vertex   -3.100000e+01 2.620719e+00 4.600142e+00
      vertex   -3.100000e+01 4.732888e+00 4.347172e+00
      vertex   -3.100000e+01 4.750000e+00 4.750000e+00
    endloop
  endfacet
  facet normal 1.000000e+00 0.000000e+00 0.000000e+00
    outer loop
      vertex   -3.100000e+01 2.620719e+00 4.600142e+00
      vertex   -3.100000e+01 4.750000e+00 4.750000e+00
      vertex   -3.100000e+01 2.620719e+00 4.899858e+00
    endloop
  endfacet
  facet normal 1.000000e+00 -0.000000e+00 -0.000000e+00
    outer loop
      vertex   -3.100000e+01 2.620719e+00 4.899858e+00
      vertex   -3.100000e+01 4.750000e+00 4.750000e+00
      vertex   -3.100000e+01 2.586554e+00 5.197621e+00
    endloop
  endfacet
  facet normal 1.000000e+00 -0.000000e+00 -0.000000e+00
    outer loop
      vertex   -3.100000e+01 2.586554e+00 5.197621e+00
      vertex   -3.100000e+01 4.750000e+00 4.750000e+00
      vertex   -3.100000e+01 2.518669e+00 5.489548e+00
    endloop
  endfacet
  facet normal 1.000000e+00 -0.000000e+00 -0.000000e+00
    outer loop
      vertex   -3.100000e+01 2.518669e+00 5.489548e+00
      vertex   -3.100000e+01 4.750000e+00 4.750000e+00
      vertex   -3.100000e+01 2.417950e+00 5.771834e+00
    endloop
  endfacet
  facet normal 1.000000e+00 -0.000000e+00 0.000000e+00
    outer loop
      vertex   -3.100000e+01 2.417950e+00 5.771834e+00
      vertex   -3.100000e+01 4.750000e+00 4.750000e+00
      vertex   -3.100000e+01 4.750000e+00 8.500000e+00
    endloop
  endfacet
  facet normal 1.000000e+00 0.000000e+00 -0.000000e+00
    outer loop
      vertex   -3.100000e+01 2.417950e+00 5.771834e+00
      vertex   -3.100000e+01 4.750000e+00 8.500000e+00
      vertex   -3.100000e+01 2.285708e+00 6.040799e+00
    endloop
  endfacet
  facet normal 1.000000e+00 0.000000e+00 -0.000000e+00
    outer loop
      vertex   -3.100000e+01 2.285708e+00 6.040799e+00
      vertex   -3.100000e+01 4.750000e+00 8.500000e+00
      vertex   -3.100000e+01 2.123670e+00 6.292936e+00
    endloop
  endfacet
  facet normal 1.000000e+00 0.000000e+00 -0.000000e+00
    outer loop
      vertex   -3.100000e+01 2.123670e+00 6.292936e+00
      vertex   -3.100000e+01 4.750000e+00 8.500000e+00
      vertex   -3.100000e+01 1.933945e+00 6.524959e+00
    endloop
  endfacet
  facet normal 1.000000e+00 0.000000e+00 -0.000000e+00
    outer loop
      vertex   -3.100000e+01 1.933945e+00 6.524959e+00
      vertex   -3.100000e+01 4.750000e+00 8.500000e+00
      vertex   -3.100000e+01 1.719009e+00 6.733843e+00
    endloop
  endfacet
  facet normal 1.000000e+00 0.000000e+00 -0.000000e+00
    outer loop
      vertex   -3.100000e+01 1.719009e+00 6.733843e+00
      vertex   -3.100000e+01 4.750000e+00 8.500000e+00
      vertex   -3.100000e+01 1.481663e+00 6.916864e+00
    endloop
  endfacet
  facet normal 1.000000e+00 0.000000e+00 -0.000000e+00
    outer loop
      vertex   -3.100000e+01 1.481663e+00 6.916864e+00
      vertex   -3.100000e+01 4.750000e+00 8.500000e+00
      vertex   -3.100000e+01 1.225002e+00 7.071636e+00
    endloop
  endfacet
  facet normal 1.000000e+00 0.000000e+00 -0.000000e+00
    outer loop
      vertex   -3.100000e+01 1.225002e+00 7.071636e+00
      vertex   -3.100000e+01 4.750000e+00 8.500000e+00
      vertex   -3.100000e+01 9.523702e-01 7.196143e+00
    endloop
  endfacet
  facet normal 1.000000e+00 0.000000e+00 -0.000000e+00
    outer loop
      vertex   -3.100000e+01 9.523702e-01 7.196143e+00
      vertex   -3.100000e+01 4.750000e+00 8.500000e+00
      vertex   -3.100000e+01 6.673231e-01 7.288760e+00
    endloop
  endfacet
  facet normal 1.000000e+00 0.000000e+00 -0.000000e+00
    outer loop
      vertex   -3.100000e+01 -2.556781e+00 5.344554e+00
      vertex   -3.100000e+01 -2.472341e+00 5.632130e+00
      vertex   -3.100000e+01 -4.750000e+00 4.750000e+00
    endloop
  endfacet
  facet normal 1.000000e+00 0.000000e+00 0.000000e+00
    outer loop
      vertex   -3.100000e+01 -4.750000e+00 4.750000e+00
      vertex   -3.100000e+01 -2.472341e+00 5.632130e+00
      vertex   -3.100000e+01 -2.355671e+00 5.908205e+00
    endloop
  endfacet
  facet normal 1.000000e+00 0.000000e+00 -0.000000e+00
    outer loop
      vertex   -3.100000e+01 -2.032122e+00 6.411658e+00
      vertex   -3.100000e+01 -1.829461e+00 6.632471e+00
      vertex   -3.100000e+01 -4.750000e+00 8.500000e+00
    endloop
  endfacet
  facet normal 1.000000e+00 0.000000e+00 0.000000e+00
    outer loop
      vertex   -3.100000e+01 -4.750000e+00 8.500000e+00
      vertex   -3.100000e+01 -1.829461e+00 6.632471e+00
      vertex   -3.100000e+01 -1.602951e+00 6.828743e+00
    endloop
  endfacet
  facet normal 1.000000e+00 0.000000e+00 0.000000e+00
    outer loop
      vertex   -3.100000e+01 -4.750000e+00 8.500000e+00
      vertex   -3.100000e+01 -1.602951e+00 6.828743e+00
      vertex   -3.100000e+01 -1.355543e+00 6.997916e+00
    endloop
  endfacet
  facet normal 1.000000e+00 0.000000e+00 -0.000000e+00
    outer loop
      vertex   -3.100000e+01 -1.355543e+00 6.997916e+00
      vertex   -3.100000e+01 -1.090464e+00 7.137784e+00
      vertex   -3.100000e+01 -4.750000e+00 8.500000e+00
    endloop
  endfacet
  facet normal 1.000000e+00 0.000000e+00 0.000000e+00
    outer loop
      vertex   -3.100000e+01 -4.750000e+00 8.500000e+00
      vertex   -3.100000e+01 -1.090464e+00 7.137784e+00
      vertex   -3.100000e+01 -8.111696e-01 7.246523e+00
    endloop
  endfacet
  facet normal 1.000000e+00 0.000000e+00 0.000000e+00
    outer loop
      vertex   -3.100000e+01 -4.750000e+00 8.500000e+00
      vertex   -3.100000e+01 -8.111696e-01 7.246523e+00
      vertex   -3.100000e+01 -5.213000e-01 7.322717e+00
    endloop
  endfacet
  facet normal 1.000000e+00 0.000000e+00 -0.000000e+00
    outer loop
      vertex   -3.100000e+01 -5.213000e-01 7.322717e+00
      vertex   -3.100000e+01 -2.246344e-01 7.365371e+00
      vertex   -3.100000e+01 -4.750000e+00 8.500000e+00
    endloop
  endfacet
  facet normal 1.000000e+00 0.000000e+00 0.000000e+00
    outer loop
      vertex   -3.100000e+01 -4.750000e+00 8.500000e+00
      vertex   -3.100000e+01 -2.246344e-01 7.365371e+00
      vertex   -3.100000e+01 7.495963e-02 7.373930e+00
    endloop
  endfacet
  facet normal 0.000000e+00 -9.996905e-01 2.487899e-02
    outer loop
      vertex   -2.454460e+01 4.750000e+00 4.750000e+00
      vertex   -3.100000e+01 4.750000e+00 4.750000e+00
      vertex   -2.454572e+01 4.744378e+00 4.524112e+00
    endloop
  endfacet
  facet normal 6.151612e-04 -9.990988e-01 4.244120e-02
    outer loop
      vertex   -2.454572e+01 4.744378e+00 4.524112e+00
      vertex   -3.100000e+01 4.750000e+00 4.750000e+00
      vertex   -3.100000e+01 4.732888e+00 4.347172e+00
    endloop
  endfacet
  facet normal -2.456277e-04 -9.972788e-01 7.372218e-02
    outer loop
      vertex   -2.454572e+01 4.744378e+00 4.524112e+00
      vertex   -3.100000e+01 4.732888e+00 4.347172e+00
      vertex   -2.454905e+01 4.727490e+00 4.295646e+00
    endloop
  endfacet
  facet normal 1.412065e-04 -9.925718e-01 1.216604e-01
    outer loop
      vertex   -2.454905e+01 4.727490e+00 4.295646e+00
      vertex   -3.100000e+01 4.732888e+00 4.347172e+00
      vertex   -2.455451e+01 4.699301e+00 4.065667e+00
    endloop
  endfacet
  facet normal 3.786904e-04 -9.919004e-01 1.270178e-01
    outer loop
      vertex   -2.455451e+01 4.699301e+00 4.065667e+00
      vertex   -3.100000e+01 4.732888e+00 4.347172e+00
      vertex   -3.100000e+01 4.681676e+00 3.947246e+00
    endloop
  endfacet
  facet normal -4.112327e-04 -9.856031e-01 1.690751e-01
    outer loop
      vertex   -2.455451e+01 4.699301e+00 4.065667e+00
      vertex   -3.100000e+01 4.681676e+00 3.947246e+00
      vertex   -2.456207e+01 4.659775e+00 3.835236e+00
    endloop
  endfacet
  facet normal 3.399911e-04 -9.775552e-01 2.106793e-01
    outer loop
      vertex   -2.456207e+01 4.659775e+00 3.835236e+00
      vertex   -3.100000e+01 4.681676e+00 3.947246e+00
      vertex   -3.100000e+01 4.596731e+00 3.553104e+00
    endloop
  endfacet
  facet normal 8.506596e-05 -9.763434e-01 2.162256e-01
    outer loop
      vertex   -2.456207e+01 4.659775e+00 3.835236e+00
      vertex   -3.100000e+01 4.596731e+00 3.553104e+00
      vertex   -2.457165e+01 4.608877e+00 3.605419e+00
    endloop
  endfacet
  facet normal -3.213859e-04 -9.646703e-01 2.634599e-01
    outer loop
      vertex   -2.457165e+01 4.608877e+00 3.605419e+00
      vertex   -3.100000e+01 4.596731e+00 3.553104e+00
      vertex   -2.458320e+01 4.546574e+00 3.377277e+00
    endloop
  endfacet
  facet normal 5.496565e-04 -9.561666e-01 2.928227e-01
    outer loop
      vertex   -2.458320e+01 4.546574e+00 3.377277e+00
      vertex   -3.100000e+01 4.596731e+00 3.553104e+00
      vertex   -3.100000e+01 4.478668e+00 3.167586e+00
    endloop
  endfacet
  facet normal -1.036993e-04 -9.504241e-01 3.109566e-01
    outer loop
      vertex   -2.458320e+01 4.546574e+00 3.377277e+00
      vertex   -3.100000e+01 4.478668e+00 3.167586e+00
      vertex   -2.459666e+01 4.472829e+00 3.151875e+00
    endloop
  endfacet
  facet normal 2.959894e-05 -9.333597e-01 3.589425e-01
    outer loop
      vertex   -2.459666e+01 4.472829e+00 3.151875e+00
      vertex   -3.100000e+01 4.478668e+00 3.167586e+00
      vertex   -2.461197e+01 4.387608e+00 2.930275e+00
    endloop
  endfacet
  facet normal 6.244749e-04 -9.278888e-01 3.728564e-01
    outer loop
      vertex   -2.461197e+01 4.387608e+00 2.930275e+00
      vertex   -3.100000e+01 4.478668e+00 3.167586e+00
      vertex   -3.100000e+01 4.328335e+00 2.793469e+00
    endloop
  endfacet
  facet normal -2.406056e-04 -9.134336e-01 4.069876e-01
    outer loop
      vertex   -2.461197e+01 4.387608e+00 2.930275e+00
      vertex   -3.100000e+01 4.328335e+00 2.793469e+00
      vertex   -2.462898e+01 4.291016e+00 2.713477e+00
    endloop
  endfacet
  facet normal 4.221266e-04 -8.929258e-01 4.502037e-01
    outer loop
      vertex   -2.462898e+01 4.291016e+00 2.713477e+00
      vertex   -3.100000e+01 4.328335e+00 2.793469e+00
      vertex   -3.100000e+01 4.146817e+00 2.433449e+00
    endloop
  endfacet
  facet normal 2.729027e-04 -8.915628e-01 4.528969e-01
    outer loop
      vertex   -2.462898e+01 4.291016e+00 2.713477e+00
      vertex   -3.100000e+01 4.146817e+00 2.433449e+00
      vertex   -2.464740e+01 4.183707e+00 2.502241e+00
    endloop
  endfacet
  facet normal -3.364446e-04 -8.680142e-01 4.965392e-01
    outer loop
      vertex   -2.464740e+01 4.183707e+00 2.502241e+00
      vertex   -3.100000e+01 4.146817e+00 2.433449e+00
      vertex   -2.466698e+01 4.066466e+00 2.297276e+00
    endloop
  endfacet
  facet normal 4.697848e-04 -8.515290e-01 5.243072e-01
    outer loop
      vertex   -2.466698e+01 4.066466e+00 2.297276e+00
      vertex   -3.100000e+01 4.146817e+00 2.433449e+00
      vertex   -3.100000e+01 3.935421e+00 2.090120e+00
    endloop
  endfacet
  facet normal -1.595150e-04 -8.428923e-01 5.380822e-01
    outer loop
      vertex   -2.466698e+01 4.066466e+00 2.297276e+00
      vertex   -3.100000e+01 3.935421e+00 2.090120e+00
      vertex   -2.468747e+01 3.940080e+00 2.099290e+00
    endloop
  endfacet
  facet normal -2.371049e-04 -8.161146e-01 5.778900e-01
    outer loop
      vertex   -2.468747e+01 3.940080e+00 2.099290e+00
      vertex   -3.100000e+01 3.935421e+00 2.090120e+00
      vertex   -2.470860e+01 3.805336e+00 1.908991e+00
    endloop
  endfacet
  facet normal 4.954808e-04 -8.039970e-01 5.946331e-01
    outer loop
      vertex   -2.470860e+01 3.805336e+00 1.908991e+00
      vertex   -3.100000e+01 3.935421e+00 2.090120e+00
      vertex   -3.100000e+01 3.695670e+00 1.765955e+00
    endloop
  endfacet
  facet normal -2.813719e-04 -7.875783e-01 6.162145e-01
    outer loop
      vertex   -2.470860e+01 3.805336e+00 1.908991e+00
      vertex   -3.100000e+01 3.695670e+00 1.765955e+00
      vertex   -2.473013e+01 3.663019e+00 1.727087e+00
    endloop
  endfacet
  facet normal 1.070032e-04 -7.571190e-01 6.532770e-01
    outer loop
      vertex   -2.473013e+01 3.663019e+00 1.727087e+00
      vertex   -3.100000e+01 3.695670e+00 1.765955e+00
      vertex   -2.475180e+01 3.513917e+00 1.554288e+00
    endloop
  endfacet
  facet normal 5.451382e-04 -7.506722e-01 6.606746e-01
    outer loop
      vertex   -2.475180e+01 3.513917e+00 1.554288e+00
      vertex   -3.100000e+01 3.695670e+00 1.765955e+00
      vertex   -3.100000e+01 3.429291e+00 1.463290e+00
    endloop
  endfacet
  facet normal -2.287913e-04 -7.243984e-01 6.893815e-01
    outer loop
      vertex   -2.475180e+01 3.513917e+00 1.554288e+00
      vertex   -3.100000e+01 3.429291e+00 1.463290e+00
      vertex   -2.477334e+01 3.358815e+00 1.391300e+00
    endloop
  endfacet
  facet normal 5.152180e-04 -6.919388e-01 7.219560e-01
    outer loop
      vertex   -2.477334e+01 3.358815e+00 1.391300e+00
      vertex   -3.100000e+01 3.429291e+00 1.463290e+00
      vertex   -3.100000e+01 3.138205e+00 1.184307e+00
    endloop
  endfacet
  facet normal 3.456465e-04 -6.894147e-01 7.243668e-01
    outer loop
      vertex   -2.477334e+01 3.358815e+00 1.391300e+00
      vertex   -3.100000e+01 3.138205e+00 1.184307e+00
      vertex   -2.479486e+01 3.195833e+00 1.236193e+00
    endloop
  endfacet
  facet normal -2.636181e-04 -6.532903e-01 7.571075e-01
    outer loop
      vertex   -2.479486e+01 3.195833e+00 1.236193e+00
      vertex   -3.100000e+01 3.138205e+00 1.184307e+00
      vertex   -2.481646e+01 3.023035e+00 1.087082e+00
    endloop
  endfacet
  facet normal 5.323772e-04 -6.282199e-01 7.780356e-01
    outer loop
      vertex   -2.481646e+01 3.023035e+00 1.087082e+00
      vertex   -3.100000e+01 3.138205e+00 1.184307e+00
      vertex   -3.100000e+01 2.824508e+00 9.310136e-01
    endloop
  endfacet
  facet normal -9.408474e-05 -6.162113e-01 7.875809e-01
    outer loop
      vertex   -2.481646e+01 3.023035e+00 1.087082e+00
      vertex   -3.100000e+01 2.824508e+00 9.310136e-01
      vertex   -2.483789e+01 2.841131e+00 9.447558e-01
    endloop
  endfacet
  facet normal -2.611486e-04 -5.778774e-01 8.161235e-01
    outer loop
      vertex   -2.483789e+01 2.841131e+00 9.447558e-01
      vertex   -3.100000e+01 2.824508e+00 9.310136e-01
      vertex   -2.485890e+01 2.650827e+00 8.099999e-01
    endloop
  endfacet
  facet normal 4.892420e-04 -5.599747e-01 8.285096e-01
    outer loop
      vertex   -2.485890e+01 2.650827e+00 8.099999e-01
      vertex   -3.100000e+01 2.824508e+00 9.310136e-01
      vertex   -3.100000e+01 2.490460e+00 7.052366e-01
    endloop
  endfacet
  facet normal -3.282536e-04 -5.380704e-01 8.428998e-01
    outer loop
      vertex   -2.485890e+01 2.650827e+00 8.099999e-01
      vertex   -3.100000e+01 2.490460e+00 7.052366e-01
      vertex   -2.487923e+01 2.452834e+00 6.836018e-01
    endloop
  endfacet
  facet normal 1.581600e-05 -4.965393e-01 8.680143e-01
    outer loop
      vertex   -2.487923e+01 2.452834e+00 6.836018e-01
      vertex   -3.100000e+01 2.490460e+00 7.052366e-01
      vertex   -2.489864e+01 2.247860e+00 5.663484e-01
    endloop
  endfacet
  facet normal 4.812951e-04 -4.876949e-01 8.730140e-01
    outer loop
      vertex   -2.489864e+01 2.247860e+00 5.663484e-01
      vertex   -3.100000e+01 2.490460e+00 7.052366e-01
      vertex   -3.100000e+01 2.138468e+00 5.086022e-01
    endloop
  endfacet
  facet normal -3.177313e-04 -4.529156e-01 8.915533e-01
    outer loop
      vertex   -2.489864e+01 2.247860e+00 5.663484e-01
      vertex   -3.100000e+01 2.138468e+00 5.086022e-01
      vertex   -2.491687e+01 2.036612e+00 4.590268e-01
    endloop
  endfacet
  facet normal 5.293545e-04 -4.119012e-01 9.112284e-01
    outer loop
      vertex   -2.491687e+01 2.036612e+00 4.590268e-01
      vertex   -3.100000e+01 2.138468e+00 5.086022e-01
      vertex   -3.100000e+01 1.771068e+00 3.425271e-01
    endloop
  endfacet
  facet normal 2.737192e-04 -4.070085e-01 9.134243e-01
    outer loop
      vertex   -2.491687e+01 2.036612e+00 4.590268e-01
      vertex   -3.100000e+01 1.771068e+00 3.425271e-01
      vertex   -2.493368e+01 1.819801e+00 3.624240e-01
    endloop
  endfacet
  facet normal -1.777410e-04 -3.589486e-01 9.333573e-01
    outer loop
      vertex   -2.493368e+01 1.819801e+00 3.624240e-01
      vertex   -3.100000e+01 1.771068e+00 3.425271e-01
      vertex   -2.494879e+01 1.598188e+00 2.771936e-01
    endloop
  endfacet
  facet normal 6.623905e-04 -3.331397e-01 9.428772e-01
    outer loop
      vertex   -2.494879e+01 1.598188e+00 2.771936e-01
      vertex   -3.100000e+01 1.771068e+00 3.425271e-01
      vertex   -3.100000e+01 1.390908e+00 2.082080e-01
    endloop
  endfacet
  facet normal -1.836777e-04 -3.109523e-01 9.504255e-01
    outer loop
      vertex   -2.494879e+01 1.598188e+00 2.771936e-01
      vertex   -3.100000e+01 1.390908e+00 2.082080e-01
      vertex   -2.496205e+01 1.372772e+00 2.034414e-01
    endloop
  endfacet
  facet normal -2.975634e-05 -2.634515e-01 9.646726e-01
    outer loop
      vertex   -2.496205e+01 1.372772e+00 2.034414e-01
      vertex   -3.100000e+01 1.390908e+00 2.082080e-01
      vertex   -2.497342e+01 1.144618e+00 1.411322e-01
    endloop
  endfacet
  facet normal 4.731930e-04 -2.519780e-01 9.677328e-01
    outer loop
      vertex   -2.497342e+01 1.144618e+00 1.411322e-01
      vertex   -3.100000e+01 1.390908e+00 2.082080e-01
      vertex   -3.100000e+01 1.000727e+00 1.066126e-01
    endloop
  endfacet
  facet normal -4.299480e-04 -2.162180e-01 9.763450e-01
    outer loop
      vertex   -2.497342e+01 1.144618e+00 1.411322e-01
      vertex   -3.100000e+01 1.000727e+00 1.066126e-01
      vertex   -2.498285e+01 9.147885e-01 9.023082e-02
    endloop
  endfacet
  facet normal 2.696565e-04 -1.690008e-01 9.856159e-01
    outer loop
      vertex   -2.498285e+01 9.147885e-01 9.023082e-02
      vertex   -3.100000e+01 1.000727e+00 1.066126e-01
      vertex   -3.100000e+01 6.033346e-01 3.847293e-02
    endloop
  endfacet
  facet normal 2.735995e-04 -1.690749e-01 9.856032e-01
    outer loop
      vertex   -2.498285e+01 9.147885e-01 9.023082e-02
      vertex   -3.100000e+01 6.033346e-01 3.847293e-02
      vertex   -2.499027e+01 6.843481e-01 5.070208e-02
    endloop
  endfacet
  facet normal -3.797790e-04 -1.216580e-01 9.925720e-01
    outer loop
      vertex   -2.499027e+01 6.843481e-01 5.070208e-02
      vertex   -3.100000e+01 6.033346e-01 3.847293e-02
      vertex   -2.499564e+01 4.543606e-01 2.251081e-02
    endloop
  endfacet
  facet normal 5.447275e-04 -8.480591e-02 9.963973e-01
    outer loop
      vertex   -2.499564e+01 4.543606e-01 2.251081e-02
      vertex   -3.100000e+01 6.033346e-01 3.847293e-02
      vertex   -3.100000e+01 2.015957e-01 4.279911e-03
    endloop
  endfacet
  facet normal 7.544205e-05 -7.372175e-02 9.972788e-01
    outer loop
      vertex   -2.499564e+01 4.543606e-01 2.251081e-02
      vertex   -3.100000e+01 2.015957e-01 4.279911e-03
      vertex   -2.499890e+01 2.258899e-01 5.621840e-03
    endloop
  endfacet
  facet normal -1.228263e-04 -2.487922e-02 9.996905e-01
    outer loop
      vertex   -2.499890e+01 2.258899e-01 5.621840e-03
      vertex   -3.100000e+01 2.015957e-01 4.279911e-03
      vertex   -2.500000e+01 9.436896e-15 0.000000e+00
    endloop
  endfacet
  facet normal 7.133182e-04 1.376794e-15 9.999997e-01
    outer loop
      vertex   -2.500000e+01 9.436896e-15 0.000000e+00
      vertex   -3.100000e+01 2.015957e-01 4.279911e-03
      vertex   -3.100000e+01 -2.015957e-01 4.279911e-03
    endloop
  endfacet
  facet normal -1.228263e-04 2.487922e-02 9.996905e-01
    outer loop
      vertex   -2.500000e+01 9.436896e-15 0.000000e+00
      vertex   -3.100000e+01 -2.015957e-01 4.279911e-03
      vertex   -2.499890e+01 -2.258899e-01 5.621840e-03
    endloop
  endfacet
  facet normal 7.544205e-05 7.372175e-02 9.972788e-01
    outer loop
      vertex   -2.499890e+01 -2.258899e-01 5.621840e-03
      vertex   -3.100000e+01 -2.015957e-01 4.279911e-03
      vertex   -2.499564e+01 -4.543606e-01 2.251081e-02
    endloop
  endfacet
  facet normal 5.447275e-04 8.480591e-02 9.963973e-01
    outer loop
      vertex   -2.499564e+01 -4.543606e-01 2.251081e-02
      vertex   -3.100000e+01 -2.015957e-01 4.279911e-03
      vertex   -3.100000e+01 -6.033346e-01 3.847293e-02
    endloop
  endfacet
  facet normal -3.797790e-04 1.216580e-01 9.925720e-01
    outer loop
      vertex   -2.499564e+01 -4.543606e-01 2.251081e-02
      vertex   -3.100000e+01 -6.033346e-01 3.847293e-02
      vertex   -2.499027e+01 -6.843481e-01 5.070208e-02
    endloop
  endfacet
  facet normal 2.735995e-04 1.690749e-01 9.856032e-01
    outer loop
      vertex   -2.499027e+01 -6.843481e-01 5.070208e-02
      vertex   -3.100000e+01 -6.033346e-01 3.847293e-02
      vertex   -2.498285e+01 -9.147885e-01 9.023082e-02
    endloop
  endfacet
  facet normal 2.696565e-04 1.690008e-01 9.856159e-01
    outer loop
      vertex   -2.498285e+01 -9.147885e-01 9.023082e-02
      vertex   -3.100000e+01 -6.033346e-01 3.847293e-02
      vertex   -3.100000e+01 -1.000727e+00 1.066126e-01
    endloop
  endfacet
  facet normal -4.299480e-04 2.162180e-01 9.763450e-01
    outer loop
      vertex   -2.498285e+01 -9.147885e-01 9.023082e-02
      vertex   -3.100000e+01 -1.000727e+00 1.066126e-01
      vertex   -2.497342e+01 -1.144618e+00 1.411322e-01
    endloop
  endfacet
  facet normal 4.731930e-04 2.519780e-01 9.677328e-01
    outer loop
      vertex   -2.497342e+01 -1.144618e+00 1.411322e-01
      vertex   -3.100000e+01 -1.000727e+00 1.066126e-01
      vertex   -3.100000e+01 -1.390908e+00 2.082080e-01
    endloop
  endfacet
  facet normal -2.975634e-05 2.634515e-01 9.646726e-01
    outer loop
      vertex   -2.497342e+01 -1.144618e+00 1.411322e-01
      vertex   -3.100000e+01 -1.390908e+00 2.082080e-01
      vertex   -2.496205e+01 -1.372772e+00 2.034414e-01
    endloop
  endfacet
  facet normal -1.836777e-04 3.109523e-01 9.504255e-01
    outer loop
      vertex   -2.496205e+01 -1.372772e+00 2.034414e-01
      vertex   -3.100000e+01 -1.390908e+00 2.082080e-01
      vertex   -2.494879e+01 -1.598188e+00 2.771936e-01
    endloop
  endfacet
  facet normal 6.623905e-04 3.331397e-01 9.428772e-01
    outer loop
      vertex   -2.494879e+01 -1.598188e+00 2.771936e-01
      vertex   -3.100000e+01 -1.390908e+00 2.082080e-01
      vertex   -3.100000e+01 -1.771068e+00 3.425271e-01
    endloop
  endfacet
  facet normal -1.777410e-04 3.589486e-01 9.333573e-01
    outer loop
      vertex   -2.494879e+01 -1.598188e+00 2.771936e-01
      vertex   -3.100000e+01 -1.771068e+00 3.425271e-01
      vertex   -2.493368e+01 -1.819801e+00 3.624240e-01
    endloop
  endfacet
  facet normal 2.737192e-04 4.070085e-01 9.134243e-01
    outer loop
      vertex   -2.493368e+01 -1.819801e+00 3.624240e-01
      vertex   -3.100000e+01 -1.771068e+00 3.425271e-01
      vertex   -2.491687e+01 -2.036612e+00 4.590268e-01
    endloop
  endfacet
  facet normal 5.293545e-04 4.119012e-01 9.112284e-01
    outer loop
      vertex   -2.491687e+01 -2.036612e+00 4.590268e-01
      vertex   -3.100000e+01 -1.771068e+00 3.425271e-01
      vertex   -3.100000e+01 -2.138468e+00 5.086022e-01
    endloop
  endfacet
  facet normal -3.177313e-04 4.529156e-01 8.915533e-01
    outer loop
      vertex   -2.491687e+01 -2.036612e+00 4.590268e-01
      vertex   -3.100000e+01 -2.138468e+00 5.086022e-01
      vertex   -2.489864e+01 -2.247860e+00 5.663484e-01
    endloop
  endfacet
  facet normal 4.812951e-04 4.876949e-01 8.730140e-01
    outer loop
      vertex   -2.489864e+01 -2.247860e+00 5.663484e-01
      vertex   -3.100000e+01 -2.138468e+00 5.086022e-01
      vertex   -3.100000e+01 -2.490460e+00 7.052366e-01
    endloop
  endfacet
  facet normal 1.581600e-05 4.965393e-01 8.680143e-01
    outer loop
      vertex   -2.489864e+01 -2.247860e+00 5.663484e-01
      vertex   -3.100000e+01 -2.490460e+00 7.052366e-01
      vertex   -2.487923e+01 -2.452834e+00 6.836018e-01
    endloop
  endfacet
  facet normal -3.282536e-04 5.380704e-01 8.428998e-01
    outer loop
      vertex   -2.487923e+01 -2.452834e+00 6.836018e-01
      vertex   -3.100000e+01 -2.490460e+00 7.052366e-01
      vertex   -2.485890e+01 -2.650827e+00 8.099999e-01
    endloop
  endfacet
  facet normal 4.892420e-04 5.599747e-01 8.285096e-01
    outer loop
      vertex   -2.485890e+01 -2.650827e+00 8.099999e-01
      vertex   -3.100000e+01 -2.490460e+00 7.052366e-01
      vertex   -3.100000e+01 -2.824508e+00 9.310136e-01
    endloop
  endfacet
  facet normal -2.611486e-04 5.778774e-01 8.161235e-01
    outer loop
      vertex   -2.485890e+01 -2.650827e+00 8.099999e-01
      vertex   -3.100000e+01 -2.824508e+00 9.310136e-01
      vertex   -2.483789e+01 -2.841131e+00 9.447558e-01
    endloop
  endfacet
  facet normal -9.408474e-05 6.162113e-01 7.875809e-01
    outer loop
      vertex   -2.483789e+01 -2.841131e+00 9.447558e-01
      vertex   -3.100000e+01 -2.824508e+00 9.310136e-01
      vertex   -2.481646e+01 -3.023035e+00 1.087082e+00
    endloop
  endfacet
  facet normal 5.323772e-04 6.282199e-01 7.780356e-01
    outer loop
      vertex   -2.481646e+01 -3.023035e+00 1.087082e+00
      vertex   -3.100000e+01 -2.824508e+00 9.310136e-01
      vertex   -3.100000e+01 -3.138205e+00 1.184307e+00
    endloop
  endfacet
  facet normal -2.636181e-04 6.532903e-01 7.571075e-01
    outer loop
      vertex   -2.481646e+01 -3.023035e+00 1.087082e+00
      vertex   -3.100000e+01 -3.138205e+00 1.184307e+00
      vertex   -2.479486e+01 -3.195833e+00 1.236193e+00
    endloop
  endfacet
  facet normal 3.456465e-04 6.894147e-01 7.243668e-01
    outer loop
      vertex   -2.479486e+01 -3.195833e+00 1.236193e+00
      vertex   -3.100000e+01 -3.138205e+00 1.184307e+00
      vertex   -2.477334e+01 -3.358815e+00 1.391300e+00
    endloop
  endfacet
  facet normal 5.152180e-04 6.919388e-01 7.219560e-01
    outer loop
      vertex   -2.477334e+01 -3.358815e+00 1.391300e+00
      vertex   -3.100000e+01 -3.138205e+00 1.184307e+00
      vertex   -3.100000e+01 -3.429291e+00 1.463290e+00
    endloop
  endfacet
  facet normal -2.287913e-04 7.243984e-01 6.893815e-01
    outer loop
      vertex   -2.477334e+01 -3.358815e+00 1.391300e+00
      vertex   -3.100000e+01 -3.429291e+00 1.463290e+00
      vertex   -2.475180e+01 -3.513917e+00 1.554288e+00
    endloop
  endfacet
  facet normal 5.451382e-04 7.506722e-01 6.606746e-01
    outer loop
      vertex   -2.475180e+01 -3.513917e+00 1.554288e+00
      vertex   -3.100000e+01 -3.429291e+00 1.463290e+00
      vertex   -3.100000e+01 -3.695670e+00 1.765955e+00
    endloop
  endfacet
  facet normal 1.070032e-04 7.571190e-01 6.532770e-01
    outer loop
      vertex   -2.475180e+01 -3.513917e+00 1.554288e+00
      vertex   -3.100000e+01 -3.695670e+00 1.765955e+00
      vertex   -2.473013e+01 -3.663019e+00 1.727087e+00
    endloop
  endfacet
  facet normal -2.813719e-04 7.875783e-01 6.162145e-01
    outer loop
      vertex   -2.473013e+01 -3.663019e+00 1.727087e+00
      vertex   -3.100000e+01 -3.695670e+00 1.765955e+00
      vertex   -2.470860e+01 -3.805336e+00 1.908991e+00
    endloop
  endfacet
  facet normal 4.954808e-04 8.039970e-01 5.946331e-01
    outer loop
      vertex   -2.470860e+01 -3.805336e+00 1.908991e+00
      vertex   -3.100000e+01 -3.695670e+00 1.765955e+00
      vertex   -3.100000e+01 -3.935421e+00 2.090120e+00
    endloop
  endfacet
  facet normal -2.371049e-04 8.161146e-01 5.778900e-01
    outer loop
      vertex   -2.470860e+01 -3.805336e+00 1.908991e+00
      vertex   -3.100000e+01 -3.935421e+00 2.090120e+00
      vertex   -2.468747e+01 -3.940080e+00 2.099290e+00
    endloop
  endfacet
  facet normal -1.595150e-04 8.428923e-01 5.380822e-01
    outer loop
      vertex   -2.468747e+01 -3.940080e+00 2.099290e+00
      vertex   -3.100000e+01 -3.935421e+00 2.090120e+00
      vertex   -2.466698e+01 -4.066466e+00 2.297276e+00
    endloop
  endfacet
  facet normal 4.697848e-04 8.515290e-01 5.243072e-01
    outer loop
      vertex   -2.466698e+01 -4.066466e+00 2.297276e+00
      vertex   -3.100000e+01 -3.935421e+00 2.090120e+00
      vertex   -3.100000e+01 -4.146817e+00 2.433449e+00
    endloop
  endfacet
  facet normal -3.364446e-04 8.680142e-01 4.965392e-01
    outer loop
      vertex   -2.466698e+01 -4.066466e+00 2.297276e+00
      vertex   -3.100000e+01 -4.146817e+00 2.433449e+00
      vertex   -2.464740e+01 -4.183707e+00 2.502241e+00
    endloop
  endfacet
  facet normal 2.729027e-04 8.915628e-01 4.528969e-01
    outer loop
      vertex   -2.464740e+01 -4.183707e+00 2.502241e+00
      vertex   -3.100000e+01 -4.146817e+00 2.433449e+00
      vertex   -2.462898e+01 -4.291016e+00 2.713477e+00
    endloop
  endfacet
  facet normal 4.221266e-04 8.929258e-01 4.502037e-01
    outer loop
      vertex   -2.462898e+01 -4.291016e+00 2.713477e+00
      vertex   -3.100000e+01 -4.146817e+00 2.433449e+00
      vertex   -3.100000e+01 -4.328335e+00 2.793469e+00
    endloop
  endfacet
  facet normal -2.406056e-04 9.134336e-01 4.069876e-01
    outer loop
      vertex   -2.462898e+01 -4.291016e+00 2.713477e+00
      vertex   -3.100000e+01 -4.328335e+00 2.793469e+00
      vertex   -2.461197e+01 -4.387608e+00 2.930275e+00
    endloop
  endfacet
  facet normal 6.244749e-04 9.278888e-01 3.728564e-01
    outer loop
      vertex   -2.461197e+01 -4.387608e+00 2.930275e+00
      vertex   -3.100000e+01 -4.328335e+00 2.793469e+00
      vertex   -3.100000e+01 -4.478668e+00 3.167586e+00
    endloop
  endfacet
  facet normal 2.959894e-05 9.333597e-01 3.589425e-01
    outer loop
      vertex   -2.461197e+01 -4.387608e+00 2.930275e+00
      vertex   -3.100000e+01 -4.478668e+00 3.167586e+00
      vertex   -2.459666e+01 -4.472829e+00 3.151875e+00
    endloop
  endfacet
  facet normal -1.036993e-04 9.504241e-01 3.109566e-01
    outer loop
      vertex   -2.459666e+01 -4.472829e+00 3.151875e+00
      vertex   -3.100000e+01 -4.478668e+00 3.167586e+00
      vertex   -2.458320e+01 -4.546574e+00 3.377277e+00
    endloop
  endfacet
  facet normal 5.496565e-04 9.561666e-01 2.928227e-01
    outer loop
      vertex   -2.458320e+01 -4.546574e+00 3.377277e+00
      vertex   -3.100000e+01 -4.478668e+00 3.167586e+00
      vertex   -3.100000e+01 -4.596731e+00 3.553104e+00
    endloop
  endfacet
  facet normal -3.213859e-04 9.646703e-01 2.634599e-01
    outer loop
      vertex   -2.458320e+01 -4.546574e+00 3.377277e+00
      vertex   -3.100000e+01 -4.596731e+00 3.553104e+00
      vertex   -2.457165e+01 -4.608877e+00 3.605419e+00
    endloop
  endfacet
  facet normal 8.506596e-05 9.763434e-01 2.162256e-01
    outer loop
      vertex   -2.457165e+01 -4.608877e+00 3.605419e+00
      vertex   -3.100000e+01 -4.596731e+00 3.553104e+00
      vertex   -2.456207e+01 -4.659775e+00 3.835236e+00
    endloop
  endfacet
  facet normal 3.399911e-04 9.775552e-01 2.106793e-01
    outer loop
      vertex   -2.456207e+01 -4.659775e+00 3.835236e+00
      vertex   -3.100000e+01 -4.596731e+00 3.553104e+00
      vertex   -3.100000e+01 -4.681676e+00 3.947246e+00
    endloop
  endfacet
  facet normal -4.112327e-04 9.856031e-01 1.690751e-01
    outer loop
      vertex   -2.456207e+01 -4.659775e+00 3.835236e+00
      vertex   -3.100000e+01 -4.681676e+00 3.947246e+00
      vertex   -2.455451e+01 -4.699301e+00 4.065667e+00
    endloop
  endfacet
  facet normal 3.786904e-04 9.919004e-01 1.270178e-01
    outer loop
      vertex   -2.455451e+01 -4.699301e+00 4.065667e+00
      vertex   -3.100000e+01 -4.681676e+00 3.947246e+00
      vertex   -3.100000e+01 -4.732888e+00 4.347172e+00
    endloop
  endfacet
  facet normal 1.412065e-04 9.925718e-01 1.216604e-01
    outer loop
      vertex   -2.455451e+01 -4.699301e+00 4.065667e+00
      vertex   -3.100000e+01 -4.732888e+00 4.347172e+00
      vertex   -2.454905e+01 -4.727490e+00 4.295646e+00
    endloop
  endfacet
  facet normal -2.456277e-04 9.972788e-01 7.372218e-02
    outer loop
      vertex   -2.454905e+01 -4.727490e+00 4.295646e+00
      vertex   -3.100000e+01 -4.732888e+00 4.347172e+00
      vertex   -2.454572e+01 -4.744378e+00 4.524112e+00
    endloop
  endfacet
  facet normal 6.151612e-04 9.990988e-01 4.244120e-02
    outer loop
      vertex   -2.454572e+01 -4.744378e+00 4.524112e+00
      vertex   -3.100000e+01 -4.732888e+00 4.347172e+00
      vertex   -3.100000e+01 -4.750000e+00 4.750000e+00
    endloop
  endfacet
  facet normal 3.474995e-20 9.996905e-01 2.487899e-02
    outer loop
      vertex   -2.454572e+01 -4.744378e+00 4.524112e+00
      vertex   -3.100000e+01 -4.750000e+00 4.750000e+00
      vertex   -2.454460e+01 -4.750000e+00 4.750000e+00
    endloop
  endfacet
  facet normal 0.000000e+00 -1.000000e+00 0.000000e+00
    outer loop
      vertex   -3.100000e+01 4.750000e+00 8.500000e+00
      vertex   -3.100000e+01 4.750000e+00 4.750000e+00
      vertex   -2.454460e+01 4.750000e+00 8.500000e+00
    endloop
  endfacet
  facet normal 0.000000e+00 -1.000000e+00 -0.000000e+00
    outer loop
      vertex   -2.454460e+01 4.750000e+00 8.500000e+00
      vertex   -3.100000e+01 4.750000e+00 4.750000e+00
      vertex   -2.454460e+01 4.750000e+00 4.750000e+00
    endloop
  endfacet
  facet normal 0.000000e+00 1.000000e+00 -2.368476e-16
    outer loop
      vertex   -2.454460e+01 -4.750000e+00 8.500000e+00
      vertex   -2.454460e+01 -4.750000e+00 4.750000e+00
      vertex   -3.100000e+01 -4.750000e+00 8.500000e+00
    endloop
  endfacet
  facet normal 0.000000e+00 1.000000e+00 -2.368476e-16
    outer loop
      vertex   -3.100000e+01 -4.750000e+00 8.500000e+00
      vertex   -2.454460e+01 -4.750000e+00 4.750000e+00
      vertex   -3.100000e+01 -4.750000e+00 4.750000e+00
    endloop
  endfacet
  facet normal -0.000000e+00 -0.000000e+00 1.000000e+00
    outer loop
      vertex   -2.815986e+00 1.655726e+01 0.000000e+00
      vertex   9.444507e-01 1.370757e+01 0.000000e+00
      vertex   -2.971621e+00 1.693587e+01 0.000000e+00
    endloop
  endfacet
  facet normal -0.000000e+00 0.000000e+00 1.000000e+00
    outer loop
      vertex   -2.971621e+00 1.693587e+01 0.000000e+00
      vertex   9.444507e-01 1.370757e+01 0.000000e+00
      vertex   2.831647e+00 2.383237e+01 0.000000e+00
    endloop
  endfacet
  facet normal 0.000000e+00 0.000000e+00 1.000000e+00
    outer loop
      vertex   -2.971621e+00 1.693587e+01 0.000000e+00
      vertex   2.831647e+00 2.383237e+01 0.000000e+00
      vertex   1.924194e+00 2.392274e+01 0.000000e+00
    endloop
  endfacet
  facet normal 0.000000e+00 0.000000e+00 1.000000e+00
    outer loop
      vertex   -2.815986e+00 1.655726e+01 0.000000e+00
      vertex   -2.629902e+00 1.619266e+01 0.000000e+00
      vertex   9.444507e-01 1.370757e+01 0.000000e+00
    endloop
  endfacet
  facet normal 0.000000e+00 0.000000e+00 1.000000e+00
    outer loop
      vertex   9.444507e-01 1.370757e+01 0.000000e+00
      vertex   -2.629902e+00 1.619266e+01 0.000000e+00
      vertex   -2.414617e+00 1.584449e+01 0.000000e+00
    endloop
  endfacet
  facet normal 0.000000e+00 0.000000e+00 1.000000e+00
    outer loop
      vertex   9.444507e-01 1.370757e+01 0.000000e+00
      vertex   -2.414617e+00 1.584449e+01 0.000000e+00
      vertex   -2.171572e+00 1.551510e+01 0.000000e+00
    endloop
  endfacet
  facet normal 0.000000e+00 0.000000e+00 1.000000e+00
    outer loop
      vertex   -2.171572e+00 1.551510e+01 0.000000e+00
      vertex   -1.902398e+00 1.520670e+01 0.000000e+00
      vertex   9.444507e-01 1.370757e+01 0.000000e+00
    endloop
  endfacet
  facet normal 0.000000e+00 0.000000e+00 1.000000e+00
    outer loop
      vertex   9.444507e-01 1.370757e+01 0.000000e+00
      vertex   -1.902398e+00 1.520670e+01 0.000000e+00
      vertex   -1.608898e+00 1.492135e+01 0.000000e+00
    endloop
  endfacet
  facet normal 0.000000e+00 0.000000e+00 1.000000e+00
    outer loop
      vertex   9.444507e-01 1.370757e+01 0.000000e+00
      vertex   -1.608898e+00 1.492135e+01 0.000000e+00
      vertex   -1.293039e+00 1.466096e+01 0.000000e+00
    endloop
  endfacet
  facet normal 0.000000e+00 0.000000e+00 1.000000e+00
    outer loop
      vertex   -1.293039e+00 1.466096e+01 0.000000e+00
      vertex   -9.569396e-01 1.442729e+01 0.000000e+00
      vertex   9.444507e-01 1.370757e+01 0.000000e+00
    endloop
  endfacet
  facet normal 0.000000e+00 0.000000e+00 1.000000e+00
    outer loop
      vertex   9.444507e-01 1.370757e+01 0.000000e+00
      vertex   -9.569396e-01 1.442729e+01 0.000000e+00
      vertex   -6.028513e-01 1.422189e+01 0.000000e+00
    endloop
  endfacet
  facet normal 0.000000e+00 0.000000e+00 1.000000e+00
    outer loop
      vertex   9.444507e-01 1.370757e+01 0.000000e+00
      vertex   -6.028513e-01 1.422189e+01 0.000000e+00
      vertex   -2.331478e-01 1.404614e+01 0.000000e+00
    endloop
  endfacet
  facet normal 0.000000e+00 0.000000e+00 1.000000e+00
    outer loop
      vertex   -2.331478e-01 1.404614e+01 0.000000e+00
      vertex   1.496929e-01 1.390123e+01 0.000000e+00
      vertex   9.444507e-01 1.370757e+01 0.000000e+00
    endloop
  endfacet
  facet normal 0.000000e+00 0.000000e+00 1.000000e+00
    outer loop
      vertex   9.444507e-01 1.370757e+01 0.000000e+00
      vertex   1.496929e-01 1.390123e+01 0.000000e+00
      vertex   5.431047e-01 1.378812e+01 0.000000e+00
    endloop
  endfacet
  facet normal -0.000000e+00 0.000000e+00 1.000000e+00
    outer loop
      vertex   9.444507e-01 1.370757e+01 0.000000e+00
      vertex   1.564682e+00 1.359178e+01 0.000000e+00
      vertex   2.831647e+00 2.383237e+01 0.000000e+00
    endloop
  endfacet
  facet normal 0.000000e+00 0.000000e+00 1.000000e+00
    outer loop
      vertex   2.831647e+00 2.383237e+01 0.000000e+00
      vertex   1.564682e+00 1.359178e+01 0.000000e+00
      vertex   3.735011e+00 2.370759e+01 0.000000e+00
    endloop
  endfacet
  facet normal 0.000000e+00 0.000000e+00 1.000000e+00
    outer loop
      vertex   3.735011e+00 2.370759e+01 0.000000e+00
      vertex   1.564682e+00 1.359178e+01 0.000000e+00
      vertex   2.177629e+00 1.344215e+01 0.000000e+00
    endloop
  endfacet
  facet normal 0.000000e+00 0.000000e+00 1.000000e+00
    outer loop
      vertex   3.735011e+00 2.370759e+01 0.000000e+00
      vertex   2.177629e+00 1.344215e+01 0.000000e+00
      vertex   4.632983e+00 2.354858e+01 0.000000e+00
    endloop
  endfacet
  facet normal 0.000000e+00 0.000000e+00 1.000000e+00
    outer loop
      vertex   4.632983e+00 2.354858e+01 0.000000e+00
      vertex   2.177629e+00 1.344215e+01 0.000000e+00
      vertex   5.524266e+00 2.335557e+01 0.000000e+00
    endloop
  endfacet
  facet normal 0.000000e+00 0.000000e+00 1.000000e+00
    outer loop
      vertex   5.524266e+00 2.335557e+01 0.000000e+00
      vertex   2.177629e+00 1.344215e+01 0.000000e+00
      vertex   2.781448e+00 1.325913e+01 0.000000e+00
    endloop
  endfacet
  facet normal 0.000000e+00 0.000000e+00 1.000000e+00
    outer loop
      vertex   5.524266e+00 2.335557e+01 0.000000e+00
      vertex   2.781448e+00 1.325913e+01 0.000000e+00
      vertex   6.407573e+00 2.312884e+01 0.000000e+00
    endloop
  endfacet
  facet normal 0.000000e+00 0.000000e+00 1.000000e+00
    outer loop
      vertex   6.407573e+00 2.312884e+01 0.000000e+00
      vertex   2.781448e+00 1.325913e+01 0.000000e+00
      vertex   3.374320e+00 1.304327e+01 0.000000e+00
    endloop
  endfacet
  facet normal 0.000000e+00 0.000000e+00 1.000000e+00
    outer loop
      vertex   6.407573e+00 2.312884e+01 0.000000e+00
      vertex   3.374320e+00 1.304327e+01 0.000000e+00
      vertex   7.281628e+00 2.286871e+01 0.000000e+00
    endloop
  endfacet
  facet normal 0.000000e+00 0.000000e+00 1.000000e+00
    outer loop
      vertex   7.281628e+00 2.286871e+01 0.000000e+00
      vertex   3.374320e+00 1.304327e+01 0.000000e+00
      vertex   3.954461e+00 1.279522e+01 0.000000e+00
    endloop
  endfacet
  facet normal 0.000000e+00 0.000000e+00 1.000000e+00
    outer loop
      vertex   7.281628e+00 2.286871e+01 0.000000e+00
      vertex   3.954461e+00 1.279522e+01 0.000000e+00
      vertex   8.145170e+00 2.257557e+01 0.000000e+00
    endloop
  endfacet
  facet normal 0.000000e+00 0.000000e+00 1.000000e+00
    outer loop
      vertex   8.145170e+00 2.257557e+01 0.000000e+00
      vertex   3.954461e+00 1.279522e+01 0.000000e+00
      vertex   8.996952e+00 2.224983e+01 0.000000e+00
    endloop
  endfacet
  facet normal 0.000000e+00 0.000000e+00 1.000000e+00
    outer loop
      vertex   8.996952e+00 2.224983e+01 0.000000e+00
      vertex   3.954461e+00 1.279522e+01 0.000000e+00
      vertex   4.520125e+00 1.251572e+01 0.000000e+00
    endloop
  endfacet
  facet normal 0.000000e+00 0.000000e+00 1.000000e+00
    outer loop
      vertex   8.996952e+00 2.224983e+01 0.000000e+00
      vertex   4.520125e+00 1.251572e+01 0.000000e+00
      vertex   9.835744e+00 2.189197e+01 0.000000e+00
    endloop
  endfacet
  facet normal 0.000000e+00 0.000000e+00 1.000000e+00
    outer loop
      vertex   9.835744e+00 2.189197e+01 0.000000e+00
      vertex   4.520125e+00 1.251572e+01 0.000000e+00
      vertex   5.069609e+00 1.220562e+01 0.000000e+00
    endloop
  endfacet
  facet normal 0.000000e+00 0.000000e+00 1.000000e+00
    outer loop
      vertex   9.835744e+00 2.189197e+01 0.000000e+00
      vertex   5.069609e+00 1.220562e+01 0.000000e+00
      vertex   1.066033e+01 2.150249e+01 0.000000e+00
    endloop
  endfacet
  facet normal 0.000000e+00 0.000000e+00 1.000000e+00
    outer loop
      vertex   1.066033e+01 2.150249e+01 0.000000e+00
      vertex   5.069609e+00 1.220562e+01 0.000000e+00
      vertex   5.601258e+00 1.186585e+01 0.000000e+00
    endloop
  endfacet
  facet normal 0.000000e+00 0.000000e+00 1.000000e+00
    outer loop
      vertex   1.066033e+01 2.150249e+01 0.000000e+00
      vertex   5.601258e+00 1.186585e+01 0.000000e+00
      vertex   1.146953e+01 2.108198e+01 0.000000e+00
    endloop
  endfacet
  facet normal 0.000000e+00 0.000000e+00 1.000000e+00
    outer loop
      vertex   1.146953e+01 2.108198e+01 0.000000e+00
      vertex   5.601258e+00 1.186585e+01 0.000000e+00
      vertex   1.226217e+01 2.063102e+01 0.000000e+00
    endloop
  endfacet
  facet normal 0.000000e+00 0.000000e+00 1.000000e+00
    outer loop
      vertex   1.226217e+01 2.063102e+01 0.000000e+00
      vertex   5.601258e+00 1.186585e+01 0.000000e+00
      vertex   6.113473e+00 1.149744e+01 0.000000e+00
    endloop
  endfacet
  facet normal 0.000000e+00 0.000000e+00 1.000000e+00
    outer loop
      vertex   1.226217e+01 2.063102e+01 0.000000e+00
      vertex   6.113473e+00 1.149744e+01 0.000000e+00
      vertex   1.303711e+01 2.015028e+01 0.000000e+00
    endloop
  endfacet
  facet normal 0.000000e+00 0.000000e+00 1.000000e+00
    outer loop
      vertex   1.303711e+01 2.015028e+01 0.000000e+00
      vertex   6.113473e+00 1.149744e+01 0.000000e+00
      vertex   6.604712e+00 1.110149e+01 0.000000e+00
    endloop
  endfacet
  facet normal 0.000000e+00 0.000000e+00 1.000000e+00
    outer loop
      vertex   1.303711e+01 2.015028e+01 0.000000e+00
      vertex   6.604712e+00 1.110149e+01 0.000000e+00
      vertex   1.379322e+01 1.964044e+01 0.000000e+00
    endloop
  endfacet
  facet normal 0.000000e+00 0.000000e+00 1.000000e+00
    outer loop
      vertex   1.379322e+01 1.964044e+01 0.000000e+00
      vertex   6.604712e+00 1.110149e+01 0.000000e+00
      vertex   7.073495e+00 1.067919e+01 0.000000e+00
    endloop
  endfacet
  facet normal 0.000000e+00 0.000000e+00 1.000000e+00
    outer loop
      vertex   1.379322e+01 1.964044e+01 0.000000e+00
      vertex   7.073495e+00 1.067919e+01 0.000000e+00
      vertex   1.452942e+01 1.910225e+01 0.000000e+00
    endloop
  endfacet
  facet normal 0.000000e+00 0.000000e+00 1.000000e+00
    outer loop
      vertex   1.452942e+01 1.910225e+01 0.000000e+00
      vertex   7.073495e+00 1.067919e+01 0.000000e+00
      vertex   1.524464e+01 1.853648e+01 0.000000e+00
    endloop
  endfacet
  facet normal 0.000000e+00 0.000000e+00 1.000000e+00
    outer loop
      vertex   1.524464e+01 1.853648e+01 0.000000e+00
      vertex   7.073495e+00 1.067919e+01 0.000000e+00
      vertex   7.518412e+00 1.023182e+01 0.000000e+00
    endloop
  endfacet
  facet normal 0.000000e+00 0.000000e+00 1.000000e+00
    outer loop
      vertex   1.524464e+01 1.853648e+01 0.000000e+00
      vertex   7.518412e+00 1.023182e+01 0.000000e+00
      vertex   1.290656e+01 8.941926e+00 0.000000e+00
    endloop
  endfacet
  facet normal 0.000000e+00 0.000000e+00 1.000000e+00
    outer loop
      vertex   1.290656e+01 8.941926e+00 0.000000e+00
      vertex   7.518412e+00 1.023182e+01 0.000000e+00
      vertex   1.269233e+01 8.875844e+00 0.000000e+00
    endloop
  endfacet
  facet normal 0.000000e+00 0.000000e+00 1.000000e+00
    outer loop
      vertex   1.269233e+01 8.875844e+00 0.000000e+00
      vertex   7.518412e+00 1.023182e+01 0.000000e+00
      vertex   7.938124e+00 9.760715e+00 0.000000e+00
    endloop
  endfacet
  facet normal 0.000000e+00 0.000000e+00 1.000000e+00
    outer loop
      vertex   1.269233e+01 8.875844e+00 0.000000e+00
      vertex   7.938124e+00 9.760715e+00 0.000000e+00
      vertex   1.249034e+01 8.778572e+00 0.000000e+00
    endloop
  endfacet
  facet normal 0.000000e+00 0.000000e+00 1.000000e+00
    outer loop
      vertex   1.249034e+01 8.778572e+00 0.000000e+00
      vertex   7.938124e+00 9.760715e+00 0.000000e+00
      vertex   8.331367e+00 9.267305e+00 0.000000e+00
    endloop
  endfacet
  facet normal 0.000000e+00 0.000000e+00 1.000000e+00
    outer loop
      vertex   1.249034e+01 8.778572e+00 0.000000e+00
      vertex   8.331367e+00 9.267305e+00 0.000000e+00
      vertex   1.230510e+01 8.652281e+00 0.000000e+00
    endloop
  endfacet
  facet normal 0.000000e+00 0.000000e+00 1.000000e+00
    outer loop
      vertex   1.230510e+01 8.652281e+00 0.000000e+00
      vertex   8.331367e+00 9.267305e+00 0.000000e+00
      vertex   8.696957e+00 8.753070e+00 0.000000e+00
    endloop
  endfacet
  facet normal 0.000000e+00 0.000000e+00 1.000000e+00
    outer loop
      vertex   1.230510e+01 8.652281e+00 0.000000e+00
      vertex   8.696957e+00 8.753070e+00 0.000000e+00
      vertex   1.214076e+01 8.499793e+00 0.000000e+00
    endloop
  endfacet
  facet normal 0.000000e+00 0.000000e+00 1.000000e+00
    outer loop
      vertex   1.214076e+01 8.499793e+00 0.000000e+00
      vertex   8.696957e+00 8.753070e+00 0.000000e+00
      vertex   1.200098e+01 8.324514e+00 0.000000e+00
    endloop
  endfacet
  facet normal 0.000000e+00 0.000000e+00 1.000000e+00
    outer loop
      vertex   1.200098e+01 8.324514e+00 0.000000e+00
      vertex   8.696957e+00 8.753070e+00 0.000000e+00
      vertex   9.033795e+00 8.219559e+00 0.000000e+00
    endloop
  endfacet
  facet normal 0.000000e+00 0.000000e+00 1.000000e+00
    outer loop
      vertex   1.200098e+01 8.324514e+00 0.000000e+00
      vertex   9.033795e+00 8.219559e+00 0.000000e+00
      vertex   1.188889e+01 8.130359e+00 0.000000e+00
    endloop
  endfacet
  facet normal 0.000000e+00 0.000000e+00 1.000000e+00
    outer loop
      vertex   1.188889e+01 8.130359e+00 0.000000e+00
      vertex   9.033795e+00 8.219559e+00 0.000000e+00
      vertex   9.340865e+00 7.668377e+00 0.000000e+00
    endloop
  endfacet
  facet normal 0.000000e+00 0.000000e+00 1.000000e+00
    outer loop
      vertex   1.188889e+01 8.130359e+00 0.000000e+00
      vertex   9.340865e+00 7.668377e+00 0.000000e+00
      vertex   1.180698e+01 7.921666e+00 0.000000e+00
    endloop
  endfacet
  facet normal 0.000000e+00 0.000000e+00 1.000000e+00
    outer loop
      vertex   1.180698e+01 7.921666e+00 0.000000e+00
      vertex   9.340865e+00 7.668377e+00 0.000000e+00
      vertex   1.175709e+01 7.703097e+00 0.000000e+00
    endloop
  endfacet
  facet normal 0.000000e+00 0.000000e+00 1.000000e+00
    outer loop
      vertex   1.175709e+01 7.703097e+00 0.000000e+00
      vertex   9.340865e+00 7.668377e+00 0.000000e+00
      vertex   9.617244e+00 7.101184e+00 0.000000e+00
    endloop
  endfacet
  facet normal 0.000000e+00 0.000000e+00 1.000000e+00
    outer loop
      vertex   1.175709e+01 7.703097e+00 0.000000e+00
      vertex   9.617244e+00 7.101184e+00 0.000000e+00
      vertex   1.174034e+01 7.479534e+00 0.000000e+00
    endloop
  endfacet
  facet normal 0.000000e+00 0.000000e+00 1.000000e+00
    outer loop
      vertex   1.174034e+01 7.479534e+00 0.000000e+00
      vertex   9.617244e+00 7.101184e+00 0.000000e+00
      vertex   1.175709e+01 7.255970e+00 0.000000e+00
    endloop
  endfacet
  facet normal 0.000000e+00 0.000000e+00 1.000000e+00
    outer loop
      vertex   1.175709e+01 7.255970e+00 0.000000e+00
      vertex   9.617244e+00 7.101184e+00 0.000000e+00
      vertex   9.862100e+00 6.519686e+00 0.000000e+00
    endloop
  endfacet
  facet normal 0.000000e+00 0.000000e+00 1.000000e+00
    outer loop
      vertex   1.175709e+01 7.255970e+00 0.000000e+00
      vertex   9.862100e+00 6.519686e+00 0.000000e+00
      vertex   1.180698e+01 7.037401e+00 0.000000e+00
    endloop
  endfacet
  facet normal 0.000000e+00 0.000000e+00 1.000000e+00
    outer loop
      vertex   1.180698e+01 7.037401e+00 0.000000e+00
      vertex   9.862100e+00 6.519686e+00 0.000000e+00
      vertex   1.188889e+01 6.828708e+00 0.000000e+00
    endloop
  endfacet
  facet normal 0.000000e+00 0.000000e+00 1.000000e+00
    outer loop
      vertex   1.188889e+01 6.828708e+00 0.000000e+00
      vertex   9.862100e+00 6.519686e+00 0.000000e+00
      vertex   1.007470e+01 5.925635e+00 0.000000e+00
    endloop
  endfacet
  facet normal 0.000000e+00 0.000000e+00 1.000000e+00
    outer loop
      vertex   1.188889e+01 6.828708e+00 0.000000e+00
      vertex   1.007470e+01 5.925635e+00 0.000000e+00
      vertex   1.200098e+01 6.634554e+00 0.000000e+00
    endloop
  endfacet
  facet normal 0.000000e+00 0.000000e+00 1.000000e+00
    outer loop
      vertex   1.200098e+01 6.634554e+00 0.000000e+00
      vertex   1.007470e+01 5.925635e+00 0.000000e+00
      vertex   1.025439e+01 5.320818e+00 0.000000e+00
    endloop
  endfacet
  facet normal 0.000000e+00 0.000000e+00 1.000000e+00
    outer loop
      vertex   1.200098e+01 6.634554e+00 0.000000e+00
      vertex   1.025439e+01 5.320818e+00 0.000000e+00
      vertex   1.214076e+01 6.459275e+00 0.000000e+00
    endloop
  endfacet
  facet normal 0.000000e+00 0.000000e+00 1.000000e+00
    outer loop
      vertex   1.214076e+01 6.459275e+00 0.000000e+00
      vertex   1.025439e+01 5.320818e+00 0.000000e+00
      vertex   1.230510e+01 6.306786e+00 0.000000e+00
    endloop
  endfacet
  facet normal 0.000000e+00 0.000000e+00 1.000000e+00
    outer loop
      vertex   1.230510e+01 6.306786e+00 0.000000e+00
      vertex   1.025439e+01 5.320818e+00 0.000000e+00
      vertex   1.040064e+01 4.707057e+00 0.000000e+00
    endloop
  endfacet
  facet normal 0.000000e+00 0.000000e+00 1.000000e+00
    outer loop
      vertex   1.230510e+01 6.306786e+00 0.000000e+00
      vertex   1.040064e+01 4.707057e+00 0.000000e+00
      vertex   1.249034e+01 6.180496e+00 0.000000e+00
    endloop
  endfacet
  facet normal 0.000000e+00 0.000000e+00 1.000000e+00
    outer loop
      vertex   1.249034e+01 6.180496e+00 0.000000e+00
      vertex   1.040064e+01 4.707057e+00 0.000000e+00
      vertex   1.269233e+01 6.083223e+00 0.000000e+00
    endloop
  endfacet
  facet normal 0.000000e+00 0.000000e+00 1.000000e+00
    outer loop
      vertex   1.269233e+01 6.083223e+00 0.000000e+00
      vertex   1.040064e+01 4.707057e+00 0.000000e+00
      vertex   1.051302e+01 4.086198e+00 0.000000e+00
    endloop
  endfacet
  facet normal 0.000000e+00 0.000000e+00 1.000000e+00
    outer loop
      vertex   1.269233e+01 6.083223e+00 0.000000e+00
      vertex   1.051302e+01 4.086198e+00 0.000000e+00
      vertex   1.290656e+01 6.017142e+00 0.000000e+00
    endloop
  endfacet
  facet normal 0.000000e+00 0.000000e+00 1.000000e+00
    outer loop
      vertex   1.290656e+01 6.017142e+00 0.000000e+00
      vertex   1.051302e+01 4.086198e+00 0.000000e+00
      vertex   1.059117e+01 3.460110e+00 0.000000e+00
    endloop
  endfacet
  facet normal 0.000000e+00 0.000000e+00 1.000000e+00
    outer loop
      vertex   1.290656e+01 6.017142e+00 0.000000e+00
      vertex   1.059117e+01 3.460110e+00 0.000000e+00
      vertex   1.312824e+01 5.983728e+00 0.000000e+00
    endloop
  endfacet
  facet normal -0.000000e+00 0.000000e+00 1.000000e+00
    outer loop
      vertex   1.312824e+01 5.983728e+00 0.000000e+00
      vertex   1.059117e+01 3.460110e+00 0.000000e+00
      vertex   1.335243e+01 5.983728e+00 0.000000e+00
    endloop
  endfacet
  facet normal 0.000000e+00 0.000000e+00 1.000000e+00
    outer loop
      vertex   1.335243e+01 5.983728e+00 0.000000e+00
      vertex   1.059117e+01 3.460110e+00 0.000000e+00
      vertex   1.063487e+01 2.830679e+00 0.000000e+00
    endloop
  endfacet
  facet normal -0.000000e+00 0.000000e+00 1.000000e+00
    outer loop
      vertex   1.335243e+01 5.983728e+00 0.000000e+00
      vertex   1.063487e+01 2.830679e+00 0.000000e+00
      vertex   1.357412e+01 6.017142e+00 0.000000e+00
    endloop
  endfacet
  facet normal 0.000000e+00 0.000000e+00 1.000000e+00
    outer loop
      vertex   1.357412e+01 6.017142e+00 0.000000e+00
      vertex   1.063487e+01 2.830679e+00 0.000000e+00
      vertex   1.064398e+01 2.199798e+00 0.000000e+00
    endloop
  endfacet
  facet normal -0.000000e+00 0.000000e+00 1.000000e+00
    outer loop
      vertex   1.357412e+01 6.017142e+00 0.000000e+00
      vertex   1.064398e+01 2.199798e+00 0.000000e+00
      vertex   1.378835e+01 6.083223e+00 0.000000e+00
    endloop
  endfacet
  facet normal 0.000000e+00 0.000000e+00 1.000000e+00
    outer loop
      vertex   1.378835e+01 6.083223e+00 0.000000e+00
      vertex   1.064398e+01 2.199798e+00 0.000000e+00
      vertex   1.061848e+01 1.569367e+00 0.000000e+00
    endloop
  endfacet
  facet normal -0.000000e+00 0.000000e+00 1.000000e+00
    outer loop
      vertex   1.378835e+01 6.083223e+00 0.000000e+00
      vertex   1.061848e+01 1.569367e+00 0.000000e+00
      vertex   1.399034e+01 6.180496e+00 0.000000e+00
    endloop
  endfacet
  facet normal 0.000000e+00 0.000000e+00 1.000000e+00
    outer loop
      vertex   1.399034e+01 6.180496e+00 0.000000e+00
      vertex   1.061848e+01 1.569367e+00 0.000000e+00
      vertex   1.055844e+01 9.412834e-01 0.000000e+00
    endloop
  endfacet
  facet normal 0.000000e+00 0.000000e+00 1.000000e+00
    outer loop
      vertex   1.399034e+01 6.180496e+00 0.000000e+00
      vertex   1.055844e+01 9.412834e-01 0.000000e+00
      vertex   2.399912e+01 2.049771e-01 0.000000e+00
    endloop
  endfacet
  facet normal 0.000000e+00 0.000000e+00 1.000000e+00
    outer loop
      vertex   2.399912e+01 2.049771e-01 0.000000e+00
      vertex   1.055844e+01 9.412834e-01 0.000000e+00
      vertex   2.398959e+01 -7.069149e-01 0.000000e+00
    endloop
  endfacet
  facet normal 0.000000e+00 0.000000e+00 1.000000e+00
    outer loop
      vertex   2.398959e+01 -7.069149e-01 0.000000e+00
      vertex   1.055844e+01 9.412834e-01 0.000000e+00
      vertex   1.046404e+01 3.174381e-01 0.000000e+00
    endloop
  endfacet
  facet normal 0.000000e+00 0.000000e+00 1.000000e+00
    outer loop
      vertex   2.398959e+01 -7.069149e-01 0.000000e+00
      vertex   1.046404e+01 3.174381e-01 0.000000e+00
      vertex   2.394541e+01 -1.617786e+00 0.000000e+00
    endloop
  endfacet
  facet normal 0.000000e+00 0.000000e+00 1.000000e+00
    outer loop
      vertex   2.394541e+01 -1.617786e+00 0.000000e+00
      vertex   1.046404e+01 3.174381e-01 0.000000e+00
      vertex   1.033557e+01 -3.002912e-01 0.000000e+00
    endloop
  endfacet
  facet normal 0.000000e+00 0.000000e+00 1.000000e+00
    outer loop
      vertex   2.394541e+01 -1.617786e+00 0.000000e+00
      vertex   1.033557e+01 -3.002912e-01 0.000000e+00
      vertex   2.386667e+01 -2.526322e+00 0.000000e+00
    endloop
  endfacet
  facet normal 0.000000e+00 0.000000e+00 1.000000e+00
    outer loop
      vertex   2.386667e+01 -2.526322e+00 0.000000e+00
      vertex   1.033557e+01 -3.002912e-01 0.000000e+00
      vertex   2.375346e+01 -3.431210e+00 0.000000e+00
    endloop
  endfacet
  facet normal 0.000000e+00 0.000000e+00 1.000000e+00
    outer loop
      vertex   2.375346e+01 -3.431210e+00 0.000000e+00
      vertex   1.033557e+01 -3.002912e-01 0.000000e+00
      vertex   1.017342e+01 -9.100450e-01 0.000000e+00
    endloop
  endfacet
  facet normal 0.000000e+00 0.000000e+00 1.000000e+00
    outer loop
      vertex   2.375346e+01 -3.431210e+00 0.000000e+00
      vertex   1.017342e+01 -9.100450e-01 0.000000e+00
      vertex   2.360596e+01 -4.331144e+00 0.000000e+00
    endloop
  endfacet
  facet normal 0.000000e+00 0.000000e+00 1.000000e+00
    outer loop
      vertex   2.360596e+01 -4.331144e+00 0.000000e+00
      vertex   1.017342e+01 -9.100450e-01 0.000000e+00
      vertex   9.978067e+00 -1.509988e+00 0.000000e+00
    endloop
  endfacet
  facet normal 0.000000e+00 0.000000e+00 1.000000e+00
    outer loop
      vertex   2.360596e+01 -4.331144e+00 0.000000e+00
      vertex   9.978067e+00 -1.509988e+00 0.000000e+00
      vertex   2.342437e+01 -5.224824e+00 0.000000e+00
    endloop
  endfacet
  facet normal 0.000000e+00 0.000000e+00 1.000000e+00
    outer loop
      vertex   2.342437e+01 -5.224824e+00 0.000000e+00
      vertex   9.978067e+00 -1.509988e+00 0.000000e+00
      vertex   2.320897e+01 -6.110961e+00 0.000000e+00
    endloop
  endfacet
  facet normal 0.000000e+00 0.000000e+00 1.000000e+00
    outer loop
      vertex   2.320897e+01 -6.110961e+00 0.000000e+00
      vertex   9.978067e+00 -1.509988e+00 0.000000e+00
      vertex   9.750106e+00 -2.098314e+00 0.000000e+00
    endloop
  endfacet
  facet normal 0.000000e+00 0.000000e+00 1.000000e+00
    outer loop
      vertex   2.320897e+01 -6.110961e+00 0.000000e+00
      vertex   9.750106e+00 -2.098314e+00 0.000000e+00
      vertex   2.296005e+01 -6.988275e+00 0.000000e+00
    endloop
  endfacet
  facet normal 0.000000e+00 0.000000e+00 1.000000e+00
    outer loop
      vertex   2.296005e+01 -6.988275e+00 0.000000e+00
      vertex   9.750106e+00 -2.098314e+00 0.000000e+00
      vertex   9.490222e+00 -2.673252e+00 0.000000e+00
    endloop
  endfacet
  facet normal 0.000000e+00 0.000000e+00 1.000000e+00
    outer loop
      vertex   2.296005e+01 -6.988275e+00 0.000000e+00
      vertex   9.490222e+00 -2.673252e+00 0.000000e+00
      vertex   2.267799e+01 -7.855499e+00 0.000000e+00
    endloop
  endfacet
  facet normal 0.000000e+00 0.000000e+00 1.000000e+00
    outer loop
      vertex   2.267799e+01 -7.855499e+00 0.000000e+00
      vertex   9.490222e+00 -2.673252e+00 0.000000e+00
      vertex   2.236318e+01 -8.711381e+00 0.000000e+00
    endloop
  endfacet
  facet normal 0.000000e+00 0.000000e+00 1.000000e+00
    outer loop
      vertex   2.236318e+01 -8.711381e+00 0.000000e+00
      vertex   9.490222e+00 -2.673252e+00 0.000000e+00
      vertex   9.199197e+00 -3.233072e+00 0.000000e+00
    endloop
  endfacet
  facet normal 0.000000e+00 0.000000e+00 1.000000e+00
    outer loop
      vertex   2.236318e+01 -8.711381e+00 0.000000e+00
      vertex   9.199197e+00 -3.233072e+00 0.000000e+00
      vertex   2.201608e+01 -9.554685e+00 0.000000e+00
    endloop
  endfacet
  facet normal 0.000000e+00 0.000000e+00 1.000000e+00
    outer loop
      vertex   2.201608e+01 -9.554685e+00 0.000000e+00
      vertex   9.199197e+00 -3.233072e+00 0.000000e+00
      vertex   8.877907e+00 -3.776088e+00 0.000000e+00
    endloop
  endfacet
  facet normal 0.000000e+00 0.000000e+00 1.000000e+00
    outer loop
      vertex   2.201608e+01 -9.554685e+00 0.000000e+00
      vertex   8.877907e+00 -3.776088e+00 0.000000e+00
      vertex   2.163720e+01 -1.038419e+01 0.000000e+00
    endloop
  endfacet
  facet normal 0.000000e+00 0.000000e+00 1.000000e+00
    outer loop
      vertex   2.163720e+01 -1.038419e+01 0.000000e+00
      vertex   8.877907e+00 -3.776088e+00 0.000000e+00
      vertex   2.122708e+01 -1.119871e+01 0.000000e+00
    endloop
  endfacet
  facet normal 0.000000e+00 0.000000e+00 1.000000e+00
    outer loop
      vertex   2.122708e+01 -1.119871e+01 0.000000e+00
      vertex   8.877907e+00 -3.776088e+00 0.000000e+00
      vertex   8.527320e+00 -4.300666e+00 0.000000e+00
    endloop
  endfacet
  facet normal 0.000000e+00 0.000000e+00 1.000000e+00
    outer loop
      vertex   2.122708e+01 -1.119871e+01 0.000000e+00
      vertex   8.527320e+00 -4.300666e+00 0.000000e+00
      vertex   8.148490e+00 -4.805226e+00 0.000000e+00
    endloop
  endfacet
  facet normal 0.000000e+00 0.000000e+00 1.000000e+00
    outer loop
      vertex   8.148490e+00 -4.805226e+00 0.000000e+00
      vertex   7.742558e+00 -5.288251e+00 0.000000e+00
      vertex   2.122708e+01 -1.119871e+01 0.000000e+00
    endloop
  endfacet
  facet normal 0.000000e+00 0.000000e+00 1.000000e+00
    outer loop
      vertex   2.122708e+01 -1.119871e+01 0.000000e+00
      vertex   7.742558e+00 -5.288251e+00 0.000000e+00
      vertex   7.310745e+00 -5.748285e+00 0.000000e+00
    endloop
  endfacet
  facet normal 0.000000e+00 0.000000e+00 1.000000e+00
    outer loop
      vertex   2.122708e+01 -1.119871e+01 0.000000e+00
      vertex   7.310745e+00 -5.748285e+00 0.000000e+00
      vertex   6.854353e+00 -6.183945e+00 0.000000e+00
    endloop
  endfacet
  facet normal 0.000000e+00 0.000000e+00 1.000000e+00
    outer loop
      vertex   6.854353e+00 -6.183945e+00 0.000000e+00
      vertex   6.374754e+00 -6.593918e+00 0.000000e+00
      vertex   2.122708e+01 -1.119871e+01 0.000000e+00
    endloop
  endfacet
  facet normal 0.000000e+00 0.000000e+00 1.000000e+00
    outer loop
      vertex   2.122708e+01 -1.119871e+01 0.000000e+00
      vertex   6.374754e+00 -6.593918e+00 0.000000e+00
      vertex   5.873392e+00 -6.976972e+00 0.000000e+00
    endloop
  endfacet
  facet normal 0.000000e+00 0.000000e+00 1.000000e+00
    outer loop
      vertex   2.122708e+01 -1.119871e+01 0.000000e+00
      vertex   5.873392e+00 -6.976972e+00 0.000000e+00
      vertex   5.351776e+00 -7.331951e+00 0.000000e+00
    endloop
  endfacet
  facet normal 0.000000e+00 0.000000e+00 1.000000e+00
    outer loop
      vertex   5.351776e+00 -7.331951e+00 0.000000e+00
      vertex   4.811477e+00 -7.657789e+00 0.000000e+00
      vertex   2.122708e+01 -1.119871e+01 0.000000e+00
    endloop
  endfacet
  facet normal 0.000000e+00 0.000000e+00 1.000000e+00
    outer loop
      vertex   2.122708e+01 -1.119871e+01 0.000000e+00
      vertex   4.811477e+00 -7.657789e+00 0.000000e+00
      vertex   4.254121e+00 -7.953505e+00 0.000000e+00
    endloop
  endfacet
  facet normal 0.000000e+00 0.000000e+00 1.000000e+00
    outer loop
      vertex   2.122708e+01 -1.119871e+01 0.000000e+00
      vertex   4.254121e+00 -7.953505e+00 0.000000e+00
      vertex   3.681385e+00 -8.218207e+00 0.000000e+00
    endloop
  endfacet
  facet normal 0.000000e+00 0.000000e+00 1.000000e+00
    outer loop
      vertex   3.681385e+00 -8.218207e+00 0.000000e+00
      vertex   3.094994e+00 -8.451100e+00 0.000000e+00
      vertex   2.122708e+01 -1.119871e+01 0.000000e+00
    endloop
  endfacet
  facet normal 0.000000e+00 0.000000e+00 1.000000e+00
    outer loop
      vertex   2.122708e+01 -1.119871e+01 0.000000e+00
      vertex   3.094994e+00 -8.451100e+00 0.000000e+00
      vertex   2.496712e+00 -8.651481e+00 0.000000e+00
    endloop
  endfacet
  facet normal 0.000000e+00 0.000000e+00 1.000000e+00
    outer loop
      vertex   2.122708e+01 -1.119871e+01 0.000000e+00
      vertex   2.496712e+00 -8.651481e+00 0.000000e+00
      vertex   1.888342e+00 -8.818750e+00 0.000000e+00
    endloop
  endfacet
  facet normal 0.000000e+00 0.000000e+00 1.000000e+00
    outer loop
      vertex   1.888342e+00 -8.818750e+00 0.000000e+00
      vertex   1.271713e+00 -8.952400e+00 0.000000e+00
      vertex   2.122708e+01 -1.119871e+01 0.000000e+00
    endloop
  endfacet
  facet normal 0.000000e+00 0.000000e+00 1.000000e+00
    outer loop
      vertex   2.122708e+01 -1.119871e+01 0.000000e+00
      vertex   1.271713e+00 -8.952400e+00 0.000000e+00
      vertex   2.078631e+01 -1.199706e+01 0.000000e+00
    endloop
  endfacet
  facet normal 0.000000e+00 0.000000e+00 1.000000e+00
    outer loop
      vertex   2.078631e+01 -1.199706e+01 0.000000e+00
      vertex   1.271713e+00 -8.952400e+00 0.000000e+00
      vertex   2.031553e+01 -1.277808e+01 0.000000e+00
    endloop
  endfacet
  facet normal 0.000000e+00 0.000000e+00 1.000000e+00
    outer loop
      vertex   2.031553e+01 -1.277808e+01 0.000000e+00
      vertex   1.271713e+00 -8.952400e+00 0.000000e+00
      vertex   1.981541e+01 -1.354066e+01 0.000000e+00
    endloop
  endfacet
  facet normal 0.000000e+00 0.000000e+00 1.000000e+00
    outer loop
      vertex   1.981541e+01 -1.354066e+01 0.000000e+00
      vertex   1.271713e+00 -8.952400e+00 0.000000e+00
      vertex   1.928669e+01 -1.428369e+01 0.000000e+00
    endloop
  endfacet
  facet normal 0.000000e+00 0.000000e+00 1.000000e+00
    outer loop
      vertex   1.928669e+01 -1.428369e+01 0.000000e+00
      vertex   1.271713e+00 -8.952400e+00 0.000000e+00
      vertex   1.873012e+01 -1.500609e+01 0.000000e+00
    endloop
  endfacet
  facet normal 0.000000e+00 0.000000e+00 1.000000e+00
    outer loop
      vertex   1.873012e+01 -1.500609e+01 0.000000e+00
      vertex   1.271713e+00 -8.952400e+00 0.000000e+00
      vertex   1.814650e+01 -1.570683e+01 0.000000e+00
    endloop
  endfacet
  facet normal 0.000000e+00 0.000000e+00 1.000000e+00
    outer loop
      vertex   1.814650e+01 -1.570683e+01 0.000000e+00
      vertex   1.271713e+00 -8.952400e+00 0.000000e+00
      vertex   1.753669e+01 -1.638489e+01 0.000000e+00
    endloop
  endfacet
  facet normal 0.000000e+00 0.000000e+00 1.000000e+00
    outer loop
      vertex   1.753669e+01 -1.638489e+01 0.000000e+00
      vertex   1.271713e+00 -8.952400e+00 0.000000e+00
      vertex   1.690155e+01 -1.703929e+01 0.000000e+00
    endloop
  endfacet
  facet normal 0.000000e+00 0.000000e+00 1.000000e+00
    outer loop
      vertex   1.690155e+01 -1.703929e+01 0.000000e+00
      vertex   1.271713e+00 -8.952400e+00 0.000000e+00
      vertex   1.624202e+01 -1.766909e+01 0.000000e+00
    endloop
  endfacet
  facet normal 0.000000e+00 0.000000e+00 1.000000e+00
    outer loop
      vertex   1.624202e+01 -1.766909e+01 0.000000e+00
      vertex   1.271713e+00 -8.952400e+00 0.000000e+00
      vertex   1.555903e+01 -1.827338e+01 0.000000e+00
    endloop
  endfacet
  facet normal 0.000000e+00 0.000000e+00 1.000000e+00
    outer loop
      vertex   1.555903e+01 -1.827338e+01 0.000000e+00
      vertex   1.271713e+00 -8.952400e+00 0.000000e+00
      vertex   1.485358e+01 -1.885129e+01 0.000000e+00
    endloop
  endfacet
  facet normal 0.000000e+00 0.000000e+00 1.000000e+00
    outer loop
      vertex   1.485358e+01 -1.885129e+01 0.000000e+00
      vertex   1.271713e+00 -8.952400e+00 0.000000e+00
      vertex   1.412668e+01 -1.940198e+01 0.000000e+00
    endloop
  endfacet
  facet normal 0.000000e+00 0.000000e+00 1.000000e+00
    outer loop
      vertex   1.412668e+01 -1.940198e+01 0.000000e+00
      vertex   1.271713e+00 -8.952400e+00 0.000000e+00
      vertex   1.337939e+01 -1.992466e+01 0.000000e+00
    endloop
  endfacet
  facet normal 0.000000e+00 0.000000e+00 1.000000e+00
    outer loop
      vertex   1.337939e+01 -1.992466e+01 0.000000e+00
      vertex   1.271713e+00 -8.952400e+00 0.000000e+00
      vertex   1.261278e+01 -2.041857e+01 0.000000e+00
    endloop
  endfacet
  facet normal 0.000000e+00 0.000000e+00 1.000000e+00
    outer loop
      vertex   1.261278e+01 -2.041857e+01 0.000000e+00
      vertex   1.271713e+00 -8.952400e+00 0.000000e+00
      vertex   6.486820e-01 -9.052031e+00 0.000000e+00
    endloop
  endfacet
  facet normal 0.000000e+00 0.000000e+00 1.000000e+00
    outer loop
      vertex   1.261278e+01 -2.041857e+01 0.000000e+00
      vertex   6.486820e-01 -9.052031e+00 0.000000e+00
      vertex   2.112485e-02 -9.117342e+00 0.000000e+00
    endloop
  endfacet
  facet normal 0.000000e+00 0.000000e+00 1.000000e+00
    outer loop
      vertex   2.112485e-02 -9.117342e+00 0.000000e+00
      vertex   -6.090697e-01 -9.148137e+00 0.000000e+00
      vertex   1.261278e+01 -2.041857e+01 0.000000e+00
    endloop
  endfacet
  facet normal 0.000000e+00 0.000000e+00 1.000000e+00
    outer loop
      vertex   1.261278e+01 -2.041857e+01 0.000000e+00
      vertex   -6.090697e-01 -9.148137e+00 0.000000e+00
      vertex   -1.240005e+00 -9.144324e+00 0.000000e+00
    endloop
  endfacet
  facet normal 0.000000e+00 0.000000e+00 1.000000e+00
    outer loop
      vertex   1.261278e+01 -2.041857e+01 0.000000e+00
      vertex   -1.240005e+00 -9.144324e+00 0.000000e+00
      vertex   -1.664910e+01 -1.864960e+01 0.000000e+00
    endloop
  endfacet
  facet normal 0.000000e+00 0.000000e+00 1.000000e+00
    outer loop
      vertex   -1.664910e+01 -1.864960e+01 0.000000e+00
      vertex   -1.240005e+00 -9.144324e+00 0.000000e+00
      vertex   -1.869781e+00 -9.105912e+00 0.000000e+00
    endloop
  endfacet
  facet normal 0.000000e+00 0.000000e+00 1.000000e+00
    outer loop
      vertex   -1.664910e+01 -1.864960e+01 0.000000e+00
      vertex   -1.869781e+00 -9.105912e+00 0.000000e+00
      vertex   -2.496503e+00 -9.033019e+00 0.000000e+00
    endloop
  endfacet
  facet normal 0.000000e+00 0.000000e+00 1.000000e+00
    outer loop
      vertex   -2.496503e+00 -9.033019e+00 0.000000e+00
      vertex   -3.118284e+00 -8.925864e+00 0.000000e+00
      vertex   -1.664910e+01 -1.864960e+01 0.000000e+00
    endloop
  endfacet
  facet normal 0.000000e+00 0.000000e+00 1.000000e+00
    outer loop
      vertex   -1.664910e+01 -1.864960e+01 0.000000e+00
      vertex   -3.118284e+00 -8.925864e+00 0.000000e+00
      vertex   -3.733252e+00 -8.784769e+00 0.000000e+00
    endloop
  endfacet
  facet normal 0.000000e+00 0.000000e+00 1.000000e+00
    outer loop
      vertex   -1.664910e+01 -1.864960e+01 0.000000e+00
      vertex   -3.733252e+00 -8.784769e+00 0.000000e+00
      vertex   -4.339556e+00 -8.610158e+00 0.000000e+00
    endloop
  endfacet
  facet normal 0.000000e+00 0.000000e+00 1.000000e+00
    outer loop
      vertex   -4.339556e+00 -8.610158e+00 0.000000e+00
      vertex   -4.935371e+00 -8.402558e+00 0.000000e+00
      vertex   -1.664910e+01 -1.864960e+01 0.000000e+00
    endloop
  endfacet
  facet normal 0.000000e+00 0.000000e+00 1.000000e+00
    outer loop
      vertex   -1.664910e+01 -1.864960e+01 0.000000e+00
      vertex   -4.935371e+00 -8.402558e+00 0.000000e+00
      vertex   -5.518904e+00 -8.162594e+00 0.000000e+00
    endloop
  endfacet
  facet normal 0.000000e+00 0.000000e+00 1.000000e+00
    outer loop
      vertex   -1.664910e+01 -1.864960e+01 0.000000e+00
      vertex   -5.518904e+00 -8.162594e+00 0.000000e+00
      vertex   -6.088398e+00 -7.890987e+00 0.000000e+00
    endloop
  endfacet
  facet normal 0.000000e+00 0.000000e+00 1.000000e+00
    outer loop
      vertex   -6.088398e+00 -7.890987e+00 0.000000e+00
      vertex   -6.642139e+00 -7.588555e+00 0.000000e+00
      vertex   -1.664910e+01 -1.864960e+01 0.000000e+00
    endloop
  endfacet
  facet normal 0.000000e+00 0.000000e+00 1.000000e+00
    outer loop
      vertex   -1.664910e+01 -1.864960e+01 0.000000e+00
      vertex   -6.642139e+00 -7.588555e+00 0.000000e+00
      vertex   -7.178459e+00 -7.256210e+00 0.000000e+00
    endloop
  endfacet
  facet normal 0.000000e+00 0.000000e+00 1.000000e+00
    outer loop
      vertex   -1.664910e+01 -1.864960e+01 0.000000e+00
      vertex   -7.178459e+00 -7.256210e+00 0.000000e+00
      vertex   -7.695745e+00 -6.894950e+00 0.000000e+00
    endloop
  endfacet
  facet normal 0.000000e+00 0.000000e+00 1.000000e+00
    outer loop
      vertex   -8.192440e+00 -6.505864e+00 0.000000e+00
      vertex   -1.796876e+01 -1.738170e+01 0.000000e+00
      vertex   -7.695745e+00 -6.894950e+00 0.000000e+00
    endloop
  endfacet
  facet normal 0.000000e+00 0.000000e+00 1.000000e+00
    outer loop
      vertex   -7.695745e+00 -6.894950e+00 0.000000e+00
      vertex   -1.796876e+01 -1.738170e+01 0.000000e+00
      vertex   -1.732054e+01 -1.802773e+01 0.000000e+00
    endloop
  endfacet
  facet normal 0.000000e+00 0.000000e+00 1.000000e+00
    outer loop
      vertex   -7.695745e+00 -6.894950e+00 0.000000e+00
      vertex   -1.732054e+01 -1.802773e+01 0.000000e+00
      vertex   -1.664910e+01 -1.864960e+01 0.000000e+00
    endloop
  endfacet
  facet normal 0.000000e+00 0.000000e+00 1.000000e+00
    outer loop
      vertex   -8.667048e+00 -6.090122e+00 0.000000e+00
      vertex   -1.919214e+01 -1.602066e+01 0.000000e+00
      vertex   -8.192440e+00 -6.505864e+00 0.000000e+00
    endloop
  endfacet
  facet normal 0.000000e+00 0.000000e+00 1.000000e+00
    outer loop
      vertex   -8.192440e+00 -6.505864e+00 0.000000e+00
      vertex   -1.919214e+01 -1.602066e+01 0.000000e+00
      vertex   -1.859291e+01 -1.671238e+01 0.000000e+00
    endloop
  endfacet
  facet normal 0.000000e+00 0.000000e+00 1.000000e+00
    outer loop
      vertex   -8.192440e+00 -6.505864e+00 0.000000e+00
      vertex   -1.859291e+01 -1.671238e+01 0.000000e+00
      vertex   -1.796876e+01 -1.738170e+01 0.000000e+00
    endloop
  endfacet
  facet normal 0.000000e+00 0.000000e+00 1.000000e+00
    outer loop
      vertex   -9.118140e+00 -5.648977e+00 0.000000e+00
      vertex   -1.461666e+01 -4.243462e+00 0.000000e+00
      vertex   -8.667048e+00 -6.090122e+00 0.000000e+00
    endloop
  endfacet
  facet normal 0.000000e+00 0.000000e+00 1.000000e+00
    outer loop
      vertex   -8.667048e+00 -6.090122e+00 0.000000e+00
      vertex   -1.461666e+01 -4.243462e+00 0.000000e+00
      vertex   -1.483834e+01 -4.276876e+00 0.000000e+00
    endloop
  endfacet
  facet normal 0.000000e+00 0.000000e+00 1.000000e+00
    outer loop
      vertex   -8.667048e+00 -6.090122e+00 0.000000e+00
      vertex   -1.483834e+01 -4.276876e+00 0.000000e+00
      vertex   -1.919214e+01 -1.602066e+01 0.000000e+00
    endloop
  endfacet
  facet normal 0.000000e+00 -0.000000e+00 1.000000e+00
    outer loop
      vertex   -1.919214e+01 -1.602066e+01 0.000000e+00
      vertex   -1.483834e+01 -4.276876e+00 0.000000e+00
      vertex   -1.976566e+01 -1.530748e+01 0.000000e+00
    endloop
  endfacet
  facet normal 0.000000e+00 -0.000000e+00 1.000000e+00
    outer loop
      vertex   -1.976566e+01 -1.530748e+01 0.000000e+00
      vertex   -1.483834e+01 -4.276876e+00 0.000000e+00
      vertex   -2.031268e+01 -1.457378e+01 0.000000e+00
    endloop
  endfacet
  facet normal 0.000000e+00 0.000000e+00 1.000000e+00
    outer loop
      vertex   -2.031268e+01 -1.457378e+01 0.000000e+00
      vertex   -1.483834e+01 -4.276876e+00 0.000000e+00
      vertex   -1.506253e+01 -4.276876e+00 0.000000e+00
    endloop
  endfacet
  facet normal 0.000000e+00 -0.000000e+00 1.000000e+00
    outer loop
      vertex   -2.031268e+01 -1.457378e+01 0.000000e+00
      vertex   -1.506253e+01 -4.276876e+00 0.000000e+00
      vertex   -2.083249e+01 -1.382055e+01 0.000000e+00
    endloop
  endfacet
  facet normal 0.000000e+00 -0.000000e+00 1.000000e+00
    outer loop
      vertex   -2.083249e+01 -1.382055e+01 0.000000e+00
      vertex   -1.506253e+01 -4.276876e+00 0.000000e+00
      vertex   -2.132437e+01 -1.304880e+01 0.000000e+00
    endloop
  endfacet
  facet normal 0.000000e+00 0.000000e+00 1.000000e+00
    outer loop
      vertex   -2.132437e+01 -1.304880e+01 0.000000e+00
      vertex   -1.506253e+01 -4.276876e+00 0.000000e+00
      vertex   -1.528422e+01 -4.243462e+00 0.000000e+00
    endloop
  endfacet
  facet normal 0.000000e+00 -0.000000e+00 1.000000e+00
    outer loop
      vertex   -2.132437e+01 -1.304880e+01 0.000000e+00
      vertex   -1.528422e+01 -4.243462e+00 0.000000e+00
      vertex   -2.178768e+01 -1.225956e+01 0.000000e+00
    endloop
  endfacet
  facet normal 0.000000e+00 0.000000e+00 1.000000e+00
    outer loop
      vertex   -2.178768e+01 -1.225956e+01 0.000000e+00
      vertex   -1.528422e+01 -4.243462e+00 0.000000e+00
      vertex   -1.549845e+01 -4.177381e+00 0.000000e+00
    endloop
  endfacet
  facet normal 0.000000e+00 -0.000000e+00 1.000000e+00
    outer loop
      vertex   -2.178768e+01 -1.225956e+01 0.000000e+00
      vertex   -1.549845e+01 -4.177381e+00 0.000000e+00
      vertex   -2.222180e+01 -1.145390e+01 0.000000e+00
    endloop
  endfacet
  facet normal 0.000000e+00 -0.000000e+00 1.000000e+00
    outer loop
      vertex   -2.222180e+01 -1.145390e+01 0.000000e+00
      vertex   -1.549845e+01 -4.177381e+00 0.000000e+00
      vertex   -2.262613e+01 -1.063288e+01 0.000000e+00
    endloop
  endfacet
  facet normal 0.000000e+00 0.000000e+00 1.000000e+00
    outer loop
      vertex   -2.262613e+01 -1.063288e+01 0.000000e+00
      vertex   -1.549845e+01 -4.177381e+00 0.000000e+00
      vertex   -1.570044e+01 -4.080109e+00 0.000000e+00
    endloop
  endfacet
  facet normal 0.000000e+00 -0.000000e+00 1.000000e+00
    outer loop
      vertex   -2.262613e+01 -1.063288e+01 0.000000e+00
      vertex   -1.570044e+01 -4.080109e+00 0.000000e+00
      vertex   -2.300015e+01 -9.797617e+00 0.000000e+00
    endloop
  endfacet
  facet normal 0.000000e+00 0.000000e+00 1.000000e+00
    outer loop
      vertex   -2.300015e+01 -9.797617e+00 0.000000e+00
      vertex   -1.570044e+01 -4.080109e+00 0.000000e+00
      vertex   -1.588567e+01 -3.953818e+00 0.000000e+00
    endloop
  endfacet
  facet normal 0.000000e+00 -0.000000e+00 1.000000e+00
    outer loop
      vertex   -2.300015e+01 -9.797617e+00 0.000000e+00
      vertex   -1.588567e+01 -3.953818e+00 0.000000e+00
      vertex   -2.334334e+01 -8.949224e+00 0.000000e+00
    endloop
  endfacet
  facet normal 0.000000e+00 0.000000e+00 1.000000e+00
    outer loop
      vertex   -2.334334e+01 -8.949224e+00 0.000000e+00
      vertex   -1.588567e+01 -3.953818e+00 0.000000e+00
      vertex   -1.605002e+01 -3.801330e+00 0.000000e+00
    endloop
  endfacet
  facet normal 0.000000e+00 -0.000000e+00 1.000000e+00
    outer loop
      vertex   -2.334334e+01 -8.949224e+00 0.000000e+00
      vertex   -1.605002e+01 -3.801330e+00 0.000000e+00
      vertex   -2.365525e+01 -8.088838e+00 0.000000e+00
    endloop
  endfacet
  facet normal 0.000000e+00 0.000000e+00 1.000000e+00
    outer loop
      vertex   -2.365525e+01 -8.088838e+00 0.000000e+00
      vertex   -1.605002e+01 -3.801330e+00 0.000000e+00
      vertex   -1.618980e+01 -3.626051e+00 0.000000e+00
    endloop
  endfacet
  facet normal 0.000000e+00 -0.000000e+00 1.000000e+00
    outer loop
      vertex   -2.365525e+01 -8.088838e+00 0.000000e+00
      vertex   -1.618980e+01 -3.626051e+00 0.000000e+00
      vertex   -2.393546e+01 -7.217612e+00 0.000000e+00
    endloop
  endfacet
  facet normal 0.000000e+00 -0.000000e+00 1.000000e+00
    outer loop
      vertex   -2.393546e+01 -7.217612e+00 0.000000e+00
      vertex   -1.618980e+01 -3.626051e+00 0.000000e+00
      vertex   -2.418359e+01 -6.336714e+00 0.000000e+00
    endloop
  endfacet
  facet normal 0.000000e+00 0.000000e+00 1.000000e+00
    outer loop
      vertex   -2.418359e+01 -6.336714e+00 0.000000e+00
      vertex   -1.618980e+01 -3.626051e+00 0.000000e+00
      vertex   -1.630189e+01 -3.431896e+00 0.000000e+00
    endloop
  endfacet
  facet normal 0.000000e+00 -0.000000e+00 1.000000e+00
    outer loop
      vertex   -2.418359e+01 -6.336714e+00 0.000000e+00
      vertex   -1.630189e+01 -3.431896e+00 0.000000e+00
      vertex   -2.439932e+01 -5.447325e+00 0.000000e+00
    endloop
  endfacet
  facet normal 0.000000e+00 0.000000e+00 1.000000e+00
    outer loop
      vertex   -2.439932e+01 -5.447325e+00 0.000000e+00
      vertex   -1.630189e+01 -3.431896e+00 0.000000e+00
      vertex   -1.638380e+01 -3.223203e+00 0.000000e+00
    endloop
  endfacet
  facet normal 0.000000e+00 -0.000000e+00 1.000000e+00
    outer loop
      vertex   -2.439932e+01 -5.447325e+00 0.000000e+00
      vertex   -1.638380e+01 -3.223203e+00 0.000000e+00
      vertex   -2.458235e+01 -4.550636e+00 0.000000e+00
    endloop
  endfacet
  facet normal 0.000000e+00 0.000000e+00 1.000000e+00
    outer loop
      vertex   -2.458235e+01 -4.550636e+00 0.000000e+00
      vertex   -1.638380e+01 -3.223203e+00 0.000000e+00
      vertex   -1.643369e+01 -3.004634e+00 0.000000e+00
    endloop
  endfacet
  facet normal 0.000000e+00 -0.000000e+00 1.000000e+00
    outer loop
      vertex   -2.458235e+01 -4.550636e+00 0.000000e+00
      vertex   -1.643369e+01 -3.004634e+00 0.000000e+00
      vertex   -2.473243e+01 -3.647848e+00 0.000000e+00
    endloop
  endfacet
  facet normal 0.000000e+00 0.000000e+00 1.000000e+00
    outer loop
      vertex   -2.473243e+01 -3.647848e+00 0.000000e+00
      vertex   -1.643369e+01 -3.004634e+00 0.000000e+00
      vertex   -1.645044e+01 -2.781071e+00 0.000000e+00
    endloop
  endfacet
  facet normal 0.000000e+00 -0.000000e+00 1.000000e+00
    outer loop
      vertex   -2.473243e+01 -3.647848e+00 0.000000e+00
      vertex   -1.645044e+01 -2.781071e+00 0.000000e+00
      vertex   -2.484938e+01 -2.740172e+00 0.000000e+00
    endloop
  endfacet
  facet normal -0.000000e+00 0.000000e+00 1.000000e+00
    outer loop
      vertex   -2.484938e+01 -2.740172e+00 0.000000e+00
      vertex   -1.645044e+01 -2.781071e+00 0.000000e+00
      vertex   -1.643369e+01 -2.557507e+00 0.000000e+00
    endloop
  endfacet
  facet normal 0.000000e+00 -0.000000e+00 1.000000e+00
    outer loop
      vertex   -2.484938e+01 -2.740172e+00 0.000000e+00
      vertex   -1.643369e+01 -2.557507e+00 0.000000e+00
      vertex   -2.493302e+01 -1.828824e+00 0.000000e+00
    endloop
  endfacet
  facet normal 0.000000e+00 0.000000e+00 1.000000e+00
    outer loop
      vertex   -2.493302e+01 -1.828824e+00 0.000000e+00
      vertex   -1.643369e+01 -2.557507e+00 0.000000e+00
      vertex   -1.638380e+01 -2.338938e+00 0.000000e+00
    endloop
  endfacet
  facet normal -0.000000e+00 -0.000000e+00 1.000000e+00
    outer loop
      vertex   -2.493302e+01 -1.828824e+00 0.000000e+00
      vertex   -1.638380e+01 -2.338938e+00 0.000000e+00
      vertex   -2.498325e+01 -9.150251e-01 0.000000e+00
    endloop
  endfacet
  facet normal 0.000000e+00 0.000000e+00 1.000000e+00
    outer loop
      vertex   -2.498325e+01 -9.150251e-01 0.000000e+00
      vertex   -1.638380e+01 -2.338938e+00 0.000000e+00
      vertex   -1.630189e+01 -2.130245e+00 0.000000e+00
    endloop
  endfacet
  facet normal 0.000000e+00 0.000000e+00 1.000000e+00
    outer loop
      vertex   -2.498325e+01 -9.150251e-01 0.000000e+00
      vertex   -1.630189e+01 -2.130245e+00 0.000000e+00
      vertex   -1.618980e+01 -1.936091e+00 0.000000e+00
    endloop
  endfacet
  facet normal -0.000000e+00 0.000000e+00 1.000000e+00
    outer loop
      vertex   -1.461666e+01 -4.243462e+00 0.000000e+00
      vertex   -9.118140e+00 -5.648977e+00 0.000000e+00
      vertex   -1.440243e+01 -4.177381e+00 0.000000e+00
    endloop
  endfacet
  facet normal 0.000000e+00 0.000000e+00 1.000000e+00
    outer loop
      vertex   -1.440243e+01 -4.177381e+00 0.000000e+00
      vertex   -9.118140e+00 -5.648977e+00 0.000000e+00
      vertex   -9.544360e+00 -5.183756e+00 0.000000e+00
    endloop
  endfacet
  facet normal -0.000000e+00 0.000000e+00 1.000000e+00
    outer loop
      vertex   -1.440243e+01 -4.177381e+00 0.000000e+00
      vertex   -9.544360e+00 -5.183756e+00 0.000000e+00
      vertex   -1.420044e+01 -4.080109e+00 0.000000e+00
    endloop
  endfacet
  facet normal 0.000000e+00 0.000000e+00 1.000000e+00
    outer loop
      vertex   -1.420044e+01 -4.080109e+00 0.000000e+00
      vertex   -9.544360e+00 -5.183756e+00 0.000000e+00
      vertex   -9.944423e+00 -4.695859e+00 0.000000e+00
    endloop
  endfacet
  facet normal -0.000000e+00 0.000000e+00 1.000000e+00
    outer loop
      vertex   -1.420044e+01 -4.080109e+00 0.000000e+00
      vertex   -9.944423e+00 -4.695859e+00 0.000000e+00
      vertex   -1.401520e+01 -3.953818e+00 0.000000e+00
    endloop
  endfacet
  facet normal 0.000000e+00 0.000000e+00 1.000000e+00
    outer loop
      vertex   -1.401520e+01 -3.953818e+00 0.000000e+00
      vertex   -9.944423e+00 -4.695859e+00 0.000000e+00
      vertex   -1.031713e+01 -4.186756e+00 0.000000e+00
    endloop
  endfacet
  facet normal -0.000000e+00 0.000000e+00 1.000000e+00
    outer loop
      vertex   -1.401520e+01 -3.953818e+00 0.000000e+00
      vertex   -1.031713e+01 -4.186756e+00 0.000000e+00
      vertex   -1.385086e+01 -3.801330e+00 0.000000e+00
    endloop
  endfacet
  facet normal -0.000000e+00 0.000000e+00 1.000000e+00
    outer loop
      vertex   -1.385086e+01 -3.801330e+00 0.000000e+00
      vertex   -1.031713e+01 -4.186756e+00 0.000000e+00
      vertex   -1.066135e+01 -3.657978e+00 0.000000e+00
    endloop
  endfacet
  facet normal 0.000000e+00 0.000000e+00 1.000000e+00
    outer loop
      vertex   -1.385086e+01 -3.801330e+00 0.000000e+00
      vertex   -1.066135e+01 -3.657978e+00 0.000000e+00
      vertex   -1.371108e+01 -3.626051e+00 0.000000e+00
    endloop
  endfacet
  facet normal -0.000000e+00 0.000000e+00 1.000000e+00
    outer loop
      vertex   -1.371108e+01 -3.626051e+00 0.000000e+00
      vertex   -1.066135e+01 -3.657978e+00 0.000000e+00
      vertex   -1.359899e+01 -3.431896e+00 0.000000e+00
    endloop
  endfacet
  facet normal -0.000000e+00 0.000000e+00 1.000000e+00
    outer loop
      vertex   -1.359899e+01 -3.431896e+00 0.000000e+00
      vertex   -1.066135e+01 -3.657978e+00 0.000000e+00
      vertex   -1.097605e+01 -3.111118e+00 0.000000e+00
    endloop
  endfacet
  facet normal 0.000000e+00 0.000000e+00 1.000000e+00
    outer loop
      vertex   -1.359899e+01 -3.431896e+00 0.000000e+00
      vertex   -1.097605e+01 -3.111118e+00 0.000000e+00
      vertex   -1.351708e+01 -3.223203e+00 0.000000e+00
    endloop
  endfacet
  facet normal 0.000000e+00 0.000000e+00 1.000000e+00
    outer loop
      vertex   -1.351708e+01 -3.223203e+00 0.000000e+00
      vertex   -1.097605e+01 -3.111118e+00 0.000000e+00
      vertex   -1.346719e+01 -3.004634e+00 0.000000e+00
    endloop
  endfacet
  facet normal -0.000000e+00 0.000000e+00 1.000000e+00
    outer loop
      vertex   -1.346719e+01 -3.004634e+00 0.000000e+00
      vertex   -1.097605e+01 -3.111118e+00 0.000000e+00
      vertex   -1.126028e+01 -2.547821e+00 0.000000e+00
    endloop
  endfacet
  facet normal 0.000000e+00 0.000000e+00 1.000000e+00
    outer loop
      vertex   -1.346719e+01 -3.004634e+00 0.000000e+00
      vertex   -1.126028e+01 -2.547821e+00 0.000000e+00
      vertex   -1.345044e+01 -2.781071e+00 0.000000e+00
    endloop
  endfacet
  facet normal 0.000000e+00 0.000000e+00 1.000000e+00
    outer loop
      vertex   -1.345044e+01 -2.781071e+00 0.000000e+00
      vertex   -1.126028e+01 -2.547821e+00 0.000000e+00
      vertex   -1.151320e+01 -1.969783e+00 0.000000e+00
    endloop
  endfacet
  facet normal 0.000000e+00 -0.000000e+00 1.000000e+00
    outer loop
      vertex   -1.345044e+01 -2.781071e+00 0.000000e+00
      vertex   -1.151320e+01 -1.969783e+00 0.000000e+00
      vertex   -1.346719e+01 -2.557507e+00 0.000000e+00
    endloop
  endfacet
  facet normal 0.000000e+00 -0.000000e+00 1.000000e+00
    outer loop
      vertex   -1.346719e+01 -2.557507e+00 0.000000e+00
      vertex   -1.151320e+01 -1.969783e+00 0.000000e+00
      vertex   -1.351708e+01 -2.338938e+00 0.000000e+00
    endloop
  endfacet
  facet normal 0.000000e+00 0.000000e+00 1.000000e+00
    outer loop
      vertex   -1.351708e+01 -2.338938e+00 0.000000e+00
      vertex   -1.151320e+01 -1.969783e+00 0.000000e+00
      vertex   -1.173403e+01 -1.378744e+00 0.000000e+00
    endloop
  endfacet
  facet normal 0.000000e+00 -0.000000e+00 1.000000e+00
    outer loop
      vertex   -1.351708e+01 -2.338938e+00 0.000000e+00
      vertex   -1.173403e+01 -1.378744e+00 0.000000e+00
      vertex   -1.359899e+01 -2.130245e+00 0.000000e+00
    endloop
  endfacet
  facet normal 0.000000e+00 -0.000000e+00 1.000000e+00
    outer loop
      vertex   -1.359899e+01 -2.130245e+00 0.000000e+00
      vertex   -1.173403e+01 -1.378744e+00 0.000000e+00
      vertex   -1.371108e+01 -1.936091e+00 0.000000e+00
    endloop
  endfacet
  facet normal 0.000000e+00 0.000000e+00 1.000000e+00
    outer loop
      vertex   -1.371108e+01 -1.936091e+00 0.000000e+00
      vertex   -1.173403e+01 -1.378744e+00 0.000000e+00
      vertex   -1.192211e+01 -7.764835e-01 0.000000e+00
    endloop
  endfacet
  facet normal 0.000000e+00 -0.000000e+00 1.000000e+00
    outer loop
      vertex   -1.371108e+01 -1.936091e+00 0.000000e+00
      vertex   -1.192211e+01 -7.764835e-01 0.000000e+00
      vertex   -1.385086e+01 -1.760811e+00 0.000000e+00
    endloop
  endfacet
  facet normal 0.000000e+00 -0.000000e+00 1.000000e+00
    outer loop
      vertex   -1.385086e+01 -1.760811e+00 0.000000e+00
      vertex   -1.192211e+01 -7.764835e-01 0.000000e+00
      vertex   -1.401520e+01 -1.608323e+00 0.000000e+00
    endloop
  endfacet
  facet normal 0.000000e+00 0.000000e+00 1.000000e+00
    outer loop
      vertex   -1.401520e+01 -1.608323e+00 0.000000e+00
      vertex   -1.192211e+01 -7.764835e-01 0.000000e+00
      vertex   -1.207689e+01 -1.648140e-01 0.000000e+00
    endloop
  endfacet
  facet normal 0.000000e+00 -0.000000e+00 1.000000e+00
    outer loop
      vertex   -1.401520e+01 -1.608323e+00 0.000000e+00
      vertex   -1.207689e+01 -1.648140e-01 0.000000e+00
      vertex   -1.420044e+01 -1.482032e+00 0.000000e+00
    endloop
  endfacet
  facet normal 0.000000e+00 0.000000e+00 1.000000e+00
    outer loop
      vertex   -1.420044e+01 -1.482032e+00 0.000000e+00
      vertex   -1.207689e+01 -1.648140e-01 0.000000e+00
      vertex   -1.219788e+01 4.544231e-01 0.000000e+00
    endloop
  endfacet
  facet normal 0.000000e+00 -0.000000e+00 1.000000e+00
    outer loop
      vertex   -1.420044e+01 -1.482032e+00 0.000000e+00
      vertex   -1.219788e+01 4.544231e-01 0.000000e+00
      vertex   -1.440243e+01 -1.384760e+00 0.000000e+00
    endloop
  endfacet
  facet normal 0.000000e+00 0.000000e+00 1.000000e+00
    outer loop
      vertex   -1.440243e+01 -1.384760e+00 0.000000e+00
      vertex   -1.219788e+01 4.544231e-01 0.000000e+00
      vertex   -1.228179e+01 8.550787e-01 0.000000e+00
    endloop
  endfacet
  facet normal 0.000000e+00 -0.000000e+00 1.000000e+00
    outer loop
      vertex   -1.440243e+01 -1.384760e+00 0.000000e+00
      vertex   -1.228179e+01 8.550787e-01 0.000000e+00
      vertex   -1.461666e+01 -1.318679e+00 0.000000e+00
    endloop
  endfacet
  facet normal 0.000000e+00 0.000000e+00 1.000000e+00
    outer loop
      vertex   -1.461666e+01 -1.318679e+00 0.000000e+00
      vertex   -1.228179e+01 8.550787e-01 0.000000e+00
      vertex   -1.239821e+01 1.247527e+00 0.000000e+00
    endloop
  endfacet
  facet normal 0.000000e+00 0.000000e+00 1.000000e+00
    outer loop
      vertex   -1.461666e+01 -1.318679e+00 0.000000e+00
      vertex   -1.239821e+01 1.247527e+00 0.000000e+00
      vertex   -1.254633e+01 1.629137e+00 0.000000e+00
    endloop
  endfacet
  facet normal 0.000000e+00 -0.000000e+00 1.000000e+00
    outer loop
      vertex   -1.461666e+01 -1.318679e+00 0.000000e+00
      vertex   -1.254633e+01 1.629137e+00 0.000000e+00
      vertex   -1.483834e+01 -1.285265e+00 0.000000e+00
    endloop
  endfacet
  facet normal 0.000000e+00 0.000000e+00 1.000000e+00
    outer loop
      vertex   -1.483834e+01 -1.285265e+00 0.000000e+00
      vertex   -1.254633e+01 1.629137e+00 0.000000e+00
      vertex   -1.272517e+01 1.997352e+00 0.000000e+00
    endloop
  endfacet
  facet normal 0.000000e+00 0.000000e+00 1.000000e+00
    outer loop
      vertex   -1.483834e+01 -1.285265e+00 0.000000e+00
      vertex   -1.272517e+01 1.997352e+00 0.000000e+00
      vertex   -1.293354e+01 2.349703e+00 0.000000e+00
    endloop
  endfacet
  facet normal 0.000000e+00 0.000000e+00 1.000000e+00
    outer loop
      vertex   -1.293354e+01 2.349703e+00 0.000000e+00
      vertex   -1.317003e+01 2.683829e+00 0.000000e+00
      vertex   -1.483834e+01 -1.285265e+00 0.000000e+00
    endloop
  endfacet
  facet normal 0.000000e+00 0.000000e+00 1.000000e+00
    outer loop
      vertex   -1.483834e+01 -1.285265e+00 0.000000e+00
      vertex   -1.317003e+01 2.683829e+00 0.000000e+00
      vertex   -1.343305e+01 2.997490e+00 0.000000e+00
    endloop
  endfacet
  facet normal 0.000000e+00 0.000000e+00 1.000000e+00
    outer loop
      vertex   -1.483834e+01 -1.285265e+00 0.000000e+00
      vertex   -1.343305e+01 2.997490e+00 0.000000e+00
      vertex   -1.372086e+01 3.288584e+00 0.000000e+00
    endloop
  endfacet
  facet normal 0.000000e+00 0.000000e+00 1.000000e+00
    outer loop
      vertex   -1.372086e+01 3.288584e+00 0.000000e+00
      vertex   -1.403151e+01 3.555159e+00 0.000000e+00
      vertex   -1.483834e+01 -1.285265e+00 0.000000e+00
    endloop
  endfacet
  facet normal 0.000000e+00 0.000000e+00 1.000000e+00
    outer loop
      vertex   -1.483834e+01 -1.285265e+00 0.000000e+00
      vertex   -1.403151e+01 3.555159e+00 0.000000e+00
      vertex   -1.436293e+01 3.795429e+00 0.000000e+00
    endloop
  endfacet
  facet normal 0.000000e+00 0.000000e+00 1.000000e+00
    outer loop
      vertex   -1.483834e+01 -1.285265e+00 0.000000e+00
      vertex   -1.436293e+01 3.795429e+00 0.000000e+00
      vertex   -1.471289e+01 4.007784e+00 0.000000e+00
    endloop
  endfacet
  facet normal 0.000000e+00 0.000000e+00 1.000000e+00
    outer loop
      vertex   -1.471289e+01 4.007784e+00 0.000000e+00
      vertex   -1.507905e+01 4.190800e+00 0.000000e+00
      vertex   -1.483834e+01 -1.285265e+00 0.000000e+00
    endloop
  endfacet
  facet normal 0.000000e+00 0.000000e+00 1.000000e+00
    outer loop
      vertex   -1.483834e+01 -1.285265e+00 0.000000e+00
      vertex   -1.507905e+01 4.190800e+00 0.000000e+00
      vertex   -1.545895e+01 4.343250e+00 0.000000e+00
    endloop
  endfacet
  facet normal 0.000000e+00 0.000000e+00 1.000000e+00
    outer loop
      vertex   -1.483834e+01 -1.285265e+00 0.000000e+00
      vertex   -1.545895e+01 4.343250e+00 0.000000e+00
      vertex   -2.498268e+01 9.304024e-01 0.000000e+00
    endloop
  endfacet
  facet normal 0.000000e+00 0.000000e+00 1.000000e+00
    outer loop
      vertex   -2.498268e+01 9.304024e-01 0.000000e+00
      vertex   -1.545895e+01 4.343250e+00 0.000000e+00
      vertex   -2.493075e+01 1.859516e+00 0.000000e+00
    endloop
  endfacet
  facet normal 0.000000e+00 0.000000e+00 1.000000e+00
    outer loop
      vertex   -2.493075e+01 1.859516e+00 0.000000e+00
      vertex   -1.545895e+01 4.343250e+00 0.000000e+00
      vertex   -2.484427e+01 2.786053e+00 0.000000e+00
    endloop
  endfacet
  facet normal 0.000000e+00 0.000000e+00 1.000000e+00
    outer loop
      vertex   -2.484427e+01 2.786053e+00 0.000000e+00
      vertex   -1.545895e+01 4.343250e+00 0.000000e+00
      vertex   -2.472338e+01 3.708729e+00 0.000000e+00
    endloop
  endfacet
  facet normal 0.000000e+00 0.000000e+00 1.000000e+00
    outer loop
      vertex   -2.472338e+01 3.708729e+00 0.000000e+00
      vertex   -1.545895e+01 4.343250e+00 0.000000e+00
      vertex   -2.456822e+01 4.626268e+00 0.000000e+00
    endloop
  endfacet
  facet normal -0.000000e+00 0.000000e+00 1.000000e+00
    outer loop
      vertex   -2.456822e+01 4.626268e+00 0.000000e+00
      vertex   -1.545895e+01 4.343250e+00 0.000000e+00
      vertex   -2.437903e+01 5.537396e+00 0.000000e+00
    endloop
  endfacet
  facet normal -0.000000e+00 0.000000e+00 1.000000e+00
    outer loop
      vertex   -2.437903e+01 5.537396e+00 0.000000e+00
      vertex   -1.545895e+01 4.343250e+00 0.000000e+00
      vertex   -2.415606e+01 6.440853e+00 0.000000e+00
    endloop
  endfacet
  facet normal -0.000000e+00 0.000000e+00 1.000000e+00
    outer loop
      vertex   -2.415606e+01 6.440853e+00 0.000000e+00
      vertex   -1.545895e+01 4.343250e+00 0.000000e+00
      vertex   -2.389963e+01 7.335385e+00 0.000000e+00
    endloop
  endfacet
  facet normal 0.000000e+00 0.000000e+00 1.000000e+00
    outer loop
      vertex   -2.498268e+01 9.304024e-01 0.000000e+00
      vertex   -2.500000e+01 9.436896e-15 0.000000e+00
      vertex   -1.483834e+01 -1.285265e+00 0.000000e+00
    endloop
  endfacet
  facet normal 0.000000e+00 0.000000e+00 1.000000e+00
    outer loop
      vertex   -1.483834e+01 -1.285265e+00 0.000000e+00
      vertex   -2.500000e+01 9.436896e-15 0.000000e+00
      vertex   -2.498325e+01 -9.150251e-01 0.000000e+00
    endloop
  endfacet
  facet normal 0.000000e+00 0.000000e+00 1.000000e+00
    outer loop
      vertex   -1.483834e+01 -1.285265e+00 0.000000e+00
      vertex   -2.498325e+01 -9.150251e-01 0.000000e+00
      vertex   -1.506253e+01 -1.285265e+00 0.000000e+00
    endloop
  endfacet
  facet normal 0.000000e+00 0.000000e+00 1.000000e+00
    outer loop
      vertex   -1.506253e+01 -1.285265e+00 0.000000e+00
      vertex   -2.498325e+01 -9.150251e-01 0.000000e+00
      vertex   -1.528422e+01 -1.318679e+00 0.000000e+00
    endloop
  endfacet
  facet normal 0.000000e+00 0.000000e+00 1.000000e+00
    outer loop
      vertex   -1.528422e+01 -1.318679e+00 0.000000e+00
      vertex   -2.498325e+01 -9.150251e-01 0.000000e+00
      vertex   -1.549845e+01 -1.384760e+00 0.000000e+00
    endloop
  endfacet
  facet normal 0.000000e+00 0.000000e+00 1.000000e+00
    outer loop
      vertex   -1.549845e+01 -1.384760e+00 0.000000e+00
      vertex   -2.498325e+01 -9.150251e-01 0.000000e+00
      vertex   -1.570044e+01 -1.482032e+00 0.000000e+00
    endloop
  endfacet
  facet normal 0.000000e+00 0.000000e+00 1.000000e+00
    outer loop
      vertex   -1.570044e+01 -1.482032e+00 0.000000e+00
      vertex   -2.498325e+01 -9.150251e-01 0.000000e+00
      vertex   -1.588567e+01 -1.608323e+00 0.000000e+00
    endloop
  endfacet
  facet normal 0.000000e+00 0.000000e+00 1.000000e+00
    outer loop
      vertex   -1.588567e+01 -1.608323e+00 0.000000e+00
      vertex   -2.498325e+01 -9.150251e-01 0.000000e+00
      vertex   -1.605002e+01 -1.760811e+00 0.000000e+00
    endloop
  endfacet
  facet normal 0.000000e+00 0.000000e+00 1.000000e+00
    outer loop
      vertex   -1.605002e+01 -1.760811e+00 0.000000e+00
      vertex   -2.498325e+01 -9.150251e-01 0.000000e+00
      vertex   -1.618980e+01 -1.936091e+00 0.000000e+00
    endloop
  endfacet
  facet normal 0.000000e+00 0.000000e+00 1.000000e+00
    outer loop
      vertex   -1.664910e+01 -1.864960e+01 0.000000e+00
      vertex   -1.710739e+01 -1.963162e+01 0.000000e+00
      vertex   1.261278e+01 -2.041857e+01 0.000000e+00
    endloop
  endfacet
  facet normal 0.000000e+00 0.000000e+00 1.000000e+00
    outer loop
      vertex   1.261278e+01 -2.041857e+01 0.000000e+00
      vertex   -1.710739e+01 -1.963162e+01 0.000000e+00
      vertex   -1.719334e+01 -1.978077e+01 0.000000e+00
    endloop
  endfacet
  facet normal 0.000000e+00 0.000000e+00 1.000000e+00
    outer loop
      vertex   1.261278e+01 -2.041857e+01 0.000000e+00
      vertex   -1.719334e+01 -1.978077e+01 0.000000e+00
      vertex   -1.730360e+01 -1.991296e+01 0.000000e+00
    endloop
  endfacet
  facet normal 0.000000e+00 0.000000e+00 1.000000e+00
    outer loop
      vertex   -1.730360e+01 -1.991296e+01 0.000000e+00
      vertex   -1.743489e+01 -2.002428e+01 0.000000e+00
      vertex   1.261278e+01 -2.041857e+01 0.000000e+00
    endloop
  endfacet
  facet normal 0.000000e+00 0.000000e+00 1.000000e+00
    outer loop
      vertex   1.261278e+01 -2.041857e+01 0.000000e+00
      vertex   -1.743489e+01 -2.002428e+01 0.000000e+00
      vertex   -1.758333e+01 -2.011144e+01 0.000000e+00
    endloop
  endfacet
  facet normal 0.000000e+00 0.000000e+00 1.000000e+00
    outer loop
      vertex   1.261278e+01 -2.041857e+01 0.000000e+00
      vertex   -1.758333e+01 -2.011144e+01 0.000000e+00
      vertex   -1.774452e+01 -2.017185e+01 0.000000e+00
    endloop
  endfacet
  facet normal 0.000000e+00 0.000000e+00 1.000000e+00
    outer loop
      vertex   -1.774452e+01 -2.017185e+01 0.000000e+00
      vertex   -1.791368e+01 -2.020373e+01 0.000000e+00
      vertex   1.261278e+01 -2.041857e+01 0.000000e+00
    endloop
  endfacet
  facet normal 0.000000e+00 0.000000e+00 1.000000e+00
    outer loop
      vertex   1.261278e+01 -2.041857e+01 0.000000e+00
      vertex   -1.791368e+01 -2.020373e+01 0.000000e+00
      vertex   -1.808581e+01 -2.020611e+01 0.000000e+00
    endloop
  endfacet
  facet normal 0.000000e+00 0.000000e+00 1.000000e+00
    outer loop
      vertex   1.261278e+01 -2.041857e+01 0.000000e+00
      vertex   -1.808581e+01 -2.020611e+01 0.000000e+00
      vertex   -5.813348e+00 -2.328530e+01 0.000000e+00
    endloop
  endfacet
  facet normal 0.000000e+00 0.000000e+00 1.000000e+00
    outer loop
      vertex   -5.813348e+00 -2.328530e+01 0.000000e+00
      vertex   -1.808581e+01 -2.020611e+01 0.000000e+00
      vertex   -1.825579e+01 -2.017895e+01 0.000000e+00
    endloop
  endfacet
  facet normal 0.000000e+00 -0.000000e+00 1.000000e+00
    outer loop
      vertex   -4.924526e+00 -2.348934e+01 0.000000e+00
      vertex   5.034536e+00 -2.346601e+01 0.000000e+00
      vertex   -5.813348e+00 -2.328530e+01 0.000000e+00
    endloop
  endfacet
  facet normal -0.000000e+00 0.000000e+00 1.000000e+00
    outer loop
      vertex   -5.813348e+00 -2.328530e+01 0.000000e+00
      vertex   5.034536e+00 -2.346601e+01 0.000000e+00
      vertex   5.922392e+00 -2.325780e+01 0.000000e+00
    endloop
  endfacet
  facet normal 0.000000e+00 0.000000e+00 1.000000e+00
    outer loop
      vertex   -5.813348e+00 -2.328530e+01 0.000000e+00
      vertex   5.922392e+00 -2.325780e+01 0.000000e+00
      vertex   6.801697e+00 -2.301601e+01 0.000000e+00
    endloop
  endfacet
  facet normal 0.000000e+00 0.000000e+00 1.000000e+00
    outer loop
      vertex   5.034536e+00 -2.346601e+01 0.000000e+00
      vertex   -4.924526e+00 -2.348934e+01 0.000000e+00
      vertex   4.139411e+00 -2.364033e+01 0.000000e+00
    endloop
  endfacet
  facet normal 0.000000e+00 0.000000e+00 1.000000e+00
    outer loop
      vertex   4.139411e+00 -2.364033e+01 0.000000e+00
      vertex   -4.924526e+00 -2.348934e+01 0.000000e+00
      vertex   -4.028594e+00 -2.365947e+01 0.000000e+00
    endloop
  endfacet
  facet normal 0.000000e+00 0.000000e+00 1.000000e+00
    outer loop
      vertex   4.139411e+00 -2.364033e+01 0.000000e+00
      vertex   -4.028594e+00 -2.365947e+01 0.000000e+00
      vertex   3.238309e+00 -2.378052e+01 0.000000e+00
    endloop
  endfacet
  facet normal 0.000000e+00 0.000000e+00 1.000000e+00
    outer loop
      vertex   3.238309e+00 -2.378052e+01 0.000000e+00
      vertex   -4.028594e+00 -2.365947e+01 0.000000e+00
      vertex   -3.126846e+00 -2.379544e+01 0.000000e+00
    endloop
  endfacet
  facet normal 0.000000e+00 0.000000e+00 1.000000e+00
    outer loop
      vertex   3.238309e+00 -2.378052e+01 0.000000e+00
      vertex   -3.126846e+00 -2.379544e+01 0.000000e+00
      vertex   2.332532e+00 -2.388638e+01 0.000000e+00
    endloop
  endfacet
  facet normal 0.000000e+00 0.000000e+00 1.000000e+00
    outer loop
      vertex   2.332532e+00 -2.388638e+01 0.000000e+00
      vertex   -3.126846e+00 -2.379544e+01 0.000000e+00
      vertex   -2.220583e+00 -2.389705e+01 0.000000e+00
    endloop
  endfacet
  facet normal 0.000000e+00 0.000000e+00 1.000000e+00
    outer loop
      vertex   2.332532e+00 -2.388638e+01 0.000000e+00
      vertex   -2.220583e+00 -2.389705e+01 0.000000e+00
      vertex   1.423388e+00 -2.395775e+01 0.000000e+00
    endloop
  endfacet
  facet normal 0.000000e+00 0.000000e+00 1.000000e+00
    outer loop
      vertex   1.423388e+00 -2.395775e+01 0.000000e+00
      vertex   -2.220583e+00 -2.389705e+01 0.000000e+00
      vertex   -1.311114e+00 -2.396416e+01 0.000000e+00
    endloop
  endfacet
  facet normal 0.000000e+00 0.000000e+00 1.000000e+00
    outer loop
      vertex   1.423388e+00 -2.395775e+01 0.000000e+00
      vertex   -1.311114e+00 -2.396416e+01 0.000000e+00
      vertex   5.121879e-01 -2.399453e+01 0.000000e+00
    endloop
  endfacet
  facet normal 0.000000e+00 0.000000e+00 1.000000e+00
    outer loop
      vertex   5.121879e-01 -2.399453e+01 0.000000e+00
      vertex   -1.311114e+00 -2.396416e+01 0.000000e+00
      vertex   -3.997514e-01 -2.399667e+01 0.000000e+00
    endloop
  endfacet
  facet normal 0.000000e+00 -0.000000e+00 1.000000e+00
    outer loop
      vertex   6.801697e+00 -2.301601e+01 0.000000e+00
      vertex   7.671182e+00 -2.274100e+01 0.000000e+00
      vertex   -5.813348e+00 -2.328530e+01 0.000000e+00
    endloop
  endfacet
  facet normal 0.000000e+00 0.000000e+00 1.000000e+00
    outer loop
      vertex   -5.813348e+00 -2.328530e+01 0.000000e+00
      vertex   7.671182e+00 -2.274100e+01 0.000000e+00
      vertex   8.529590e+00 -2.243315e+01 0.000000e+00
    endloop
  endfacet
  facet normal 0.000000e+00 0.000000e+00 1.000000e+00
    outer loop
      vertex   -5.813348e+00 -2.328530e+01 0.000000e+00
      vertex   8.529590e+00 -2.243315e+01 0.000000e+00
      vertex   9.375684e+00 -2.209291e+01 0.000000e+00
    endloop
  endfacet
  facet normal 0.000000e+00 -0.000000e+00 1.000000e+00
    outer loop
      vertex   9.375684e+00 -2.209291e+01 0.000000e+00
      vertex   1.020824e+01 -2.172077e+01 0.000000e+00
      vertex   -5.813348e+00 -2.328530e+01 0.000000e+00
    endloop
  endfacet
  facet normal 0.000000e+00 0.000000e+00 1.000000e+00
    outer loop
      vertex   -5.813348e+00 -2.328530e+01 0.000000e+00
      vertex   1.020824e+01 -2.172077e+01 0.000000e+00
      vertex   1.102606e+01 -2.131727e+01 0.000000e+00
    endloop
  endfacet
  facet normal 0.000000e+00 0.000000e+00 1.000000e+00
    outer loop
      vertex   -5.813348e+00 -2.328530e+01 0.000000e+00
      vertex   1.102606e+01 -2.131727e+01 0.000000e+00
      vertex   1.182796e+01 -2.088299e+01 0.000000e+00
    endloop
  endfacet
  facet normal 0.000000e+00 -0.000000e+00 1.000000e+00
    outer loop
      vertex   1.182796e+01 -2.088299e+01 0.000000e+00
      vertex   1.261278e+01 -2.041857e+01 0.000000e+00
      vertex   -5.813348e+00 -2.328530e+01 0.000000e+00
    endloop
  endfacet
  facet normal 0.000000e+00 0.000000e+00 1.000000e+00
    outer loop
      vertex   2.399912e+01 2.049771e-01 0.000000e+00
      vertex   2.397401e+01 1.116573e+00 0.000000e+00
      vertex   1.399034e+01 6.180496e+00 0.000000e+00
    endloop
  endfacet
  facet normal 0.000000e+00 0.000000e+00 1.000000e+00
    outer loop
      vertex   1.399034e+01 6.180496e+00 0.000000e+00
      vertex   2.397401e+01 1.116573e+00 0.000000e+00
      vertex   2.391429e+01 2.026557e+00 0.000000e+00
    endloop
  endfacet
  facet normal -0.000000e+00 0.000000e+00 1.000000e+00
    outer loop
      vertex   1.399034e+01 6.180496e+00 0.000000e+00
      vertex   2.391429e+01 2.026557e+00 0.000000e+00
      vertex   1.417557e+01 6.306786e+00 0.000000e+00
    endloop
  endfacet
  facet normal 0.000000e+00 0.000000e+00 1.000000e+00
    outer loop
      vertex   1.417557e+01 6.306786e+00 0.000000e+00
      vertex   2.391429e+01 2.026557e+00 0.000000e+00
      vertex   2.382003e+01 2.933615e+00 0.000000e+00
    endloop
  endfacet
  facet normal -0.000000e+00 0.000000e+00 1.000000e+00
    outer loop
      vertex   1.417557e+01 6.306786e+00 0.000000e+00
      vertex   2.382003e+01 2.933615e+00 0.000000e+00
      vertex   1.433992e+01 6.459275e+00 0.000000e+00
    endloop
  endfacet
  facet normal 0.000000e+00 0.000000e+00 1.000000e+00
    outer loop
      vertex   1.433992e+01 6.459275e+00 0.000000e+00
      vertex   2.382003e+01 2.933615e+00 0.000000e+00
      vertex   2.369139e+01 3.836437e+00 0.000000e+00
    endloop
  endfacet
  facet normal 0.000000e+00 0.000000e+00 1.000000e+00
    outer loop
      vertex   1.433992e+01 6.459275e+00 0.000000e+00
      vertex   2.369139e+01 3.836437e+00 0.000000e+00
      vertex   2.352853e+01 4.733720e+00 0.000000e+00
    endloop
  endfacet
  facet normal -0.000000e+00 0.000000e+00 1.000000e+00
    outer loop
      vertex   1.433992e+01 6.459275e+00 0.000000e+00
      vertex   2.352853e+01 4.733720e+00 0.000000e+00
      vertex   1.447970e+01 6.634554e+00 0.000000e+00
    endloop
  endfacet
  facet normal 0.000000e+00 0.000000e+00 1.000000e+00
    outer loop
      vertex   1.447970e+01 6.634554e+00 0.000000e+00
      vertex   2.352853e+01 4.733720e+00 0.000000e+00
      vertex   2.333171e+01 5.624169e+00 0.000000e+00
    endloop
  endfacet
  facet normal -0.000000e+00 0.000000e+00 1.000000e+00
    outer loop
      vertex   1.447970e+01 6.634554e+00 0.000000e+00
      vertex   2.333171e+01 5.624169e+00 0.000000e+00
      vertex   1.459179e+01 6.828708e+00 0.000000e+00
    endloop
  endfacet
  facet normal 0.000000e+00 0.000000e+00 1.000000e+00
    outer loop
      vertex   1.459179e+01 6.828708e+00 0.000000e+00
      vertex   2.333171e+01 5.624169e+00 0.000000e+00
      vertex   2.310120e+01 6.506497e+00 0.000000e+00
    endloop
  endfacet
  facet normal -0.000000e+00 0.000000e+00 1.000000e+00
    outer loop
      vertex   1.459179e+01 6.828708e+00 0.000000e+00
      vertex   2.310120e+01 6.506497e+00 0.000000e+00
      vertex   1.467370e+01 7.037401e+00 0.000000e+00
    endloop
  endfacet
  facet normal -0.000000e+00 0.000000e+00 1.000000e+00
    outer loop
      vertex   1.467370e+01 7.037401e+00 0.000000e+00
      vertex   2.310120e+01 6.506497e+00 0.000000e+00
      vertex   2.283734e+01 7.379431e+00 0.000000e+00
    endloop
  endfacet
  facet normal 0.000000e+00 0.000000e+00 1.000000e+00
    outer loop
      vertex   1.467370e+01 7.037401e+00 0.000000e+00
      vertex   2.283734e+01 7.379431e+00 0.000000e+00
      vertex   1.472359e+01 7.255970e+00 0.000000e+00
    endloop
  endfacet
  facet normal 0.000000e+00 0.000000e+00 1.000000e+00
    outer loop
      vertex   1.472359e+01 7.255970e+00 0.000000e+00
      vertex   2.283734e+01 7.379431e+00 0.000000e+00
      vertex   2.254050e+01 8.241711e+00 0.000000e+00
    endloop
  endfacet
  facet normal 0.000000e+00 0.000000e+00 1.000000e+00
    outer loop
      vertex   1.472359e+01 7.255970e+00 0.000000e+00
      vertex   2.254050e+01 8.241711e+00 0.000000e+00
      vertex   1.474034e+01 7.479534e+00 0.000000e+00
    endloop
  endfacet
  facet normal 0.000000e+00 0.000000e+00 1.000000e+00
    outer loop
      vertex   1.474034e+01 7.479534e+00 0.000000e+00
      vertex   2.254050e+01 8.241711e+00 0.000000e+00
      vertex   2.221112e+01 9.092091e+00 0.000000e+00
    endloop
  endfacet
  facet normal 0.000000e+00 -0.000000e+00 1.000000e+00
    outer loop
      vertex   1.474034e+01 7.479534e+00 0.000000e+00
      vertex   2.221112e+01 9.092091e+00 0.000000e+00
      vertex   1.472359e+01 7.703097e+00 0.000000e+00
    endloop
  endfacet
  facet normal 0.000000e+00 -0.000000e+00 1.000000e+00
    outer loop
      vertex   1.472359e+01 7.703097e+00 0.000000e+00
      vertex   2.221112e+01 9.092091e+00 0.000000e+00
      vertex   1.467370e+01 7.921666e+00 0.000000e+00
    endloop
  endfacet
  facet normal 0.000000e+00 -0.000000e+00 1.000000e+00
    outer loop
      vertex   1.467370e+01 7.921666e+00 0.000000e+00
      vertex   2.221112e+01 9.092091e+00 0.000000e+00
      vertex   1.459179e+01 8.130359e+00 0.000000e+00
    endloop
  endfacet
  facet normal 0.000000e+00 -0.000000e+00 1.000000e+00
    outer loop
      vertex   1.459179e+01 8.130359e+00 0.000000e+00
      vertex   2.221112e+01 9.092091e+00 0.000000e+00
      vertex   1.447970e+01 8.324514e+00 0.000000e+00
    endloop
  endfacet
  facet normal 0.000000e+00 -0.000000e+00 1.000000e+00
    outer loop
      vertex   1.447970e+01 8.324514e+00 0.000000e+00
      vertex   2.221112e+01 9.092091e+00 0.000000e+00
      vertex   1.433992e+01 8.499793e+00 0.000000e+00
    endloop
  endfacet
  facet normal 0.000000e+00 -0.000000e+00 1.000000e+00
    outer loop
      vertex   1.433992e+01 8.499793e+00 0.000000e+00
      vertex   2.221112e+01 9.092091e+00 0.000000e+00
      vertex   1.417557e+01 8.652281e+00 0.000000e+00
    endloop
  endfacet
  facet normal 0.000000e+00 -0.000000e+00 1.000000e+00
    outer loop
      vertex   1.417557e+01 8.652281e+00 0.000000e+00
      vertex   2.221112e+01 9.092091e+00 0.000000e+00
      vertex   1.399034e+01 8.778572e+00 0.000000e+00
    endloop
  endfacet
  facet normal 0.000000e+00 -0.000000e+00 1.000000e+00
    outer loop
      vertex   1.399034e+01 8.778572e+00 0.000000e+00
      vertex   2.221112e+01 9.092091e+00 0.000000e+00
      vertex   1.378835e+01 8.875844e+00 0.000000e+00
    endloop
  endfacet
  facet normal 0.000000e+00 -0.000000e+00 1.000000e+00
    outer loop
      vertex   1.378835e+01 8.875844e+00 0.000000e+00
      vertex   2.221112e+01 9.092091e+00 0.000000e+00
      vertex   1.357412e+01 8.941926e+00 0.000000e+00
    endloop
  endfacet
  facet normal 0.000000e+00 -0.000000e+00 1.000000e+00
    outer loop
      vertex   1.357412e+01 8.941926e+00 0.000000e+00
      vertex   2.221112e+01 9.092091e+00 0.000000e+00
      vertex   1.335243e+01 8.975339e+00 0.000000e+00
    endloop
  endfacet
  facet normal 0.000000e+00 0.000000e+00 1.000000e+00
    outer loop
      vertex   1.335243e+01 8.975339e+00 0.000000e+00
      vertex   2.221112e+01 9.092091e+00 0.000000e+00
      vertex   2.184967e+01 9.929344e+00 0.000000e+00
    endloop
  endfacet
  facet normal 0.000000e+00 0.000000e+00 1.000000e+00
    outer loop
      vertex   1.335243e+01 8.975339e+00 0.000000e+00
      vertex   2.184967e+01 9.929344e+00 0.000000e+00
      vertex   2.145667e+01 1.075226e+01 0.000000e+00
    endloop
  endfacet
  facet normal 0.000000e+00 0.000000e+00 1.000000e+00
    outer loop
      vertex   2.145667e+01 1.075226e+01 0.000000e+00
      vertex   2.103270e+01 1.155965e+01 0.000000e+00
      vertex   1.335243e+01 8.975339e+00 0.000000e+00
    endloop
  endfacet
  facet normal 0.000000e+00 0.000000e+00 1.000000e+00
    outer loop
      vertex   1.335243e+01 8.975339e+00 0.000000e+00
      vertex   2.103270e+01 1.155965e+01 0.000000e+00
      vertex   2.057836e+01 1.235036e+01 0.000000e+00
    endloop
  endfacet
  facet normal 0.000000e+00 0.000000e+00 1.000000e+00
    outer loop
      vertex   1.335243e+01 8.975339e+00 0.000000e+00
      vertex   2.057836e+01 1.235036e+01 0.000000e+00
      vertex   2.009430e+01 1.312323e+01 0.000000e+00
    endloop
  endfacet
  facet normal 0.000000e+00 0.000000e+00 1.000000e+00
    outer loop
      vertex   2.009430e+01 1.312323e+01 0.000000e+00
      vertex   1.958123e+01 1.387715e+01 0.000000e+00
      vertex   1.335243e+01 8.975339e+00 0.000000e+00
    endloop
  endfacet
  facet normal 0.000000e+00 0.000000e+00 1.000000e+00
    outer loop
      vertex   1.335243e+01 8.975339e+00 0.000000e+00
      vertex   1.958123e+01 1.387715e+01 0.000000e+00
      vertex   1.903990e+01 1.461104e+01 0.000000e+00
    endloop
  endfacet
  facet normal 0.000000e+00 0.000000e+00 1.000000e+00
    outer loop
      vertex   1.335243e+01 8.975339e+00 0.000000e+00
      vertex   1.903990e+01 1.461104e+01 0.000000e+00
      vertex   1.847107e+01 1.532383e+01 0.000000e+00
    endloop
  endfacet
  facet normal 0.000000e+00 0.000000e+00 1.000000e+00
    outer loop
      vertex   1.847107e+01 1.532383e+01 0.000000e+00
      vertex   1.787557e+01 1.601449e+01 0.000000e+00
      vertex   1.335243e+01 8.975339e+00 0.000000e+00
    endloop
  endfacet
  facet normal 0.000000e+00 0.000000e+00 1.000000e+00
    outer loop
      vertex   1.335243e+01 8.975339e+00 0.000000e+00
      vertex   1.787557e+01 1.601449e+01 0.000000e+00
      vertex   1.725426e+01 1.668204e+01 0.000000e+00
    endloop
  endfacet
  facet normal 0.000000e+00 0.000000e+00 1.000000e+00
    outer loop
      vertex   1.335243e+01 8.975339e+00 0.000000e+00
      vertex   1.725426e+01 1.668204e+01 0.000000e+00
      vertex   1.660804e+01 1.732550e+01 0.000000e+00
    endloop
  endfacet
  facet normal 0.000000e+00 -0.000000e+00 1.000000e+00
    outer loop
      vertex   1.335243e+01 8.975339e+00 0.000000e+00
      vertex   1.660804e+01 1.732550e+01 0.000000e+00
      vertex   1.312824e+01 8.975339e+00 0.000000e+00
    endloop
  endfacet
  facet normal 0.000000e+00 0.000000e+00 1.000000e+00
    outer loop
      vertex   1.312824e+01 8.975339e+00 0.000000e+00
      vertex   1.660804e+01 1.732550e+01 0.000000e+00
      vertex   1.593785e+01 1.794394e+01 0.000000e+00
    endloop
  endfacet
  facet normal 0.000000e+00 -0.000000e+00 1.000000e+00
    outer loop
      vertex   1.312824e+01 8.975339e+00 0.000000e+00
      vertex   1.593785e+01 1.794394e+01 0.000000e+00
      vertex   1.290656e+01 8.941926e+00 0.000000e+00
    endloop
  endfacet
  facet normal 0.000000e+00 0.000000e+00 1.000000e+00
    outer loop
      vertex   1.290656e+01 8.941926e+00 0.000000e+00
      vertex   1.593785e+01 1.794394e+01 0.000000e+00
      vertex   1.524464e+01 1.853648e+01 0.000000e+00
    endloop
  endfacet
  facet normal 0.000000e+00 0.000000e+00 1.000000e+00
    outer loop
      vertex   1.924194e+00 2.392274e+01 0.000000e+00
      vertex   1.013963e+00 2.397857e+01 0.000000e+00
      vertex   -2.971621e+00 1.693587e+01 0.000000e+00
    endloop
  endfacet
  facet normal 0.000000e+00 0.000000e+00 1.000000e+00
    outer loop
      vertex   -2.971621e+00 1.693587e+01 0.000000e+00
      vertex   1.013963e+00 2.397857e+01 0.000000e+00
      vertex   1.022674e-01 2.399978e+01 0.000000e+00
    endloop
  endfacet
  facet normal 0.000000e+00 0.000000e+00 1.000000e+00
    outer loop
      vertex   -2.971621e+00 1.693587e+01 0.000000e+00
      vertex   1.022674e-01 2.399978e+01 0.000000e+00
      vertex   -8.095754e-01 2.398634e+01 0.000000e+00
    endloop
  endfacet
  facet normal 0.000000e+00 0.000000e+00 1.000000e+00
    outer loop
      vertex   -8.095754e-01 2.398634e+01 0.000000e+00
      vertex   -1.720249e+00 2.393827e+01 0.000000e+00
      vertex   -2.971621e+00 1.693587e+01 0.000000e+00
    endloop
  endfacet
  facet normal 0.000000e+00 0.000000e+00 1.000000e+00
    outer loop
      vertex   -2.971621e+00 1.693587e+01 0.000000e+00
      vertex   -1.720249e+00 2.393827e+01 0.000000e+00
      vertex   -2.628439e+00 2.385563e+01 0.000000e+00
    endloop
  endfacet
  facet normal 0.000000e+00 -0.000000e+00 1.000000e+00
    outer loop
      vertex   -2.971621e+00 1.693587e+01 0.000000e+00
      vertex   -2.628439e+00 2.385563e+01 0.000000e+00
      vertex   -3.532835e+00 2.373856e+01 0.000000e+00
    endloop
  endfacet
  facet normal 0.000000e+00 0.000000e+00 1.000000e+00
    outer loop
      vertex   -3.532835e+00 2.373856e+01 0.000000e+00
      vertex   -4.432129e+00 2.358720e+01 0.000000e+00
      vertex   -2.971621e+00 1.693587e+01 0.000000e+00
    endloop
  endfacet
  facet normal 0.000000e+00 0.000000e+00 1.000000e+00
    outer loop
      vertex   -2.971621e+00 1.693587e+01 0.000000e+00
      vertex   -4.432129e+00 2.358720e+01 0.000000e+00
      vertex   -5.325024e+00 2.340180e+01 0.000000e+00
    endloop
  endfacet
  facet normal 0.000000e+00 0.000000e+00 -1.000000e+00
    outer loop
      vertex   -3.900000e+01 1.396931e+01 -2.000000e+01
      vertex   -5.571125e+00 2.231507e+01 -2.000000e+01
      vertex   -3.900000e+01 3.750000e+00 -2.000000e+01
    endloop
  endfacet
  facet normal 0.000000e+00 0.000000e+00 -1.000000e+00
    outer loop
      vertex   -3.900000e+01 3.750000e+00 -2.000000e+01
      vertex   -5.571125e+00 2.231507e+01 -2.000000e+01
      vertex   2.289053e+01 2.241352e+00 -2.000000e+01
    endloop
  endfacet
  facet normal 0.000000e+00 0.000000e+00 -1.000000e+00
    outer loop
      vertex   -3.900000e+01 3.750000e+00 -2.000000e+01
      vertex   2.289053e+01 2.241352e+00 -2.000000e+01
      vertex   2.296057e+01 1.346179e+00 -2.000000e+01
    endloop
  endfacet
  facet normal 0.000000e+00 -0.000000e+00 -1.000000e+00
    outer loop
      vertex   -4.695876e+00 2.251552e+01 -2.000000e+01
      vertex   5.105607e+00 2.242616e+01 -2.000000e+01
      vertex   -5.571125e+00 2.231507e+01 -2.000000e+01
    endloop
  endfacet
  facet normal 0.000000e+00 0.000000e+00 -1.000000e+00
    outer loop
      vertex   -5.571125e+00 2.231507e+01 -2.000000e+01
      vertex   5.105607e+00 2.242616e+01 -2.000000e+01
      vertex   5.977056e+00 2.220979e+01 -2.000000e+01
    endloop
  endfacet
  facet normal 0.000000e+00 0.000000e+00 -1.000000e+00
    outer loop
      vertex   -5.571125e+00 2.231507e+01 -2.000000e+01
      vertex   5.977056e+00 2.220979e+01 -2.000000e+01
      vertex   6.839395e+00 2.195957e+01 -2.000000e+01
    endloop
  endfacet
  facet normal 0.000000e+00 0.000000e+00 -1.000000e+00
    outer loop
      vertex   5.105607e+00 2.242616e+01 -2.000000e+01
      vertex   -4.695876e+00 2.251552e+01 -2.000000e+01
      vertex   4.226376e+00 2.260836e+01 -2.000000e+01
    endloop
  endfacet
  facet normal -0.000000e+00 0.000000e+00 -1.000000e+00
    outer loop
      vertex   4.226376e+00 2.260836e+01 -2.000000e+01
      vertex   -4.695876e+00 2.251552e+01 -2.000000e+01
      vertex   -3.813470e+00 2.268165e+01 -2.000000e+01
    endloop
  endfacet
  facet normal 0.000000e+00 0.000000e+00 -1.000000e+00
    outer loop
      vertex   4.226376e+00 2.260836e+01 -2.000000e+01
      vertex   -3.813470e+00 2.268165e+01 -2.000000e+01
      vertex   3.340705e+00 2.275609e+01 -2.000000e+01
    endloop
  endfacet
  facet normal -0.000000e+00 0.000000e+00 -1.000000e+00
    outer loop
      vertex   3.340705e+00 2.275609e+01 -2.000000e+01
      vertex   -3.813470e+00 2.268165e+01 -2.000000e+01
      vertex   -2.925252e+00 2.281322e+01 -2.000000e+01
    endloop
  endfacet
  facet normal 0.000000e+00 0.000000e+00 -1.000000e+00
    outer loop
      vertex   3.340705e+00 2.275609e+01 -2.000000e+01
      vertex   -2.925252e+00 2.281322e+01 -2.000000e+01
      vertex   2.449942e+00 2.286914e+01 -2.000000e+01
    endloop
  endfacet
  facet normal -0.000000e+00 0.000000e+00 -1.000000e+00
    outer loop
      vertex   2.449942e+00 2.286914e+01 -2.000000e+01
      vertex   -2.925252e+00 2.281322e+01 -2.000000e+01
      vertex   -2.032576e+00 2.291001e+01 -2.000000e+01
    endloop
  endfacet
  facet normal 0.000000e+00 0.000000e+00 -1.000000e+00
    outer loop
      vertex   2.449942e+00 2.286914e+01 -2.000000e+01
      vertex   -2.032576e+00 2.291001e+01 -2.000000e+01
      vertex   1.555444e+00 2.294734e+01 -2.000000e+01
    endloop
  endfacet
  facet normal -0.000000e+00 0.000000e+00 -1.000000e+00
    outer loop
      vertex   1.555444e+00 2.294734e+01 -2.000000e+01
      vertex   -2.032576e+00 2.291001e+01 -2.000000e+01
      vertex   -1.136801e+00 2.297189e+01 -2.000000e+01
    endloop
  endfacet
  facet normal 0.000000e+00 0.000000e+00 -1.000000e+00
    outer loop
      vertex   1.555444e+00 2.294734e+01 -2.000000e+01
      vertex   -1.136801e+00 2.297189e+01 -2.000000e+01
      vertex   6.585767e-01 2.299057e+01 -2.000000e+01
    endloop
  endfacet
  facet normal -0.000000e+00 0.000000e+00 -1.000000e+00
    outer loop
      vertex   6.585767e-01 2.299057e+01 -2.000000e+01
      vertex   -1.136801e+00 2.297189e+01 -2.000000e+01
      vertex   -2.392947e-01 2.299876e+01 -2.000000e+01
    endloop
  endfacet
  facet normal -0.000000e+00 -0.000000e+00 -1.000000e+00
    outer loop
      vertex   6.839395e+00 2.195957e+01 -2.000000e+01
      vertex   7.691311e+00 2.167588e+01 -2.000000e+01
      vertex   -5.571125e+00 2.231507e+01 -2.000000e+01
    endloop
  endfacet
  facet normal 0.000000e+00 0.000000e+00 -1.000000e+00
    outer loop
      vertex   -5.571125e+00 2.231507e+01 -2.000000e+01
      vertex   7.691311e+00 2.167588e+01 -2.000000e+01
      vertex   8.531504e+00 2.135915e+01 -2.000000e+01
    endloop
  endfacet
  facet normal 0.000000e+00 0.000000e+00 -1.000000e+00
    outer loop
      vertex   -5.571125e+00 2.231507e+01 -2.000000e+01
      vertex   8.531504e+00 2.135915e+01 -2.000000e+01
      vertex   9.358695e+00 2.100987e+01 -2.000000e+01
    endloop
  endfacet
  facet normal -0.000000e+00 -0.000000e+00 -1.000000e+00
    outer loop
      vertex   9.358695e+00 2.100987e+01 -2.000000e+01
      vertex   1.017162e+01 2.062857e+01 -2.000000e+01
      vertex   -5.571125e+00 2.231507e+01 -2.000000e+01
    endloop
  endfacet
  facet normal 0.000000e+00 0.000000e+00 -1.000000e+00
    outer loop
      vertex   -5.571125e+00 2.231507e+01 -2.000000e+01
      vertex   1.017162e+01 2.062857e+01 -2.000000e+01
      vertex   1.096905e+01 2.021584e+01 -2.000000e+01
    endloop
  endfacet
  facet normal 0.000000e+00 0.000000e+00 -1.000000e+00
    outer loop
      vertex   -5.571125e+00 2.231507e+01 -2.000000e+01
      vertex   1.096905e+01 2.021584e+01 -2.000000e+01
      vertex   1.174975e+01 1.977229e+01 -2.000000e+01
    endloop
  endfacet
  facet normal -0.000000e+00 -0.000000e+00 -1.000000e+00
    outer loop
      vertex   1.174975e+01 1.977229e+01 -2.000000e+01
      vertex   1.251255e+01 1.929860e+01 -2.000000e+01
      vertex   -5.571125e+00 2.231507e+01 -2.000000e+01
    endloop
  endfacet
  facet normal 0.000000e+00 0.000000e+00 -1.000000e+00
    outer loop
      vertex   -5.571125e+00 2.231507e+01 -2.000000e+01
      vertex   1.251255e+01 1.929860e+01 -2.000000e+01
      vertex   1.325628e+01 1.879550e+01 -2.000000e+01
    endloop
  endfacet
  facet normal 0.000000e+00 0.000000e+00 -1.000000e+00
    outer loop
      vertex   -5.571125e+00 2.231507e+01 -2.000000e+01
      vertex   1.325628e+01 1.879550e+01 -2.000000e+01
      vertex   1.397981e+01 1.826376e+01 -2.000000e+01
    endloop
  endfacet
  facet normal -0.000000e+00 -0.000000e+00 -1.000000e+00
    outer loop
      vertex   1.397981e+01 1.826376e+01 -2.000000e+01
      vertex   1.468203e+01 1.770418e+01 -2.000000e+01
      vertex   -5.571125e+00 2.231507e+01 -2.000000e+01
    endloop
  endfacet
  facet normal 0.000000e+00 0.000000e+00 -1.000000e+00
    outer loop
      vertex   -5.571125e+00 2.231507e+01 -2.000000e+01
      vertex   1.468203e+01 1.770418e+01 -2.000000e+01
      vertex   1.536187e+01 1.711762e+01 -2.000000e+01
    endloop
  endfacet
  facet normal 0.000000e+00 0.000000e+00 -1.000000e+00
    outer loop
      vertex   -5.571125e+00 2.231507e+01 -2.000000e+01
      vertex   1.536187e+01 1.711762e+01 -2.000000e+01
      vertex   1.601830e+01 1.650497e+01 -2.000000e+01
    endloop
  endfacet
  facet normal -0.000000e+00 -0.000000e+00 -1.000000e+00
    outer loop
      vertex   1.601830e+01 1.650497e+01 -2.000000e+01
      vertex   1.665032e+01 1.586717e+01 -2.000000e+01
      vertex   -5.571125e+00 2.231507e+01 -2.000000e+01
    endloop
  endfacet
  facet normal 0.000000e+00 0.000000e+00 -1.000000e+00
    outer loop
      vertex   -5.571125e+00 2.231507e+01 -2.000000e+01
      vertex   1.665032e+01 1.586717e+01 -2.000000e+01
      vertex   1.725696e+01 1.520518e+01 -2.000000e+01
    endloop
  endfacet
  facet normal 0.000000e+00 0.000000e+00 -1.000000e+00
    outer loop
      vertex   -5.571125e+00 2.231507e+01 -2.000000e+01
      vertex   1.725696e+01 1.520518e+01 -2.000000e+01
      vertex   1.783730e+01 1.452002e+01 -2.000000e+01
    endloop
  endfacet
  facet normal -0.000000e+00 -0.000000e+00 -1.000000e+00
    outer loop
      vertex   1.783730e+01 1.452002e+01 -2.000000e+01
      vertex   1.839045e+01 1.381272e+01 -2.000000e+01
      vertex   -5.571125e+00 2.231507e+01 -2.000000e+01
    endloop
  endfacet
  facet normal 0.000000e+00 0.000000e+00 -1.000000e+00
    outer loop
      vertex   -5.571125e+00 2.231507e+01 -2.000000e+01
      vertex   1.839045e+01 1.381272e+01 -2.000000e+01
      vertex   1.891557e+01 1.308438e+01 -2.000000e+01
    endloop
  endfacet
  facet normal 0.000000e+00 0.000000e+00 -1.000000e+00
    outer loop
      vertex   -5.571125e+00 2.231507e+01 -2.000000e+01
      vertex   1.891557e+01 1.308438e+01 -2.000000e+01
      vertex   1.941187e+01 1.233610e+01 -2.000000e+01
    endloop
  endfacet
  facet normal -0.000000e+00 -0.000000e+00 -1.000000e+00
    outer loop
      vertex   1.941187e+01 1.233610e+01 -2.000000e+01
      vertex   1.987858e+01 1.156901e+01 -2.000000e+01
      vertex   -5.571125e+00 2.231507e+01 -2.000000e+01
    endloop
  endfacet
  facet normal 0.000000e+00 0.000000e+00 -1.000000e+00
    outer loop
      vertex   -5.571125e+00 2.231507e+01 -2.000000e+01
      vertex   1.987858e+01 1.156901e+01 -2.000000e+01
      vertex   2.031500e+01 1.078429e+01 -2.000000e+01
    endloop
  endfacet
  facet normal 0.000000e+00 0.000000e+00 -1.000000e+00
    outer loop
      vertex   -5.571125e+00 2.231507e+01 -2.000000e+01
      vertex   2.031500e+01 1.078429e+01 -2.000000e+01
      vertex   2.072045e+01 9.983138e+00 -2.000000e+01
    endloop
  endfacet
  facet normal -0.000000e+00 -0.000000e+00 -1.000000e+00
    outer loop
      vertex   2.072045e+01 9.983138e+00 -2.000000e+01
      vertex   2.109432e+01 9.166768e+00 -2.000000e+01
      vertex   -5.571125e+00 2.231507e+01 -2.000000e+01
    endloop
  endfacet
  facet normal 0.000000e+00 0.000000e+00 -1.000000e+00
    outer loop
      vertex   -5.571125e+00 2.231507e+01 -2.000000e+01
      vertex   2.109432e+01 9.166768e+00 -2.000000e+01
      vertex   2.143604e+01 8.336427e+00 -2.000000e+01
    endloop
  endfacet
  facet normal 0.000000e+00 0.000000e+00 -1.000000e+00
    outer loop
      vertex   -5.571125e+00 2.231507e+01 -2.000000e+01
      vertex   2.143604e+01 8.336427e+00 -2.000000e+01
      vertex   2.174510e+01 7.493382e+00 -2.000000e+01
    endloop
  endfacet
  facet normal -0.000000e+00 -0.000000e+00 -1.000000e+00
    outer loop
      vertex   2.174510e+01 7.493382e+00 -2.000000e+01
      vertex   2.202101e+01 6.638915e+00 -2.000000e+01
      vertex   -5.571125e+00 2.231507e+01 -2.000000e+01
    endloop
  endfacet
  facet normal 0.000000e+00 0.000000e+00 -1.000000e+00
    outer loop
      vertex   -5.571125e+00 2.231507e+01 -2.000000e+01
      vertex   2.202101e+01 6.638915e+00 -2.000000e+01
      vertex   2.226336e+01 5.774330e+00 -2.000000e+01
    endloop
  endfacet
  facet normal 0.000000e+00 0.000000e+00 -1.000000e+00
    outer loop
      vertex   -5.571125e+00 2.231507e+01 -2.000000e+01
      vertex   2.226336e+01 5.774330e+00 -2.000000e+01
      vertex   2.247178e+01 4.900945e+00 -2.000000e+01
    endloop
  endfacet
  facet normal -0.000000e+00 -0.000000e+00 -1.000000e+00
    outer loop
      vertex   2.247178e+01 4.900945e+00 -2.000000e+01
      vertex   2.264595e+01 4.020090e+00 -2.000000e+01
      vertex   -5.571125e+00 2.231507e+01 -2.000000e+01
    endloop
  endfacet
  facet normal 0.000000e+00 0.000000e+00 -1.000000e+00
    outer loop
      vertex   -5.571125e+00 2.231507e+01 -2.000000e+01
      vertex   2.264595e+01 4.020090e+00 -2.000000e+01
      vertex   2.278560e+01 3.133109e+00 -2.000000e+01
    endloop
  endfacet
  facet normal 0.000000e+00 0.000000e+00 -1.000000e+00
    outer loop
      vertex   -5.571125e+00 2.231507e+01 -2.000000e+01
      vertex   2.278560e+01 3.133109e+00 -2.000000e+01
      vertex   2.289053e+01 2.241352e+00 -2.000000e+01
    endloop
  endfacet
  facet normal -0.000000e+00 -0.000000e+00 -1.000000e+00
    outer loop
      vertex   2.296057e+01 1.346179e+00 -2.000000e+01
      vertex   2.299562e+01 4.489544e-01 -2.000000e+01
      vertex   -3.900000e+01 3.750000e+00 -2.000000e+01
    endloop
  endfacet
  facet normal 0.000000e+00 0.000000e+00 -1.000000e+00
    outer loop
      vertex   -3.900000e+01 3.750000e+00 -2.000000e+01
      vertex   2.299562e+01 4.489544e-01 -2.000000e+01
      vertex   -3.900000e+01 -3.750000e+00 -2.000000e+01
    endloop
  endfacet
  facet normal -0.000000e+00 -0.000000e+00 -1.000000e+00
    outer loop
      vertex   -3.900000e+01 3.750000e+00 -2.000000e+01
      vertex   -3.900000e+01 -3.750000e+00 -2.000000e+01
      vertex   -4.300000e+01 3.750000e+00 -2.000000e+01
    endloop
  endfacet
  facet normal 0.000000e+00 0.000000e+00 -1.000000e+00
    outer loop
      vertex   -4.300000e+01 3.750000e+00 -2.000000e+01
      vertex   -3.900000e+01 -3.750000e+00 -2.000000e+01
      vertex   -4.300000e+01 -3.750000e+00 -2.000000e+01
    endloop
  endfacet
  facet normal 0.000000e+00 -0.000000e+00 -1.000000e+00
    outer loop
      vertex   2.299562e+01 4.489544e-01 -2.000000e+01
      vertex   2.299562e+01 -4.489544e-01 -2.000000e+01
      vertex   -3.900000e+01 -3.750000e+00 -2.000000e+01
    endloop
  endfacet
  facet normal 0.000000e+00 0.000000e+00 -1.000000e+00
    outer loop
      vertex   -3.900000e+01 -3.750000e+00 -2.000000e+01
      vertex   2.299562e+01 -4.489544e-01 -2.000000e+01
      vertex   2.296057e+01 -1.346179e+00 -2.000000e+01
    endloop
  endfacet
  facet normal 0.000000e+00 0.000000e+00 -1.000000e+00
    outer loop
      vertex   -3.900000e+01 -3.750000e+00 -2.000000e+01
      vertex   2.296057e+01 -1.346179e+00 -2.000000e+01
      vertex   2.289053e+01 -2.241352e+00 -2.000000e+01
    endloop
  endfacet
  facet normal 0.000000e+00 0.000000e+00 -1.000000e+00
    outer loop
      vertex   -3.900000e+01 -3.750000e+00 -2.000000e+01
      vertex   2.289053e+01 -2.241352e+00 -2.000000e+01
      vertex   -5.571125e+00 -2.231507e+01 -2.000000e+01
    endloop
  endfacet
  facet normal 0.000000e+00 0.000000e+00 -1.000000e+00
    outer loop
      vertex   -5.571125e+00 -2.231507e+01 -2.000000e+01
      vertex   2.289053e+01 -2.241352e+00 -2.000000e+01
      vertex   2.278560e+01 -3.133109e+00 -2.000000e+01
    endloop
  endfacet
  facet normal 0.000000e+00 0.000000e+00 -1.000000e+00
    outer loop
      vertex   -5.571125e+00 -2.231507e+01 -2.000000e+01
      vertex   2.278560e+01 -3.133109e+00 -2.000000e+01
      vertex   2.264595e+01 -4.020090e+00 -2.000000e+01
    endloop
  endfacet
  facet normal 0.000000e+00 0.000000e+00 -1.000000e+00
    outer loop
      vertex   2.264595e+01 -4.020090e+00 -2.000000e+01
      vertex   2.247178e+01 -4.900945e+00 -2.000000e+01
      vertex   -5.571125e+00 -2.231507e+01 -2.000000e+01
    endloop
  endfacet
  facet normal 0.000000e+00 0.000000e+00 -1.000000e+00
    outer loop
      vertex   -5.571125e+00 -2.231507e+01 -2.000000e+01
      vertex   2.247178e+01 -4.900945e+00 -2.000000e+01
      vertex   2.226336e+01 -5.774330e+00 -2.000000e+01
    endloop
  endfacet
  facet normal 0.000000e+00 0.000000e+00 -1.000000e+00
    outer loop
      vertex   -5.571125e+00 -2.231507e+01 -2.000000e+01
      vertex   2.226336e+01 -5.774330e+00 -2.000000e+01
      vertex   2.202101e+01 -6.638915e+00 -2.000000e+01
    endloop
  endfacet
  facet normal 0.000000e+00 0.000000e+00 -1.000000e+00
    outer loop
      vertex   2.202101e+01 -6.638915e+00 -2.000000e+01
      vertex   2.174510e+01 -7.493382e+00 -2.000000e+01
      vertex   -5.571125e+00 -2.231507e+01 -2.000000e+01
    endloop
  endfacet
  facet normal 0.000000e+00 0.000000e+00 -1.000000e+00
    outer loop
      vertex   -5.571125e+00 -2.231507e+01 -2.000000e+01
      vertex   2.174510e+01 -7.493382e+00 -2.000000e+01
      vertex   2.143604e+01 -8.336427e+00 -2.000000e+01
    endloop
  endfacet
  facet normal 0.000000e+00 0.000000e+00 -1.000000e+00
    outer loop
      vertex   -5.571125e+00 -2.231507e+01 -2.000000e+01
      vertex   2.143604e+01 -8.336427e+00 -2.000000e+01
      vertex   2.109432e+01 -9.166768e+00 -2.000000e+01
    endloop
  endfacet
  facet normal 0.000000e+00 0.000000e+00 -1.000000e+00
    outer loop
      vertex   2.109432e+01 -9.166768e+00 -2.000000e+01
      vertex   2.072045e+01 -9.983138e+00 -2.000000e+01
      vertex   -5.571125e+00 -2.231507e+01 -2.000000e+01
    endloop
  endfacet
  facet normal 0.000000e+00 0.000000e+00 -1.000000e+00
    outer loop
      vertex   -5.571125e+00 -2.231507e+01 -2.000000e+01
      vertex   2.072045e+01 -9.983138e+00 -2.000000e+01
      vertex   2.031500e+01 -1.078429e+01 -2.000000e+01
    endloop
  endfacet
  facet normal 0.000000e+00 0.000000e+00 -1.000000e+00
    outer loop
      vertex   -5.571125e+00 -2.231507e+01 -2.000000e+01
      vertex   2.031500e+01 -1.078429e+01 -2.000000e+01
      vertex   1.987858e+01 -1.156901e+01 -2.000000e+01
    endloop
  endfacet
  facet normal 0.000000e+00 0.000000e+00 -1.000000e+00
    outer loop
      vertex   1.987858e+01 -1.156901e+01 -2.000000e+01
      vertex   1.941187e+01 -1.233610e+01 -2.000000e+01
      vertex   -5.571125e+00 -2.231507e+01 -2.000000e+01
    endloop
  endfacet
  facet normal 0.000000e+00 0.000000e+00 -1.000000e+00
    outer loop
      vertex   -5.571125e+00 -2.231507e+01 -2.000000e+01
      vertex   1.941187e+01 -1.233610e+01 -2.000000e+01
      vertex   1.891557e+01 -1.308438e+01 -2.000000e+01
    endloop
  endfacet
  facet normal 0.000000e+00 0.000000e+00 -1.000000e+00
    outer loop
      vertex   -5.571125e+00 -2.231507e+01 -2.000000e+01
      vertex   1.891557e+01 -1.308438e+01 -2.000000e+01
      vertex   1.839045e+01 -1.381272e+01 -2.000000e+01
    endloop
  endfacet
  facet normal 0.000000e+00 0.000000e+00 -1.000000e+00
    outer loop
      vertex   1.839045e+01 -1.381272e+01 -2.000000e+01
      vertex   1.783730e+01 -1.452002e+01 -2.000000e+01
      vertex   -5.571125e+00 -2.231507e+01 -2.000000e+01
    endloop
  endfacet
  facet normal 0.000000e+00 0.000000e+00 -1.000000e+00
    outer loop
      vertex   -5.571125e+00 -2.231507e+01 -2.000000e+01
      vertex   1.783730e+01 -1.452002e+01 -2.000000e+01
      vertex   1.725696e+01 -1.520518e+01 -2.000000e+01
    endloop
  endfacet
  facet normal 0.000000e+00 0.000000e+00 -1.000000e+00
    outer loop
      vertex   -5.571125e+00 -2.231507e+01 -2.000000e+01
      vertex   1.725696e+01 -1.520518e+01 -2.000000e+01
      vertex   1.665032e+01 -1.586717e+01 -2.000000e+01
    endloop
  endfacet
  facet normal 0.000000e+00 0.000000e+00 -1.000000e+00
    outer loop
      vertex   1.665032e+01 -1.586717e+01 -2.000000e+01
      vertex   1.601830e+01 -1.650497e+01 -2.000000e+01
      vertex   -5.571125e+00 -2.231507e+01 -2.000000e+01
    endloop
  endfacet
  facet normal 0.000000e+00 0.000000e+00 -1.000000e+00
    outer loop
      vertex   -5.571125e+00 -2.231507e+01 -2.000000e+01
      vertex   1.601830e+01 -1.650497e+01 -2.000000e+01
      vertex   1.536187e+01 -1.711762e+01 -2.000000e+01
    endloop
  endfacet
  facet normal 0.000000e+00 0.000000e+00 -1.000000e+00
    outer loop
      vertex   -5.571125e+00 -2.231507e+01 -2.000000e+01
      vertex   1.536187e+01 -1.711762e+01 -2.000000e+01
      vertex   1.468203e+01 -1.770418e+01 -2.000000e+01
    endloop
  endfacet
  facet normal 0.000000e+00 0.000000e+00 -1.000000e+00
    outer loop
      vertex   1.468203e+01 -1.770418e+01 -2.000000e+01
      vertex   1.397981e+01 -1.826376e+01 -2.000000e+01
      vertex   -5.571125e+00 -2.231507e+01 -2.000000e+01
    endloop
  endfacet
  facet normal 0.000000e+00 0.000000e+00 -1.000000e+00
    outer loop
      vertex   -5.571125e+00 -2.231507e+01 -2.000000e+01
      vertex   1.397981e+01 -1.826376e+01 -2.000000e+01
      vertex   1.325628e+01 -1.879550e+01 -2.000000e+01
    endloop
  endfacet
  facet normal 0.000000e+00 0.000000e+00 -1.000000e+00
    outer loop
      vertex   -5.571125e+00 -2.231507e+01 -2.000000e+01
      vertex   1.325628e+01 -1.879550e+01 -2.000000e+01
      vertex   1.251255e+01 -1.929860e+01 -2.000000e+01
    endloop
  endfacet
  facet normal 0.000000e+00 0.000000e+00 -1.000000e+00
    outer loop
      vertex   1.251255e+01 -1.929860e+01 -2.000000e+01
      vertex   1.174975e+01 -1.977229e+01 -2.000000e+01
      vertex   -5.571125e+00 -2.231507e+01 -2.000000e+01
    endloop
  endfacet
  facet normal 0.000000e+00 0.000000e+00 -1.000000e+00
    outer loop
      vertex   -5.571125e+00 -2.231507e+01 -2.000000e+01
      vertex   1.174975e+01 -1.977229e+01 -2.000000e+01
      vertex   1.096905e+01 -2.021584e+01 -2.000000e+01
    endloop
  endfacet
  facet normal 0.000000e+00 0.000000e+00 -1.000000e+00
    outer loop
      vertex   -5.571125e+00 -2.231507e+01 -2.000000e+01
      vertex   1.096905e+01 -2.021584e+01 -2.000000e+01
      vertex   1.017162e+01 -2.062857e+01 -2.000000e+01
    endloop
  endfacet
  facet normal 0.000000e+00 0.000000e+00 -1.000000e+00
    outer loop
      vertex   1.017162e+01 -2.062857e+01 -2.000000e+01
      vertex   9.358695e+00 -2.100987e+01 -2.000000e+01
      vertex   -5.571125e+00 -2.231507e+01 -2.000000e+01
    endloop
  endfacet
  facet normal 0.000000e+00 0.000000e+00 -1.000000e+00
    outer loop
      vertex   -5.571125e+00 -2.231507e+01 -2.000000e+01
      vertex   9.358695e+00 -2.100987e+01 -2.000000e+01
      vertex   8.531504e+00 -2.135915e+01 -2.000000e+01
    endloop
  endfacet
  facet normal 0.000000e+00 0.000000e+00 -1.000000e+00
    outer loop
      vertex   -5.571125e+00 -2.231507e+01 -2.000000e+01
      vertex   8.531504e+00 -2.135915e+01 -2.000000e+01
      vertex   7.691311e+00 -2.167588e+01 -2.000000e+01
    endloop
  endfacet
  facet normal 0.000000e+00 0.000000e+00 -1.000000e+00
    outer loop
      vertex   7.691311e+00 -2.167588e+01 -2.000000e+01
      vertex   6.839395e+00 -2.195957e+01 -2.000000e+01
      vertex   -5.571125e+00 -2.231507e+01 -2.000000e+01
    endloop
  endfacet
  facet normal 0.000000e+00 0.000000e+00 -1.000000e+00
    outer loop
      vertex   -5.571125e+00 -2.231507e+01 -2.000000e+01
      vertex   6.839395e+00 -2.195957e+01 -2.000000e+01
      vertex   5.977056e+00 -2.220979e+01 -2.000000e+01
    endloop
  endfacet
  facet normal 0.000000e+00 0.000000e+00 -1.000000e+00
    outer loop
      vertex   -5.571125e+00 -2.231507e+01 -2.000000e+01
      vertex   5.977056e+00 -2.220979e+01 -2.000000e+01
      vertex   5.105607e+00 -2.242616e+01 -2.000000e+01
    endloop
  endfacet
  facet normal 0.000000e+00 0.000000e+00 -1.000000e+00
    outer loop
      vertex   -5.571125e+00 -2.231507e+01 -2.000000e+01
      vertex   5.105607e+00 -2.242616e+01 -2.000000e+01
      vertex   -4.695876e+00 -2.251552e+01 -2.000000e+01
    endloop
  endfacet
  facet normal 0.000000e+00 0.000000e+00 -1.000000e+00
    outer loop
      vertex   -4.695876e+00 -2.251552e+01 -2.000000e+01
      vertex   5.105607e+00 -2.242616e+01 -2.000000e+01
      vertex   4.226376e+00 -2.260836e+01 -2.000000e+01
    endloop
  endfacet
  facet normal 0.000000e+00 0.000000e+00 -1.000000e+00
    outer loop
      vertex   -4.695876e+00 -2.251552e+01 -2.000000e+01
      vertex   4.226376e+00 -2.260836e+01 -2.000000e+01
      vertex   -3.813470e+00 -2.268165e+01 -2.000000e+01
    endloop
  endfacet
  facet normal 0.000000e+00 0.000000e+00 -1.000000e+00
    outer loop
      vertex   -3.813470e+00 -2.268165e+01 -2.000000e+01
      vertex   4.226376e+00 -2.260836e+01 -2.000000e+01
      vertex   3.340705e+00 -2.275609e+01 -2.000000e+01
    endloop
  endfacet
  facet normal 0.000000e+00 0.000000e+00 -1.000000e+00
    outer loop
      vertex   -3.813470e+00 -2.268165e+01 -2.000000e+01
      vertex   3.340705e+00 -2.275609e+01 -2.000000e+01
      vertex   -2.925252e+00 -2.281322e+01 -2.000000e+01
    endloop
  endfacet
  facet normal 0.000000e+00 0.000000e+00 -1.000000e+00
    outer loop
      vertex   -2.925252e+00 -2.281322e+01 -2.000000e+01
      vertex   3.340705e+00 -2.275609e+01 -2.000000e+01
      vertex   2.449942e+00 -2.286914e+01 -2.000000e+01
    endloop
  endfacet
  facet normal 0.000000e+00 0.000000e+00 -1.000000e+00
    outer loop
      vertex   -2.925252e+00 -2.281322e+01 -2.000000e+01
      vertex   2.449942e+00 -2.286914e+01 -2.000000e+01
      vertex   -2.032576e+00 -2.291001e+01 -2.000000e+01
    endloop
  endfacet
  facet normal 0.000000e+00 0.000000e+00 -1.000000e+00
    outer loop
      vertex   -2.032576e+00 -2.291001e+01 -2.000000e+01
      vertex   2.449942e+00 -2.286914e+01 -2.000000e+01
      vertex   1.555444e+00 -2.294734e+01 -2.000000e+01
    endloop
  endfacet
  facet normal 0.000000e+00 0.000000e+00 -1.000000e+00
    outer loop
      vertex   -2.032576e+00 -2.291001e+01 -2.000000e+01
      vertex   1.555444e+00 -2.294734e+01 -2.000000e+01
      vertex   -1.136801e+00 -2.297189e+01 -2.000000e+01
    endloop
  endfacet
  facet normal 0.000000e+00 0.000000e+00 -1.000000e+00
    outer loop
      vertex   -1.136801e+00 -2.297189e+01 -2.000000e+01
      vertex   1.555444e+00 -2.294734e+01 -2.000000e+01
      vertex   6.585767e-01 -2.299057e+01 -2.000000e+01
    endloop
  endfacet
  facet normal 0.000000e+00 0.000000e+00 -1.000000e+00
    outer loop
      vertex   -1.136801e+00 -2.297189e+01 -2.000000e+01
      vertex   6.585767e-01 -2.299057e+01 -2.000000e+01
      vertex   -2.392947e-01 -2.299876e+01 -2.000000e+01
    endloop
  endfacet
  facet normal 0.000000e+00 0.000000e+00 -1.000000e+00
    outer loop
      vertex   -5.571125e+00 -2.231507e+01 -2.000000e+01
      vertex   -3.900000e+01 -1.396931e+01 -2.000000e+01
      vertex   -3.900000e+01 -3.750000e+00 -2.000000e+01
    endloop
  endfacet
endsolid
